experiment_id,area,replication_id,target_block_time,dumpfunction,malus_enabled,weight_epoch_length,epoch,epoch_buried,epoch_start_height,epoch_end_height,cluster_head_host,cluster_head_address,esg_miner,tau_miner,n_companies,companies,tau_cluster_sum,c_i_sum,theta_code,theta_thesis,W_k_raw,A_k_alloc,R_k_reconciled,B_k_prev,B_k,rho_k,rho_k_prev,feedback_factor,w_k_recomputed,w_k_int_recomputed,w_k_published,w_k_published_prev,publish_confirm_height,publish_logged_height,publish_logged_weight,recompute_match,implied_W_k_raw_from_published,implied_raw_delta_over_esg_miner,malus_M,psi,w_after_malus,w_effective_g,W_tot_snapshot,share_snapshot,blocks_mined_epoch,blocks_measured_epoch,dumpfunction_effect,malus_trajectory
run5-tbt-2s,regionale,1,2,none,true,12,1,1,0,11,m3,16qEPM3f15FH1SsM8yqz9HJ5nwpP3ba7whwkH4,0.0,0,0,,0,0,0.0,3,0.0,0.0,0.0,0.0,0.0,0.0,,,0.0,1,,,,,,,,,0.0,1.0,,,,,0,0,"not computable: dump-function=none in this run: g(w) = w, no damping to measure",not computable: malus registry empty: M = 0 and Psi = 1 in every epoch (no decay to observe)
run5-tbt-2s,regionale,1,2,none,true,12,1,1,0,11,m2,1DvpzaEbFEQsS6kv3UE1Mkc1XM2xPTJsinfjUr,0.0,0,0,,0,0,0.0,3,0.0,0.0,0.0,0.0,0.0,0.0,,,0.0,1,,,,,,,,,0.0,1.0,,,,,0,0,"not computable: dump-function=none in this run: g(w) = w, no damping to measure",not computable: malus registry empty: M = 0 and Psi = 1 in every epoch (no decay to observe)
run5-tbt-2s,regionale,1,2,none,true,12,1,1,0,11,m1,1akrbuSTPkRMU7ztM65jGiNHd5t7DPrqV7pB8G,0.0,0,0,,0,0,0.0,3,0.0,0.0,0.0,0.0,0.0,0.0,,,0.0,1,,,,,,,,,0.0,1.0,,,,,0,0,"not computable: dump-function=none in this run: g(w) = w, no damping to measure",not computable: malus registry empty: M = 0 and Psi = 1 in every epoch (no decay to observe)
run5-tbt-2s,regionale,1,2,none,true,12,2,1,12,23,m3,16qEPM3f15FH1SsM8yqz9HJ5nwpP3ba7whwkH4,0.0,0,0,,0,0,0.0,0,0.0,0.0,0.0,0.0,0.0,0.0,0.0,0.5,0.0,1,,,,,,,,,0.0,1.0,,,,,0,0,"not computable: dump-function=none in this run: g(w) = w, no damping to measure",not computable: malus registry empty: M = 0 and Psi = 1 in every epoch (no decay to observe)
run5-tbt-2s,regionale,1,2,none,true,12,2,1,12,23,m2,1DvpzaEbFEQsS6kv3UE1Mkc1XM2xPTJsinfjUr,0.0,0,0,,0,0,0.0,0,0.0,0.0,0.0,0.0,0.0,0.0,0.0,0.5,0.0,1,,,,,,,,,0.0,1.0,,,,,0,0,"not computable: dump-function=none in this run: g(w) = w, no damping to measure",not computable: malus registry empty: M = 0 and Psi = 1 in every epoch (no decay to observe)
run5-tbt-2s,regionale,1,2,none,true,12,2,1,12,23,m1,1akrbuSTPkRMU7ztM65jGiNHd5t7DPrqV7pB8G,0.0,0,0,,0,0,0.0,0,0.0,0.0,0.0,0.0,0.0,0.0,0.0,0.5,0.0,1,,,,,,,,,0.0,1.0,,,,,0,0,"not computable: dump-function=none in this run: g(w) = w, no damping to measure",not computable: malus registry empty: M = 0 and Psi = 1 in every epoch (no decay to observe)
run5-tbt-2s,regionale,1,2,none,true,12,3,1,24,35,m3,16qEPM3f15FH1SsM8yqz9HJ5nwpP3ba7whwkH4,0.0,0,0,,0,0,0.0,39,0.0,0.0,0.0,0.0,0.0,0.0,0.0,0.5,0.0,1,,,,,,,,,0.0,1.0,,,,,0,0,"not computable: dump-function=none in this run: g(w) = w, no damping to measure",not computable: malus registry empty: M = 0 and Psi = 1 in every epoch (no decay to observe)
run5-tbt-2s,regionale,1,2,none,true,12,3,1,24,35,m2,1DvpzaEbFEQsS6kv3UE1Mkc1XM2xPTJsinfjUr,0.0,0,0,,0,0,0.0,39,0.0,0.0,0.0,0.0,0.0,0.0,0.0,0.5,0.0,1,,,,,,,,,0.0,1.0,,,,,0,0,"not computable: dump-function=none in this run: g(w) = w, no damping to measure",not computable: malus registry empty: M = 0 and Psi = 1 in every epoch (no decay to observe)
run5-tbt-2s,regionale,1,2,none,true,12,3,1,24,35,m1,1akrbuSTPkRMU7ztM65jGiNHd5t7DPrqV7pB8G,0.0,0,0,,0,0,0.0,39,0.0,0.0,0.0,0.0,0.0,0.0,0.0,0.5,0.0,1,,,,,,,,,0.0,1.0,,,,,0,0,"not computable: dump-function=none in this run: g(w) = w, no damping to measure",not computable: malus registry empty: M = 0 and Psi = 1 in every epoch (no decay to observe)
run5-tbt-2s,regionale,1,2,none,true,12,4,1,36,47,m3,16qEPM3f15FH1SsM8yqz9HJ5nwpP3ba7whwkH4,0.0,0,0,,0,0,0.0,0,0.0,0.0,0.0,0.0,0.0,0.0,0.0,0.5,0.0,1,,,,,,,,,0.0,1.0,,,,,0,0,"not computable: dump-function=none in this run: g(w) = w, no damping to measure",not computable: malus registry empty: M = 0 and Psi = 1 in every epoch (no decay to observe)
run5-tbt-2s,regionale,1,2,none,true,12,4,1,36,47,m2,1DvpzaEbFEQsS6kv3UE1Mkc1XM2xPTJsinfjUr,0.0,0,0,,0,0,0.0,0,0.0,0.0,0.0,0.0,0.0,0.0,0.0,0.5,0.0,1,,,,,,,,,0.0,1.0,,,,,0,0,"not computable: dump-function=none in this run: g(w) = w, no damping to measure",not computable: malus registry empty: M = 0 and Psi = 1 in every epoch (no decay to observe)
run5-tbt-2s,regionale,1,2,none,true,12,4,1,36,47,m1,1akrbuSTPkRMU7ztM65jGiNHd5t7DPrqV7pB8G,0.0,0,0,,0,0,0.0,0,0.0,0.0,0.0,0.0,0.0,0.0,0.0,0.5,0.0,1,,,,,,,,,0.0,1.0,,,,,0,0,"not computable: dump-function=none in this run: g(w) = w, no damping to measure",not computable: malus registry empty: M = 0 and Psi = 1 in every epoch (no decay to observe)
run5-tbt-2s,regionale,1,2,none,true,12,5,1,48,59,m3,16qEPM3f15FH1SsM8yqz9HJ5nwpP3ba7whwkH4,0.0,0,0,,0,0,0.0,0,0.0,0.0,0.0,0.0,0.0,0.0,0.0,0.5,0.0,1,,,,,,,,,0.0,1.0,,,,,0,0,"not computable: dump-function=none in this run: g(w) = w, no damping to measure",not computable: malus registry empty: M = 0 and Psi = 1 in every epoch (no decay to observe)
run5-tbt-2s,regionale,1,2,none,true,12,5,1,48,59,m2,1DvpzaEbFEQsS6kv3UE1Mkc1XM2xPTJsinfjUr,0.0,0,0,,0,0,0.0,0,0.0,0.0,0.0,0.0,0.0,0.0,0.0,0.5,0.0,1,,,,,,,,,0.0,1.0,,,,,0,0,"not computable: dump-function=none in this run: g(w) = w, no damping to measure",not computable: malus registry empty: M = 0 and Psi = 1 in every epoch (no decay to observe)
run5-tbt-2s,regionale,1,2,none,true,12,5,1,48,59,m1,1akrbuSTPkRMU7ztM65jGiNHd5t7DPrqV7pB8G,0.0,0,0,,0,0,0.0,0,0.0,0.0,0.0,0.0,0.0,0.0,0.0,0.5,0.0,1,,,,,,,,,0.0,1.0,,,,,0,0,"not computable: dump-function=none in this run: g(w) = w, no damping to measure",not computable: malus registry empty: M = 0 and Psi = 1 in every epoch (no decay to observe)
run5-tbt-2s,regionale,1,2,none,true,12,6,1,60,71,m3,16qEPM3f15FH1SsM8yqz9HJ5nwpP3ba7whwkH4,0.0,0,0,,0,0,0.0,0,0.0,0.0,0.0,0.0,0.0,0.0,0.0,0.5,0.0,1,,,,,,,,,0.0,1.0,,,,,0,0,"not computable: dump-function=none in this run: g(w) = w, no damping to measure",not computable: malus registry empty: M = 0 and Psi = 1 in every epoch (no decay to observe)
run5-tbt-2s,regionale,1,2,none,true,12,6,1,60,71,m2,1DvpzaEbFEQsS6kv3UE1Mkc1XM2xPTJsinfjUr,0.0,0,0,,0,0,0.0,0,0.0,0.0,0.0,0.0,0.0,0.0,0.0,0.5,0.0,1,,,,,,,,,0.0,1.0,,,,,0,0,"not computable: dump-function=none in this run: g(w) = w, no damping to measure",not computable: malus registry empty: M = 0 and Psi = 1 in every epoch (no decay to observe)
run5-tbt-2s,regionale,1,2,none,true,12,6,1,60,71,m1,1akrbuSTPkRMU7ztM65jGiNHd5t7DPrqV7pB8G,0.0,0,0,,0,0,0.0,0,0.0,0.0,0.0,0.0,0.0,0.0,0.0,0.5,0.0,1,,,,,,,,,0.0,1.0,,,,,0,0,"not computable: dump-function=none in this run: g(w) = w, no damping to measure",not computable: malus registry empty: M = 0 and Psi = 1 in every epoch (no decay to observe)
run5-tbt-2s,regionale,1,2,none,true,12,7,1,72,83,m3,16qEPM3f15FH1SsM8yqz9HJ5nwpP3ba7whwkH4,0.0,0,0,,0,0,0.0,0,0.0,0.0,0.0,0.0,0.0,0.0,0.0,0.5,0.0,1,,,,,,,,,0.0,1.0,,,,,0,0,"not computable: dump-function=none in this run: g(w) = w, no damping to measure",not computable: malus registry empty: M = 0 and Psi = 1 in every epoch (no decay to observe)
run5-tbt-2s,regionale,1,2,none,true,12,7,1,72,83,m2,1DvpzaEbFEQsS6kv3UE1Mkc1XM2xPTJsinfjUr,0.0,0,0,,0,0,0.0,0,0.0,0.0,0.0,0.0,0.0,0.0,0.0,0.5,0.0,1,,,,,,,,,0.0,1.0,,,,,0,0,"not computable: dump-function=none in this run: g(w) = w, no damping to measure",not computable: malus registry empty: M = 0 and Psi = 1 in every epoch (no decay to observe)
run5-tbt-2s,regionale,1,2,none,true,12,7,1,72,83,m1,1akrbuSTPkRMU7ztM65jGiNHd5t7DPrqV7pB8G,0.0,0,0,,0,0,0.0,0,0.0,0.0,0.0,0.0,0.0,0.0,0.0,0.5,0.0,1,,,,,,,,,0.0,1.0,,,,,0,0,"not computable: dump-function=none in this run: g(w) = w, no damping to measure",not computable: malus registry empty: M = 0 and Psi = 1 in every epoch (no decay to observe)
run5-tbt-2s,regionale,1,2,none,true,12,8,1,84,95,m3,16qEPM3f15FH1SsM8yqz9HJ5nwpP3ba7whwkH4,0.0,0,0,,0,0,0.0,0,0.0,0.0,0.0,0.0,0.0,0.0,0.0,0.5,0.0,1,,,,,,,,,0.0,1.0,,,,,0,0,"not computable: dump-function=none in this run: g(w) = w, no damping to measure",not computable: malus registry empty: M = 0 and Psi = 1 in every epoch (no decay to observe)
run5-tbt-2s,regionale,1,2,none,true,12,8,1,84,95,m2,1DvpzaEbFEQsS6kv3UE1Mkc1XM2xPTJsinfjUr,0.0,0,0,,0,0,0.0,0,0.0,0.0,0.0,0.0,0.0,0.0,0.0,0.5,0.0,1,,,,,,,,,0.0,1.0,,,,,0,0,"not computable: dump-function=none in this run: g(w) = w, no damping to measure",not computable: malus registry empty: M = 0 and Psi = 1 in every epoch (no decay to observe)
run5-tbt-2s,regionale,1,2,none,true,12,8,1,84,95,m1,1akrbuSTPkRMU7ztM65jGiNHd5t7DPrqV7pB8G,0.0,0,0,,0,0,0.0,0,0.0,0.0,0.0,0.0,0.0,0.0,0.0,0.5,0.0,1,,,,,,,,,0.0,1.0,,,,,0,0,"not computable: dump-function=none in this run: g(w) = w, no damping to measure",not computable: malus registry empty: M = 0 and Psi = 1 in every epoch (no decay to observe)
run5-tbt-2s,regionale,1,2,none,true,12,9,1,96,107,m3,16qEPM3f15FH1SsM8yqz9HJ5nwpP3ba7whwkH4,0.0,0,0,,0,0,0.0,0,0.0,0.0,0.0,0.0,0.0,0.0,0.0,0.5,0.0,1,1,,124,123,1,1,0.02,,0.0,1.0,1,1.0,3.0,0.333333,0,0,"not computable: dump-function=none in this run: g(w) = w, no damping to measure",not computable: malus registry empty: M = 0 and Psi = 1 in every epoch (no decay to observe)
run5-tbt-2s,regionale,1,2,none,true,12,9,1,96,107,m2,1DvpzaEbFEQsS6kv3UE1Mkc1XM2xPTJsinfjUr,0.0,0,0,,0,0,0.0,0,0.0,0.0,0.0,0.0,0.0,0.0,0.0,0.5,0.0,1,1,,124,123,1,1,0.02,,0.0,1.0,1,1.0,3.0,0.333333,0,0,"not computable: dump-function=none in this run: g(w) = w, no damping to measure",not computable: malus registry empty: M = 0 and Psi = 1 in every epoch (no decay to observe)
run5-tbt-2s,regionale,1,2,none,true,12,9,1,96,107,m1,1akrbuSTPkRMU7ztM65jGiNHd5t7DPrqV7pB8G,0.0,0,0,,0,0,0.0,0,0.0,0.0,0.0,0.0,0.0,0.0,0.0,0.5,0.0,1,1,,124,123,1,1,0.02,,0.0,1.0,1,1.0,3.0,0.333333,0,0,"not computable: dump-function=none in this run: g(w) = w, no damping to measure",not computable: malus registry empty: M = 0 and Psi = 1 in every epoch (no decay to observe)
run5-tbt-2s,regionale,1,2,none,true,12,10,1,108,119,m3,16qEPM3f15FH1SsM8yqz9HJ5nwpP3ba7whwkH4,0.0,0,0,,0,0,0.0,0,0.0,0.0,0.0,0.0,0.0,0.0,0.0,0.5,0.0,1,,1,,125,1,,,,0.0,1.0,,,3.0,0.333333,0,0,"not computable: dump-function=none in this run: g(w) = w, no damping to measure",not computable: malus registry empty: M = 0 and Psi = 1 in every epoch (no decay to observe)
run5-tbt-2s,regionale,1,2,none,true,12,10,1,108,119,m2,1DvpzaEbFEQsS6kv3UE1Mkc1XM2xPTJsinfjUr,0.0,0,0,,0,0,0.0,0,0.0,0.0,0.0,0.0,0.0,0.0,0.0,0.5,0.0,1,,1,,125,1,,,,0.0,1.0,,,3.0,0.333333,0,0,"not computable: dump-function=none in this run: g(w) = w, no damping to measure",not computable: malus registry empty: M = 0 and Psi = 1 in every epoch (no decay to observe)
run5-tbt-2s,regionale,1,2,none,true,12,10,1,108,119,m1,1akrbuSTPkRMU7ztM65jGiNHd5t7DPrqV7pB8G,0.0,0,0,,0,0,0.0,0,0.0,0.0,0.0,0.0,0.0,0.0,0.0,0.5,0.0,1,,1,,125,1,,,,0.0,1.0,,,3.0,0.333333,0,0,"not computable: dump-function=none in this run: g(w) = w, no damping to measure",not computable: malus registry empty: M = 0 and Psi = 1 in every epoch (no decay to observe)
run5-tbt-2s,regionale,1,2,none,true,12,11,1,120,131,m3,16qEPM3f15FH1SsM8yqz9HJ5nwpP3ba7whwkH4,24.17,2,1,c5:esg=70.53:tau=1:c_i=0.7053,1,0.7053,5.0,19,65.387101,0.15523,0.0,0.0,0.15523,0.0,0.0,0.5,32.693551,3269,3269,,138,137,3269,1,65.38,-0.0003,0.0,1.0,3269,3269.0,21061.0,0.155216,0,0,"not computable: dump-function=none in this run: g(w) = w, no damping to measure",not computable: malus registry empty: M = 0 and Psi = 1 in every epoch (no decay to observe)
run5-tbt-2s,regionale,1,2,none,true,12,11,1,120,131,m2,1DvpzaEbFEQsS6kv3UE1Mkc1XM2xPTJsinfjUr,26.46,2,2,c3:esg=99.26:tau=1:c_i=0.9926 c4:esg=92.76:tau=1:c_i=0.9276,2,1.9202,5.0,19,103.728492,0.246253,0.0,0.0,0.246253,0.0,0.0,0.5,51.864246,5186,5186,,138,137,5186,1,103.72,-0.0003,0.0,1.0,5186,5186.0,21061.0,0.246237,0,0,"not computable: dump-function=none in this run: g(w) = w, no damping to measure",not computable: malus registry empty: M = 0 and Psi = 1 in every epoch (no decay to observe)
run5-tbt-2s,regionale,1,2,none,true,12,11,1,120,131,m1,1akrbuSTPkRMU7ztM65jGiNHd5t7DPrqV7pB8G,85.56,2,2,c1:esg=17.50:tau=1:c_i=0.1750 c2:esg=77.16:tau=1:c_i=0.7716,2,0.9466,5.0,19,252.111096,0.598516,0.0,0.0,0.598516,0.0,0.0,0.5,126.055548,12606,12606,,138,137,12606,1,252.12,0.0001,0.0,1.0,12606,12606.0,21061.0,0.598547,0,0,"not computable: dump-function=none in this run: g(w) = w, no damping to measure",not computable: malus registry empty: M = 0 and Psi = 1 in every epoch (no decay to observe)
run5-tbt-2s,regionale,1,2,none,true,12,12,1,132,143,m3,16qEPM3f15FH1SsM8yqz9HJ5nwpP3ba7whwkH4,24.17,1,1,c5:esg=70.53:tau=0:c_i=0.0000,0,0.0,0.0,3,24.17,0.0,0.0,0.15523,0.15523,0.0,0.0,0.5,12.085,1209,1209,3269,151,150,1209,1,24.18,0.0004,0.0,1.0,1209,1209.0,6810.0,0.177533,0,0,"not computable: dump-function=none in this run: g(w) = w, no damping to measure",not computable: malus registry empty: M = 0 and Psi = 1 in every epoch (no decay to observe)
run5-tbt-2s,regionale,1,2,none,true,12,12,1,132,143,m2,1DvpzaEbFEQsS6kv3UE1Mkc1XM2xPTJsinfjUr,26.46,1,2,c3:esg=99.26:tau=0:c_i=0.0000 c4:esg=92.76:tau=0:c_i=0.0000,0,0.0,0.0,3,26.46,0.0,0.0,0.246253,0.246253,0.0,0.0,0.5,13.23,1323,1323,5186,151,150,1323,1,26.46,0.0,0.0,1.0,1323,1323.0,6810.0,0.194273,0,0,"not computable: dump-function=none in this run: g(w) = w, no damping to measure",not computable: malus registry empty: M = 0 and Psi = 1 in every epoch (no decay to observe)
run5-tbt-2s,regionale,1,2,none,true,12,12,1,132,143,m1,1akrbuSTPkRMU7ztM65jGiNHd5t7DPrqV7pB8G,85.56,1,2,c1:esg=17.50:tau=0:c_i=0.0000 c2:esg=77.16:tau=0:c_i=0.0000,0,0.0,0.0,3,85.56,0.0,0.0,0.598516,0.598516,0.0,0.0,0.5,42.78,4278,4278,12606,151,150,4278,1,85.56,0.0,0.0,1.0,4278,4278.0,6810.0,0.628194,0,0,"not computable: dump-function=none in this run: g(w) = w, no damping to measure",not computable: malus registry empty: M = 0 and Psi = 1 in every epoch (no decay to observe)
run5-tbt-2s,regionale,1,2,none,true,12,13,1,144,155,m3,16qEPM3f15FH1SsM8yqz9HJ5nwpP3ba7whwkH4,24.17,1,1,c5:esg=70.53:tau=0:c_i=0.0000,0,0.0,0.0,3,24.17,0.0,0.0,0.15523,0.15523,0.0,0.0,0.5,12.085,1209,,1209,,161,1209,,,,0.0,1.0,,,6810.0,0.177533,0,0,"not computable: dump-function=none in this run: g(w) = w, no damping to measure",not computable: malus registry empty: M = 0 and Psi = 1 in every epoch (no decay to observe)
run5-tbt-2s,regionale,1,2,none,true,12,13,1,144,155,m2,1DvpzaEbFEQsS6kv3UE1Mkc1XM2xPTJsinfjUr,26.46,1,2,c3:esg=99.26:tau=0:c_i=0.0000 c4:esg=92.76:tau=0:c_i=0.0000,0,0.0,0.0,3,26.46,0.0,0.0,0.246253,0.246253,0.0,0.0,0.5,13.23,1323,,1323,,161,1323,,,,0.0,1.0,,,6810.0,0.194273,0,0,"not computable: dump-function=none in this run: g(w) = w, no damping to measure",not computable: malus registry empty: M = 0 and Psi = 1 in every epoch (no decay to observe)
run5-tbt-2s,regionale,1,2,none,true,12,13,1,144,155,m1,1akrbuSTPkRMU7ztM65jGiNHd5t7DPrqV7pB8G,85.56,1,2,c1:esg=17.50:tau=0:c_i=0.0000 c2:esg=77.16:tau=0:c_i=0.0000,0,0.0,0.0,3,85.56,0.0,0.0,0.598516,0.598516,0.0,0.0,0.5,42.78,4278,,4278,,161,4278,,,,0.0,1.0,,,6810.0,0.628194,0,0,"not computable: dump-function=none in this run: g(w) = w, no damping to measure",not computable: malus registry empty: M = 0 and Psi = 1 in every epoch (no decay to observe)
run5-tbt-2s,regionale,1,2,none,true,12,14,1,156,167,m3,16qEPM3f15FH1SsM8yqz9HJ5nwpP3ba7whwkH4,24.17,1,1,c5:esg=70.53:tau=1:c_i=0.7053,1,0.7053,7.0,11,41.217101,0.157649,9.5204,0.15523,0.0,1.0,0.0,0.5,20.608551,2061,2061,,174,173,2061,1,41.22,0.0001,0.0,1.0,2061,2061.0,18301.0,0.112617,0,0,"not computable: dump-function=none in this run: g(w) = w, no damping to measure",not computable: malus registry empty: M = 0 and Psi = 1 in every epoch (no decay to observe)
run5-tbt-2s,regionale,1,2,none,true,12,14,1,156,167,m2,1DvpzaEbFEQsS6kv3UE1Mkc1XM2xPTJsinfjUr,26.46,1,2,c3:esg=99.26:tau=1:c_i=0.9926 c4:esg=92.76:tau=1:c_i=0.9276,2,1.9202,7.0,11,77.268492,0.29554,28.5617,0.246253,-0.0,1.0,0.0,0.5,38.634246,3863,3863,,174,173,3863,1,77.26,-0.0003,0.0,1.0,3863,3863.0,18301.0,0.211081,0,0,"not computable: dump-function=none in this run: g(w) = w, no damping to measure",not computable: malus registry empty: M = 0 and Psi = 1 in every epoch (no decay to observe)
run5-tbt-2s,regionale,1,2,none,true,12,14,1,156,167,m1,1akrbuSTPkRMU7ztM65jGiNHd5t7DPrqV7pB8G,85.56,1,2,c1:esg=17.50:tau=2:c_i=0.3500 c2:esg=77.16:tau=2:c_i=1.5432,4,1.8932,7.0,11,247.542192,0.946811,45.4391,0.598516,0.0,1.0,0.0,0.5,123.771096,12377,12377,,174,173,12377,1,247.54,-0.0,0.0,1.0,12377,12377.0,18301.0,0.676302,0,0,"not computable: dump-function=none in this run: g(w) = w, no damping to measure",not computable: malus registry empty: M = 0 and Psi = 1 in every epoch (no decay to observe)
run5-tbt-2s,regionale,1,2,none,true,12,15,1,168,179,m3,16qEPM3f15FH1SsM8yqz9HJ5nwpP3ba7whwkH4,24.17,2,1,c5:esg=70.53:tau=1:c_i=0.7053,1,0.7053,9.0,17,65.387101,0.216571,7.6526,0.0,0.0,1.0,1.0,1.0,65.387101,6539,6539,2061,187,185,6539,1,65.39,0.0001,0.0,1.0,6539,6539.0,54346.0,0.120322,0,0,"not computable: dump-function=none in this run: g(w) = w, no damping to measure",not computable: malus registry empty: M = 0 and Psi = 1 in every epoch (no decay to observe)
run5-tbt-2s,regionale,1,2,none,true,12,15,1,168,179,m2,1DvpzaEbFEQsS6kv3UE1Mkc1XM2xPTJsinfjUr,26.46,2,2,c3:esg=99.26:tau=2:c_i=1.9852 c4:esg=92.76:tau=1:c_i=0.9276,3,2.9128,9.0,17,129.992688,0.430554,11.8465,-0.0,-0.0,1.0,1.0,1.0,129.992688,12999,12999,3863,187,185,12999,1,129.99,-0.0001,0.0,1.0,12999,12999.0,54346.0,0.23919,0,0,"not computable: dump-function=none in this run: g(w) = w, no damping to measure",not computable: malus registry empty: M = 0 and Psi = 1 in every epoch (no decay to observe)
run5-tbt-2s,regionale,1,2,none,true,12,15,1,168,179,m1,1akrbuSTPkRMU7ztM65jGiNHd5t7DPrqV7pB8G,85.56,2,2,c1:esg=17.50:tau=3:c_i=0.5250 c2:esg=77.16:tau=2:c_i=1.5432,5,2.0682,9.0,17,348.075192,1.152874,97.229,0.0,-0.0,1.0,1.0,1.0,348.075192,34808,34808,12377,187,186,34808,1,348.08,0.0001,0.0,1.0,34808,34808.0,54346.0,0.640489,0,0,"not computable: dump-function=none in this run: g(w) = w, no damping to measure",not computable: malus registry empty: M = 0 and Psi = 1 in every epoch (no decay to observe)
run5-tbt-2s,regionale,1,2,none,true,12,16,1,180,191,m3,16qEPM3f15FH1SsM8yqz9HJ5nwpP3ba7whwkH4,24.17,2,1,c5:esg=70.53:tau=1:c_i=0.7053,1,0.7053,9.0,16,65.387101,0.217259,6.109,0.0,0.0,1.0,1.0,1.0,65.387101,6539,,6539,,197,6539,,,,0.0,1.0,,,54174.0,0.120704,0,0,"not computable: dump-function=none in this run: g(w) = w, no damping to measure",not computable: malus registry empty: M = 0 and Psi = 1 in every epoch (no decay to observe)
run5-tbt-2s,regionale,1,2,none,true,12,16,1,180,191,m2,1DvpzaEbFEQsS6kv3UE1Mkc1XM2xPTJsinfjUr,26.46,2,2,c3:esg=99.26:tau=1:c_i=0.9926 c4:esg=92.76:tau=2:c_i=1.8552,3,2.8478,9.0,16,128.272788,0.426207,65.0197,-0.0,-0.0,1.0,1.0,1.0,128.272788,12827,12827,12999,198,197,12827,1,128.27,-0.0001,0.0,1.0,12827,12827.0,54174.0,0.236774,0,0,"not computable: dump-function=none in this run: g(w) = w, no damping to measure",not computable: malus registry empty: M = 0 and Psi = 1 in every epoch (no decay to observe)
run5-tbt-2s,regionale,1,2,none,true,12,16,1,180,191,m1,1akrbuSTPkRMU7ztM65jGiNHd5t7DPrqV7pB8G,85.56,2,2,c1:esg=17.50:tau=3:c_i=0.5250 c2:esg=77.16:tau=2:c_i=1.5432,5,2.0682,9.0,16,348.075192,1.156535,99.9627,-0.0,0.0,1.0,1.0,1.0,348.075192,34808,,34808,,197,34808,,,,0.0,1.0,,,54174.0,0.642522,0,0,"not computable: dump-function=none in this run: g(w) = w, no damping to measure",not computable: malus registry empty: M = 0 and Psi = 1 in every epoch (no decay to observe)
run5-tbt-2s,regionale,1,2,none,true,12,17,1,192,203,m3,16qEPM3f15FH1SsM8yqz9HJ5nwpP3ba7whwkH4,24.17,1,1,c5:esg=70.53:tau=1:c_i=0.7053,1,0.7053,10.0,16,41.217101,0.183719,4.9071,0.0,0.0,1.0,1.0,1.0,41.217101,4122,4122,,212,210,4122,1,41.22,0.0001,0.0,1.0,4122,4122.0,44870.0,0.091865,0,3,"not computable: dump-function=none in this run: g(w) = w, no damping to measure",not computable: malus registry empty: M = 0 and Psi = 1 in every epoch (no decay to observe)
run5-tbt-2s,regionale,1,2,none,true,12,17,1,192,203,m2,1DvpzaEbFEQsS6kv3UE1Mkc1XM2xPTJsinfjUr,26.46,2,2,c3:esg=99.26:tau=2:c_i=1.9852 c4:esg=92.76:tau=1:c_i=0.9276,3,2.9128,10.0,16,129.992688,0.579422,25.9175,-0.0,-0.0,1.0,1.0,1.0,129.992688,12999,12999,12827,212,210,12999,1,129.99,-0.0001,0.0,1.0,12999,12999.0,44870.0,0.289704,0,3,"not computable: dump-function=none in this run: g(w) = w, no damping to measure",not computable: malus registry empty: M = 0 and Psi = 1 in every epoch (no decay to observe)
run5-tbt-2s,regionale,1,2,none,true,12,17,1,192,203,m1,1akrbuSTPkRMU7ztM65jGiNHd5t7DPrqV7pB8G,85.56,1,2,c1:esg=17.50:tau=4:c_i=0.7000 c2:esg=77.16:tau=2:c_i=1.5432,6,2.2432,10.0,16,277.488192,1.23686,100.1726,0.0,0.0,1.0,1.0,1.0,277.488192,27749,27749,,211,210,27749,1,277.49,0.0,0.0,1.0,27749,27749.0,44870.0,0.618431,3,3,"not computable: dump-function=none in this run: g(w) = w, no damping to measure",not computable: malus registry empty: M = 0 and Psi = 1 in every epoch (no decay to observe)
run5-tbt-2s,regionale,1,2,none,true,12,18,1,204,215,m3,16qEPM3f15FH1SsM8yqz9HJ5nwpP3ba7whwkH4,24.17,2,1,c5:esg=70.53:tau=1:c_i=0.7053,1,0.7053,12.0,20,65.387101,0.241805,3.9167,0.0,0.0,1.0,1.0,1.0,65.387101,6539,6539,4122,222,221,6539,1,65.39,0.0001,0.0,1.0,6539,6539.0,64900.0,0.100755,0,12,"not computable: dump-function=none in this run: g(w) = w, no damping to measure",not computable: malus registry empty: M = 0 and Psi = 1 in every epoch (no decay to observe)
run5-tbt-2s,regionale,1,2,none,true,12,18,1,204,215,m2,1DvpzaEbFEQsS6kv3UE1Mkc1XM2xPTJsinfjUr,26.46,2,2,c3:esg=99.26:tau=2:c_i=1.9852 c4:esg=92.76:tau=2:c_i=1.8552,4,3.8404,12.0,20,154.536984,0.571486,70.34,-0.0,-0.0,1.0,1.0,1.0,154.536984,15454,15454,12999,222,221,15454,1,154.54,0.0001,0.0,1.0,15454,15454.0,64900.0,0.23812,0,12,"not computable: dump-function=none in this run: g(w) = w, no damping to measure",not computable: malus registry empty: M = 0 and Psi = 1 in every epoch (no decay to observe)
run5-tbt-2s,regionale,1,2,none,true,12,18,1,204,215,m1,1akrbuSTPkRMU7ztM65jGiNHd5t7DPrqV7pB8G,85.56,2,2,c1:esg=17.50:tau=4:c_i=0.7000 c2:esg=77.16:tau=3:c_i=2.3148,7,3.0148,12.0,20,429.066288,1.586709,100.2043,0.0,0.0,1.0,1.0,1.0,429.066288,42907,42907,27749,222,221,42907,1,429.07,0.0,0.0,1.0,42907,42907.0,64900.0,0.661125,12,12,"not computable: dump-function=none in this run: g(w) = w, no damping to measure",not computable: malus registry empty: M = 0 and Psi = 1 in every epoch (no decay to observe)
run5-tbt-2s,regionale,1,2,none,true,12,19,1,216,227,m3,16qEPM3f15FH1SsM8yqz9HJ5nwpP3ba7whwkH4,24.17,2,1,c5:esg=70.53:tau=2:c_i=1.4106,2,1.4106,12.0,19,82.434202,0.308409,23.1091,0.0,0.0,1.0,1.0,1.0,82.434202,8243,8243,6539,235,233,8243,1,82.43,-0.0002,0.0,1.0,8243,8243.0,64149.0,0.128498,0,12,"not computable: dump-function=none in this run: g(w) = w, no damping to measure",not computable: malus registry empty: M = 0 and Psi = 1 in every epoch (no decay to observe)
run5-tbt-2s,regionale,1,2,none,true,12,19,1,216,227,m2,1DvpzaEbFEQsS6kv3UE1Mkc1XM2xPTJsinfjUr,26.46,2,2,c3:esg=99.26:tau=2:c_i=1.9852 c4:esg=92.76:tau=1:c_i=0.9276,3,2.9128,12.0,19,129.992688,0.486338,28.0634,-0.0,0.0,1.0,1.0,1.0,129.992688,12999,12999,15454,234,233,12999,1,129.99,-0.0001,0.0,1.0,12999,12999.0,64149.0,0.202638,0,12,"not computable: dump-function=none in this run: g(w) = w, no damping to measure",not computable: malus registry empty: M = 0 and Psi = 1 in every epoch (no decay to observe)
run5-tbt-2s,regionale,1,2,none,true,12,19,1,216,227,m1,1akrbuSTPkRMU7ztM65jGiNHd5t7DPrqV7pB8G,85.56,2,2,c1:esg=17.50:tau=4:c_i=0.7000 c2:esg=77.16:tau=3:c_i=2.3148,7,3.0148,12.0,19,429.066288,1.605253,101.0155,0.0,0.0,1.0,1.0,1.0,429.066288,42907,,42907,,233,42907,,,,0.0,1.0,,,64149.0,0.668865,12,12,"not computable: dump-function=none in this run: g(w) = w, no damping to measure",not computable: malus registry empty: M = 0 and Psi = 1 in every epoch (no decay to observe)
run5-tbt-2s,regionale,1,2,none,true,12,20,1,228,239,m3,16qEPM3f15FH1SsM8yqz9HJ5nwpP3ba7whwkH4,24.17,2,1,c5:esg=70.53:tau=1:c_i=0.7053,1,0.7053,11.0,18,65.387101,0.2892,18.4572,0.0,0.0,1.0,1.0,1.0,65.387101,6539,6539,8243,246,245,6539,1,65.39,0.0001,0.0,1.0,6539,6539.0,49742.0,0.131458,0,12,"not computable: dump-function=none in this run: g(w) = w, no damping to measure",not computable: malus registry empty: M = 0 and Psi = 1 in every epoch (no decay to observe)
run5-tbt-2s,regionale,1,2,none,true,12,20,1,228,239,m2,1DvpzaEbFEQsS6kv3UE1Mkc1XM2xPTJsinfjUr,26.46,2,2,c3:esg=99.26:tau=2:c_i=1.9852 c4:esg=92.76:tau=2:c_i=1.8552,4,3.8404,11.0,18,154.536984,0.6835,11.2356,0.0,0.0,1.0,1.0,1.0,154.536984,15454,15454,12999,246,245,15454,1,154.54,0.0001,0.0,1.0,15454,15454.0,49742.0,0.310683,10,12,"not computable: dump-function=none in this run: g(w) = w, no damping to measure",not computable: malus registry empty: M = 0 and Psi = 1 in every epoch (no decay to observe)
run5-tbt-2s,regionale,1,2,none,true,12,20,1,228,239,m1,1akrbuSTPkRMU7ztM65jGiNHd5t7DPrqV7pB8G,85.56,1,2,c1:esg=17.50:tau=4:c_i=0.7000 c2:esg=77.16:tau=2:c_i=1.5432,6,2.2432,11.0,18,277.488192,1.2273,100.9639,0.0,0.0,1.0,1.0,1.0,277.488192,27749,27749,,246,245,27749,1,277.49,0.0,0.0,1.0,27749,27749.0,49742.0,0.557859,2,12,"not computable: dump-function=none in this run: g(w) = w, no damping to measure",not computable: malus registry empty: M = 0 and Psi = 1 in every epoch (no decay to observe)
run5-tbt-2s,regionale,1,2,none,true,12,21,1,240,251,m3,16qEPM3f15FH1SsM8yqz9HJ5nwpP3ba7whwkH4,24.17,2,1,c5:esg=70.53:tau=1:c_i=0.7053,1,0.7053,12.0,19,65.387101,0.241805,14.7415,0.0,0.0,1.0,1.0,1.0,65.387101,6539,,6539,,257,6539,,,,0.0,1.0,,,64900.0,0.100755,0,12,"not computable: dump-function=none in this run: g(w) = w, no damping to measure",not computable: malus registry empty: M = 0 and Psi = 1 in every epoch (no decay to observe)
run5-tbt-2s,regionale,1,2,none,true,12,21,1,240,251,m2,1DvpzaEbFEQsS6kv3UE1Mkc1XM2xPTJsinfjUr,26.46,2,2,c3:esg=99.26:tau=2:c_i=1.9852 c4:esg=92.76:tau=2:c_i=1.8552,4,3.8404,12.0,19,154.536984,0.571486,65.0405,0.0,0.0,1.0,1.0,1.0,154.536984,15454,,15454,,257,15454,,,,0.0,1.0,,,64900.0,0.23812,0,12,"not computable: dump-function=none in this run: g(w) = w, no damping to measure",not computable: malus registry empty: M = 0 and Psi = 1 in every epoch (no decay to observe)
run5-tbt-2s,regionale,1,2,none,true,12,21,1,240,251,m1,1akrbuSTPkRMU7ztM65jGiNHd5t7DPrqV7pB8G,85.56,2,2,c1:esg=17.50:tau=4:c_i=0.7000 c2:esg=77.16:tau=3:c_i=2.3148,7,3.0148,12.0,19,429.066288,1.586709,99.9686,0.0,0.0,1.0,1.0,1.0,429.066288,42907,42907,27749,258,257,42907,1,429.07,0.0,0.0,1.0,42907,42907.0,64900.0,0.661125,12,12,"not computable: dump-function=none in this run: g(w) = w, no damping to measure",not computable: malus registry empty: M = 0 and Psi = 1 in every epoch (no decay to observe)
run5-tbt-2s,regionale,1,2,none,true,12,22,1,252,263,m3,16qEPM3f15FH1SsM8yqz9HJ5nwpP3ba7whwkH4,24.17,1,1,c5:esg=70.53:tau=2:c_i=1.4106,2,1.4106,12.0,18,58.264202,0.236661,11.769,0.0,0.0,1.0,1.0,1.0,58.264202,5826,5826,,270,269,5826,1,58.26,-0.0002,0.0,1.0,5826,5826.0,59086.0,0.098602,0,12,"not computable: dump-function=none in this run: g(w) = w, no damping to measure",not computable: malus registry empty: M = 0 and Psi = 1 in every epoch (no decay to observe)
run5-tbt-2s,regionale,1,2,none,true,12,22,1,252,263,m2,1DvpzaEbFEQsS6kv3UE1Mkc1XM2xPTJsinfjUr,26.46,1,2,c3:esg=99.26:tau=2:c_i=1.9852 c4:esg=92.76:tau=1:c_i=0.9276,3,2.9128,12.0,18,103.532688,0.420535,25.9258,0.0,0.0,1.0,1.0,1.0,103.532688,10353,10353,,270,269,10353,1,103.53,-0.0001,0.0,1.0,10353,10353.0,59086.0,0.175219,3,12,"not computable: dump-function=none in this run: g(w) = w, no damping to measure",not computable: malus registry empty: M = 0 and Psi = 1 in every epoch (no decay to observe)
run5-tbt-2s,regionale,1,2,none,true,12,22,1,252,263,m1,1akrbuSTPkRMU7ztM65jGiNHd5t7DPrqV7pB8G,85.56,2,2,c1:esg=17.50:tau=4:c_i=0.7000 c2:esg=77.16:tau=3:c_i=2.3148,7,3.0148,12.0,18,429.066288,1.742805,100.8836,0.0,0.0,1.0,1.0,1.0,429.066288,42907,,42907,,269,42907,,,,0.0,1.0,,,59086.0,0.726179,9,12,"not computable: dump-function=none in this run: g(w) = w, no damping to measure",not computable: malus registry empty: M = 0 and Psi = 1 in every epoch (no decay to observe)
run5-tbt-2s,regionale,1,2,none,true,12,23,1,264,275,m3,16qEPM3f15FH1SsM8yqz9HJ5nwpP3ba7whwkH4,24.17,2,1,c5:esg=70.53:tau=1:c_i=0.7053,1,0.7053,14.0,20,65.387101,0.302784,9.4062,0.0,0.0,1.0,1.0,1.0,65.387101,6539,6539,5826,282,281,6539,1,65.39,0.0001,0.0,1.0,6539,6539.0,60467.0,0.108142,6,12,"not computable: dump-function=none in this run: g(w) = w, no damping to measure",not computable: malus registry empty: M = 0 and Psi = 1 in every epoch (no decay to observe)
run5-tbt-2s,regionale,1,2,none,true,12,23,1,264,275,m2,1DvpzaEbFEQsS6kv3UE1Mkc1XM2xPTJsinfjUr,26.46,2,2,c3:esg=99.26:tau=3:c_i=2.9778 c4:esg=92.76:tau=2:c_i=1.8552,5,4.833,14.0,20,180.80118,0.837226,70.6653,0.0,0.0,1.0,1.0,1.0,180.80118,18080,18080,10353,282,281,18080,1,180.8,-0.0,0.0,1.0,18080,18080.0,60467.0,0.299006,2,12,"not computable: dump-function=none in this run: g(w) = w, no damping to measure",not computable: malus registry empty: M = 0 and Psi = 1 in every epoch (no decay to observe)
run5-tbt-2s,regionale,1,2,none,true,12,23,1,264,275,m1,1akrbuSTPkRMU7ztM65jGiNHd5t7DPrqV7pB8G,85.56,1,2,c1:esg=17.50:tau=5:c_i=0.8750 c2:esg=77.16:tau=3:c_i=2.3148,8,3.1898,14.0,20,358.479288,1.65999,100.2378,0.0,0.0,1.0,1.0,1.0,358.479288,35848,35848,,282,281,35848,1,358.48,0.0,0.0,1.0,35848,35848.0,60467.0,0.592852,4,12,"not computable: dump-function=none in this run: g(w) = w, no damping to measure",not computable: malus registry empty: M = 0 and Psi = 1 in every epoch (no decay to observe)
run5-tbt-2s,regionale,1,2,none,true,12,24,1,276,287,m3,16qEPM3f15FH1SsM8yqz9HJ5nwpP3ba7whwkH4,24.17,2,1,c5:esg=70.53:tau=1:c_i=0.7053,1,0.7053,8.0,15,65.387101,0.202284,7.6378,0.0,0.0,1.0,1.0,1.0,65.387101,6539,,6539,,293,6539,,,,0.0,1.0,,,51720.0,0.126431,0,12,"not computable: dump-function=none in this run: g(w) = w, no damping to measure",not computable: malus registry empty: M = 0 and Psi = 1 in every epoch (no decay to observe)
run5-tbt-2s,regionale,1,2,none,true,12,24,1,276,287,m2,1DvpzaEbFEQsS6kv3UE1Mkc1XM2xPTJsinfjUr,26.46,2,2,c3:esg=99.26:tau=1:c_i=0.9926 c4:esg=92.76:tau=1:c_i=0.9276,2,1.9202,8.0,15,103.728492,0.320898,28.4299,0.0,-0.0,1.0,1.0,1.0,103.728492,10373,10373,18080,295,293,10373,1,103.73,0.0001,0.0,1.0,10373,10373.0,51720.0,0.200561,2,12,"not computable: dump-function=none in this run: g(w) = w, no damping to measure",not computable: malus registry empty: M = 0 and Psi = 1 in every epoch (no decay to observe)
run5-tbt-2s,regionale,1,2,none,true,12,24,1,276,287,m1,1akrbuSTPkRMU7ztM65jGiNHd5t7DPrqV7pB8G,85.56,2,2,c1:esg=17.50:tau=3:c_i=0.5250 c2:esg=77.16:tau=2:c_i=1.5432,5,2.0682,8.0,15,348.075192,1.076818,100.0569,0.0,-0.0,1.0,1.0,1.0,348.075192,34808,34808,35848,294,293,34808,1,348.08,0.0001,0.0,1.0,34808,34808.0,51720.0,0.673009,10,12,"not computable: dump-function=none in this run: g(w) = w, no damping to measure",not computable: malus registry empty: M = 0 and Psi = 1 in every epoch (no decay to observe)
run5-tbt-2s,regionale,1,2,none,true,12,25,1,288,299,m3,16qEPM3f15FH1SsM8yqz9HJ5nwpP3ba7whwkH4,24.17,1,1,c5:esg=70.53:tau=1:c_i=0.7053,1,0.7053,12.0,19,41.217101,0.158319,6.086,0.0,0.0,1.0,1.0,1.0,41.217101,4122,4122,,306,305,4122,1,41.22,0.0001,0.0,1.0,4122,4122.0,62483.0,0.06597,0,12,"not computable: dump-function=none in this run: g(w) = w, no damping to measure",not computable: malus registry empty: M = 0 and Psi = 1 in every epoch (no decay to observe)
run5-tbt-2s,regionale,1,2,none,true,12,25,1,288,299,m2,1DvpzaEbFEQsS6kv3UE1Mkc1XM2xPTJsinfjUr,26.46,2,2,c3:esg=99.26:tau=2:c_i=1.9852 c4:esg=92.76:tau=2:c_i=1.8552,4,3.8404,12.0,19,154.536984,0.593593,11.2636,-0.0,-0.0,1.0,1.0,1.0,154.536984,15454,15454,10373,306,305,15454,1,154.54,0.0001,0.0,1.0,15454,15454.0,62483.0,0.247331,0,12,"not computable: dump-function=none in this run: g(w) = w, no damping to measure",not computable: malus registry empty: M = 0 and Psi = 1 in every epoch (no decay to observe)
run5-tbt-2s,regionale,1,2,none,true,12,25,1,288,299,m1,1akrbuSTPkRMU7ztM65jGiNHd5t7DPrqV7pB8G,85.56,2,2,c1:esg=17.50:tau=4:c_i=0.7000 c2:esg=77.16:tau=3:c_i=2.3148,7,3.0148,12.0,19,429.066288,1.648088,100.9704,-0.0,-0.0,1.0,1.0,1.0,429.066288,42907,42907,34808,306,305,42907,1,429.07,0.0,0.0,1.0,42907,42907.0,62483.0,0.686699,12,12,"not computable: dump-function=none in this run: g(w) = w, no damping to measure",not computable: malus registry empty: M = 0 and Psi = 1 in every epoch (no decay to observe)
run5-tbt-2s,regionale,1,2,none,true,12,26,1,300,311,m3,16qEPM3f15FH1SsM8yqz9HJ5nwpP3ba7whwkH4,24.17,2,1,c5:esg=70.53:tau=2:c_i=1.4106,2,1.4106,12.0,19,82.434202,0.329726,4.8597,0.0,0.0,1.0,1.0,1.0,82.434202,8243,8243,4122,318,317,8243,1,82.43,-0.0002,0.0,1.0,8243,8243.0,60002.0,0.137379,0,12,"not computable: dump-function=none in this run: g(w) = w, no damping to measure",not computable: malus registry empty: M = 0 and Psi = 1 in every epoch (no decay to observe)
run5-tbt-2s,regionale,1,2,none,true,12,26,1,300,311,m2,1DvpzaEbFEQsS6kv3UE1Mkc1XM2xPTJsinfjUr,26.46,2,2,c3:esg=99.26:tau=2:c_i=1.9852 c4:esg=92.76:tau=2:c_i=1.8552,4,3.8404,12.0,19,154.536984,0.618128,64.2733,-0.0,-0.0,1.0,1.0,1.0,154.536984,15454,,15454,,317,15454,,,,0.0,1.0,,,60002.0,0.257558,3,12,"not computable: dump-function=none in this run: g(w) = w, no damping to measure",not computable: malus registry empty: M = 0 and Psi = 1 in every epoch (no decay to observe)
run5-tbt-2s,regionale,1,2,none,true,12,26,1,300,311,m1,1akrbuSTPkRMU7ztM65jGiNHd5t7DPrqV7pB8G,85.56,2,2,c1:esg=17.50:tau=4:c_i=0.7000 c2:esg=77.16:tau=2:c_i=1.5432,6,2.2432,12.0,19,363.048192,1.452146,101.0768,-0.0,-0.0,1.0,1.0,1.0,363.048192,36305,36305,42907,318,317,36305,1,363.05,0.0,0.0,1.0,36305,36305.0,60002.0,0.605063,9,12,"not computable: dump-function=none in this run: g(w) = w, no damping to measure",not computable: malus registry empty: M = 0 and Psi = 1 in every epoch (no decay to observe)
run5-tbt-2s,regionale,1,2,none,true,12,27,1,312,323,m3,16qEPM3f15FH1SsM8yqz9HJ5nwpP3ba7whwkH4,24.17,2,1,c5:esg=70.53:tau=1:c_i=0.7053,1,0.7053,11.0,19,65.387101,0.24056,3.8576,0.0,0.0,1.0,1.0,1.0,65.387101,6539,6539,8243,330,329,6539,1,65.39,0.0001,0.0,1.0,6539,6539.0,59799.0,0.10935,2,12,"not computable: dump-function=none in this run: g(w) = w, no damping to measure",not computable: malus registry empty: M = 0 and Psi = 1 in every epoch (no decay to observe)
run5-tbt-2s,regionale,1,2,none,true,12,27,1,312,323,m2,1DvpzaEbFEQsS6kv3UE1Mkc1XM2xPTJsinfjUr,26.46,1,2,c3:esg=99.26:tau=2:c_i=1.9852 c4:esg=92.76:tau=1:c_i=0.9276,3,2.9128,11.0,19,103.532688,0.380898,25.9102,-0.0,-0.0,1.0,1.0,1.0,103.532688,10353,10353,,330,329,10353,1,103.53,-0.0001,0.0,1.0,10353,10353.0,59799.0,0.17313,1,12,"not computable: dump-function=none in this run: g(w) = w, no damping to measure",not computable: malus registry empty: M = 0 and Psi = 1 in every epoch (no decay to observe)
run5-tbt-2s,regionale,1,2,none,true,12,27,1,312,323,m1,1akrbuSTPkRMU7ztM65jGiNHd5t7DPrqV7pB8G,85.56,2,2,c1:esg=17.50:tau=4:c_i=0.7000 c2:esg=77.16:tau=3:c_i=2.3148,7,3.0148,11.0,19,429.066288,1.578541,100.5603,-0.0,0.0,1.0,1.0,1.0,429.066288,42907,42907,36305,330,329,42907,1,429.07,0.0,0.0,1.0,42907,42907.0,59799.0,0.71752,9,12,"not computable: dump-function=none in this run: g(w) = w, no damping to measure",not computable: malus registry empty: M = 0 and Psi = 1 in every epoch (no decay to observe)
run5-tbt-2s,regionale,1,2,none,true,12,28,1,324,335,m3,16qEPM3f15FH1SsM8yqz9HJ5nwpP3ba7whwkH4,24.17,2,1,c5:esg=70.53:tau=1:c_i=0.7053,1,0.7053,9.0,16,65.387101,0.216571,23.0559,0.0,0.0,1.0,1.0,1.0,65.387101,6539,,6539,,341,6539,,,,0.0,1.0,,,54346.0,0.120322,0,12,"not computable: dump-function=none in this run: g(w) = w, no damping to measure",not computable: malus registry empty: M = 0 and Psi = 1 in every epoch (no decay to observe)
run5-tbt-2s,regionale,1,2,none,true,12,28,1,324,335,m2,1DvpzaEbFEQsS6kv3UE1Mkc1XM2xPTJsinfjUr,26.46,2,2,c3:esg=99.26:tau=2:c_i=1.9852 c4:esg=92.76:tau=1:c_i=0.9276,3,2.9128,9.0,16,129.992688,0.430554,70.337,-0.0,-0.0,1.0,1.0,1.0,129.992688,12999,12999,10353,342,341,12999,1,129.99,-0.0001,0.0,1.0,12999,12999.0,54346.0,0.23919,6,12,"not computable: dump-function=none in this run: g(w) = w, no damping to measure",not computable: malus registry empty: M = 0 and Psi = 1 in every epoch (no decay to observe)
run5-tbt-2s,regionale,1,2,none,true,12,28,1,324,335,m1,1akrbuSTPkRMU7ztM65jGiNHd5t7DPrqV7pB8G,85.56,2,2,c1:esg=17.50:tau=3:c_i=0.5250 c2:esg=77.16:tau=2:c_i=1.5432,5,2.0682,9.0,16,348.075192,1.152874,100.8747,0.0,-0.0,1.0,1.0,1.0,348.075192,34808,34808,42907,342,341,34808,1,348.08,0.0001,0.0,1.0,34808,34808.0,54346.0,0.640489,6,12,"not computable: dump-function=none in this run: g(w) = w, no damping to measure",not computable: malus registry empty: M = 0 and Psi = 1 in every epoch (no decay to observe)
run5-tbt-2s,regionale,1,2,none,true,12,29,1,336,347,m3,16qEPM3f15FH1SsM8yqz9HJ5nwpP3ba7whwkH4,24.17,1,1,c5:esg=70.53:tau=1:c_i=0.7053,1,0.7053,12.0,18,41.217101,0.158319,18.4204,0.0,0.0,1.0,1.0,1.0,41.217101,4122,4122,,354,353,4122,1,41.22,0.0001,0.0,1.0,4122,4122.0,62483.0,0.06597,0,12,"not computable: dump-function=none in this run: g(w) = w, no damping to measure",not computable: malus registry empty: M = 0 and Psi = 1 in every epoch (no decay to observe)
run5-tbt-2s,regionale,1,2,none,true,12,29,1,336,347,m2,1DvpzaEbFEQsS6kv3UE1Mkc1XM2xPTJsinfjUr,26.46,2,2,c3:esg=99.26:tau=2:c_i=1.9852 c4:esg=92.76:tau=2:c_i=1.8552,4,3.8404,12.0,18,154.536984,0.593593,28.684,-0.0,-0.0,1.0,1.0,1.0,154.536984,15454,15454,12999,354,353,15454,1,154.54,0.0001,0.0,1.0,15454,15454.0,62483.0,0.247331,4,12,"not computable: dump-function=none in this run: g(w) = w, no damping to measure",not computable: malus registry empty: M = 0 and Psi = 1 in every epoch (no decay to observe)
run5-tbt-2s,regionale,1,2,none,true,12,29,1,336,347,m1,1akrbuSTPkRMU7ztM65jGiNHd5t7DPrqV7pB8G,85.56,2,2,c1:esg=17.50:tau=4:c_i=0.7000 c2:esg=77.16:tau=3:c_i=2.3148,7,3.0148,12.0,18,429.066288,1.648088,99.8636,-0.0,-0.0,1.0,1.0,1.0,429.066288,42907,42907,34808,354,353,42907,1,429.07,0.0,0.0,1.0,42907,42907.0,62483.0,0.686699,8,12,"not computable: dump-function=none in this run: g(w) = w, no damping to measure",not computable: malus registry empty: M = 0 and Psi = 1 in every epoch (no decay to observe)
run5-tbt-2s,regionale,1,2,none,true,12,30,1,348,359,m3,16qEPM3f15FH1SsM8yqz9HJ5nwpP3ba7whwkH4,24.17,2,1,c5:esg=70.53:tau=2:c_i=1.4106,2,1.4106,12.0,20,82.434202,0.329726,14.7273,0.0,0.0,1.0,1.0,1.0,82.434202,8243,8243,4122,366,365,8243,1,82.43,-0.0002,0.0,1.0,8243,8243.0,60002.0,0.137379,1,12,"not computable: dump-function=none in this run: g(w) = w, no damping to measure",not computable: malus registry empty: M = 0 and Psi = 1 in every epoch (no decay to observe)
run5-tbt-2s,regionale,1,2,none,true,12,30,1,348,359,m2,1DvpzaEbFEQsS6kv3UE1Mkc1XM2xPTJsinfjUr,26.46,2,2,c3:esg=99.26:tau=2:c_i=1.9852 c4:esg=92.76:tau=2:c_i=1.8552,4,3.8404,12.0,20,154.536984,0.618128,11.7192,-0.0,-0.0,1.0,1.0,1.0,154.536984,15454,,15454,,365,15454,,,,0.0,1.0,,,60002.0,0.257558,0,12,"not computable: dump-function=none in this run: g(w) = w, no damping to measure",not computable: malus registry empty: M = 0 and Psi = 1 in every epoch (no decay to observe)
run5-tbt-2s,regionale,1,2,none,true,12,30,1,348,359,m1,1akrbuSTPkRMU7ztM65jGiNHd5t7DPrqV7pB8G,85.56,2,2,c1:esg=17.50:tau=4:c_i=0.7000 c2:esg=77.16:tau=2:c_i=1.5432,6,2.2432,12.0,20,363.048192,1.452146,100.2744,-0.0,-0.0,1.0,1.0,1.0,363.048192,36305,36305,42907,366,365,36305,1,363.05,0.0,0.0,1.0,36305,36305.0,60002.0,0.605063,11,12,"not computable: dump-function=none in this run: g(w) = w, no damping to measure",not computable: malus registry empty: M = 0 and Psi = 1 in every epoch (no decay to observe)
run5-tbt-2s,regionale,1,2,none,true,12,31,1,360,371,m3,16qEPM3f15FH1SsM8yqz9HJ5nwpP3ba7whwkH4,24.17,2,1,c5:esg=70.53:tau=1:c_i=0.7053,1,0.7053,11.0,17,65.387101,0.24056,11.7457,0.0,0.0,1.0,1.0,1.0,65.387101,6539,6539,8243,379,378,6539,1,65.39,0.0001,0.0,1.0,6539,6539.0,59799.0,0.10935,0,12,"not computable: dump-function=none in this run: g(w) = w, no damping to measure",not computable: malus registry empty: M = 0 and Psi = 1 in every epoch (no decay to observe)
run5-tbt-2s,regionale,1,2,none,true,12,31,1,360,371,m2,1DvpzaEbFEQsS6kv3UE1Mkc1XM2xPTJsinfjUr,26.46,1,2,c3:esg=99.26:tau=2:c_i=1.9852 c4:esg=92.76:tau=1:c_i=0.9276,3,2.9128,11.0,17,103.532688,0.380898,64.5582,-0.0,-0.0,1.0,1.0,1.0,103.532688,10353,10353,,378,377,10353,1,103.53,-0.0001,0.0,1.0,10353,10353.0,59799.0,0.17313,1,12,"not computable: dump-function=none in this run: g(w) = w, no damping to measure",not computable: malus registry empty: M = 0 and Psi = 1 in every epoch (no decay to observe)
run5-tbt-2s,regionale,1,2,none,true,12,31,1,360,371,m1,1akrbuSTPkRMU7ztM65jGiNHd5t7DPrqV7pB8G,85.56,2,2,c1:esg=17.50:tau=4:c_i=0.7000 c2:esg=77.16:tau=3:c_i=2.3148,7,3.0148,11.0,17,429.066288,1.578541,101.1138,-0.0,0.0,1.0,1.0,1.0,429.066288,42907,42907,36305,378,377,42907,1,429.07,0.0,0.0,1.0,42907,42907.0,59799.0,0.71752,11,12,"not computable: dump-function=none in this run: g(w) = w, no damping to measure",not computable: malus registry empty: M = 0 and Psi = 1 in every epoch (no decay to observe)
run5-tbt-2s,regionale,1,2,none,true,12,32,1,372,383,m3,16qEPM3f15FH1SsM8yqz9HJ5nwpP3ba7whwkH4,24.17,2,1,c5:esg=70.53:tau=1:c_i=0.7053,1,0.7053,12.0,20,65.387101,0.241805,9.3724,0.0,0.0,1.0,1.0,1.0,65.387101,6539,,6539,,389,6539,,,,0.0,1.0,,,64900.0,0.100755,0,12,"not computable: dump-function=none in this run: g(w) = w, no damping to measure",not computable: malus registry empty: M = 0 and Psi = 1 in every epoch (no decay to observe)
run5-tbt-2s,regionale,1,2,none,true,12,32,1,372,383,m2,1DvpzaEbFEQsS6kv3UE1Mkc1XM2xPTJsinfjUr,26.46,2,2,c3:esg=99.26:tau=2:c_i=1.9852 c4:esg=92.76:tau=2:c_i=1.8552,4,3.8404,12.0,20,154.536984,0.571486,25.7962,-0.0,-0.0,1.0,1.0,1.0,154.536984,15454,15454,10353,390,389,15454,1,154.54,0.0001,0.0,1.0,15454,15454.0,64900.0,0.23812,2,12,"not computable: dump-function=none in this run: g(w) = w, no damping to measure",not computable: malus registry empty: M = 0 and Psi = 1 in every epoch (no decay to observe)
run5-tbt-2s,regionale,1,2,none,true,12,32,1,372,383,m1,1akrbuSTPkRMU7ztM65jGiNHd5t7DPrqV7pB8G,85.56,2,2,c1:esg=17.50:tau=4:c_i=0.7000 c2:esg=77.16:tau=3:c_i=2.3148,7,3.0148,12.0,20,429.066288,1.586709,100.7883,0.0,0.0,1.0,1.0,1.0,429.066288,42907,,42907,,389,42907,,,,0.0,1.0,,,64900.0,0.661125,10,12,"not computable: dump-function=none in this run: g(w) = w, no damping to measure",not computable: malus registry empty: M = 0 and Psi = 1 in every epoch (no decay to observe)
run5-tbt-2s,regionale,1,2,none,true,12,33,1,384,395,m3,16qEPM3f15FH1SsM8yqz9HJ5nwpP3ba7whwkH4,24.17,1,1,c5:esg=70.53:tau=1:c_i=0.7053,1,0.7053,10.0,15,41.217101,0.183719,7.4736,0.0,0.0,1.0,1.0,1.0,41.217101,4122,4122,,404,403,4122,1,41.22,0.0001,0.0,1.0,4122,4122.0,44870.0,0.091865,0,12,"not computable: dump-function=none in this run: g(w) = w, no damping to measure",not computable: malus registry empty: M = 0 and Psi = 1 in every epoch (no decay to observe)
run5-tbt-2s,regionale,1,2,none,true,12,33,1,384,395,m2,1DvpzaEbFEQsS6kv3UE1Mkc1XM2xPTJsinfjUr,26.46,2,2,c3:esg=99.26:tau=2:c_i=1.9852 c4:esg=92.76:tau=1:c_i=0.9276,3,2.9128,10.0,15,129.992688,0.579422,70.3464,-0.0,-0.0,1.0,1.0,1.0,129.992688,12999,12999,15454,404,403,12999,1,129.99,-0.0001,0.0,1.0,12999,12999.0,44870.0,0.289704,3,12,"not computable: dump-function=none in this run: g(w) = w, no damping to measure",not computable: malus registry empty: M = 0 and Psi = 1 in every epoch (no decay to observe)
run5-tbt-2s,regionale,1,2,none,true,12,33,1,384,395,m1,1akrbuSTPkRMU7ztM65jGiNHd5t7DPrqV7pB8G,85.56,1,2,c1:esg=17.50:tau=4:c_i=0.7000 c2:esg=77.16:tau=2:c_i=1.5432,6,2.2432,10.0,15,277.488192,1.23686,100.7808,0.0,0.0,1.0,1.0,1.0,277.488192,27749,27749,,404,403,27749,1,277.49,0.0,0.0,1.0,27749,27749.0,44870.0,0.618431,9,12,"not computable: dump-function=none in this run: g(w) = w, no damping to measure",not computable: malus registry empty: M = 0 and Psi = 1 in every epoch (no decay to observe)
run5-tbt-2s,regionale,1,2,none,true,12,34,1,396,407,m3,16qEPM3f15FH1SsM8yqz9HJ5nwpP3ba7whwkH4,24.17,2,1,c5:esg=70.53:tau=1:c_i=0.7053,1,0.7053,8.0,15,65.387101,0.202284,5.9699,0.0,0.0,1.0,1.0,1.0,65.387101,6539,6539,4122,415,413,6539,1,65.39,0.0001,0.0,1.0,6539,6539.0,51720.0,0.126431,0,12,"not computable: dump-function=none in this run: g(w) = w, no damping to measure",not computable: malus registry empty: M = 0 and Psi = 1 in every epoch (no decay to observe)
run5-tbt-2s,regionale,1,2,none,true,12,34,1,396,407,m2,1DvpzaEbFEQsS6kv3UE1Mkc1XM2xPTJsinfjUr,26.46,2,2,c3:esg=99.26:tau=1:c_i=0.9926 c4:esg=92.76:tau=1:c_i=0.9276,2,1.9202,8.0,15,103.728492,0.320898,28.149,-0.0,0.0,1.0,1.0,1.0,103.728492,10373,10373,12999,415,413,10373,1,103.73,0.0001,0.0,1.0,10373,10373.0,51720.0,0.200561,0,12,"not computable: dump-function=none in this run: g(w) = w, no damping to measure",not computable: malus registry empty: M = 0 and Psi = 1 in every epoch (no decay to observe)
run5-tbt-2s,regionale,1,2,none,true,12,34,1,396,407,m1,1akrbuSTPkRMU7ztM65jGiNHd5t7DPrqV7pB8G,85.56,2,2,c1:esg=17.50:tau=3:c_i=0.5250 c2:esg=77.16:tau=2:c_i=1.5432,5,2.0682,8.0,15,348.075192,1.076818,100.6393,0.0,-0.0,1.0,1.0,1.0,348.075192,34808,34808,27749,415,414,34808,1,348.08,0.0001,0.0,1.0,34808,34808.0,51720.0,0.673009,12,12,"not computable: dump-function=none in this run: g(w) = w, no damping to measure",not computable: malus registry empty: M = 0 and Psi = 1 in every epoch (no decay to observe)
run5-tbt-2s,regionale,1,2,none,true,12,35,1,408,419,m3,16qEPM3f15FH1SsM8yqz9HJ5nwpP3ba7whwkH4,24.17,2,1,c5:esg=70.53:tau=1:c_i=0.7053,1,0.7053,10.0,18,65.387101,0.230237,4.7516,0.0,0.0,1.0,1.0,1.0,65.387101,6539,,6539,,426,6539,,,,0.0,1.0,,,56801.0,0.115121,0,12,"not computable: dump-function=none in this run: g(w) = w, no damping to measure",not computable: malus registry empty: M = 0 and Psi = 1 in every epoch (no decay to observe)
run5-tbt-2s,regionale,1,2,none,true,12,35,1,408,419,m2,1DvpzaEbFEQsS6kv3UE1Mkc1XM2xPTJsinfjUr,26.46,2,2,c3:esg=99.26:tau=2:c_i=1.9852 c4:esg=92.76:tau=2:c_i=1.8552,4,3.8404,10.0,18,154.536984,0.544145,11.1691,0.0,0.0,1.0,1.0,1.0,154.536984,15454,15454,10373,427,426,15454,1,154.54,0.0001,0.0,1.0,15454,15454.0,56801.0,0.272073,0,12,"not computable: dump-function=none in this run: g(w) = w, no damping to measure",not computable: malus registry empty: M = 0 and Psi = 1 in every epoch (no decay to observe)
run5-tbt-2s,regionale,1,2,none,true,12,35,1,408,419,m1,1akrbuSTPkRMU7ztM65jGiNHd5t7DPrqV7pB8G,85.56,2,2,c1:esg=17.50:tau=3:c_i=0.5250 c2:esg=77.16:tau=2:c_i=1.5432,5,2.0682,10.0,18,348.075192,1.225618,101.0245,-0.0,0.0,1.0,1.0,1.0,348.075192,34808,,34808,,426,34808,,,,0.0,1.0,,,56801.0,0.612806,12,12,"not computable: dump-function=none in this run: g(w) = w, no damping to measure",not computable: malus registry empty: M = 0 and Psi = 1 in every epoch (no decay to observe)
run5-tbt-2s,regionale,1,2,none,true,12,36,1,420,431,m3,16qEPM3f15FH1SsM8yqz9HJ5nwpP3ba7whwkH4,24.17,1,1,c5:esg=70.53:tau=2:c_i=1.4106,2,1.4106,12.0,18,58.264202,0.262963,3.7771,0.0,0.0,1.0,1.0,1.0,58.264202,5826,5826,,438,437,5826,1,58.26,-0.0002,0.0,1.0,5826,5826.0,53176.0,0.109561,0,12,"not computable: dump-function=none in this run: g(w) = w, no damping to measure",not computable: malus registry empty: M = 0 and Psi = 1 in every epoch (no decay to observe)
run5-tbt-2s,regionale,1,2,none,true,12,36,1,420,431,m2,1DvpzaEbFEQsS6kv3UE1Mkc1XM2xPTJsinfjUr,26.46,2,2,c3:esg=99.26:tau=2:c_i=1.9852 c4:esg=92.76:tau=1:c_i=0.9276,3,2.9128,12.0,18,129.992688,0.586694,64.2886,0.0,0.0,1.0,1.0,1.0,129.992688,12999,12999,15454,438,437,12999,1,129.99,-0.0001,0.0,1.0,12999,12999.0,53176.0,0.244452,1,12,"not computable: dump-function=none in this run: g(w) = w, no damping to measure",not computable: malus registry empty: M = 0 and Psi = 1 in every epoch (no decay to observe)
run5-tbt-2s,regionale,1,2,none,true,12,36,1,420,431,m1,1akrbuSTPkRMU7ztM65jGiNHd5t7DPrqV7pB8G,85.56,1,2,c1:esg=17.50:tau=4:c_i=0.7000 c2:esg=77.16:tau=3:c_i=2.3148,7,3.0148,12.0,18,343.506288,1.550343,100.8016,0.0,-0.0,1.0,1.0,1.0,343.506288,34351,34351,,438,437,34351,1,343.51,0.0,0.0,1.0,34351,34351.0,53176.0,0.645987,11,12,"not computable: dump-function=none in this run: g(w) = w, no damping to measure",not computable: malus registry empty: M = 0 and Psi = 1 in every epoch (no decay to observe)
run5-tbt-2s,regionale,1,2,none,true,12,37,1,432,443,m3,16qEPM3f15FH1SsM8yqz9HJ5nwpP3ba7whwkH4,24.17,2,1,c5:esg=70.53:tau=1:c_i=0.7053,1,0.7053,11.0,19,65.387101,0.246756,23.0126,0.0,0.0,1.0,1.0,1.0,65.387101,6539,6539,5826,451,450,6539,1,65.39,0.0001,0.0,1.0,6539,6539.0,58298.0,0.112165,0,12,"not computable: dump-function=none in this run: g(w) = w, no damping to measure",not computable: malus registry empty: M = 0 and Psi = 1 in every epoch (no decay to observe)
run5-tbt-2s,regionale,1,2,none,true,12,37,1,432,443,m2,1DvpzaEbFEQsS6kv3UE1Mkc1XM2xPTJsinfjUr,26.46,2,2,c3:esg=99.26:tau=2:c_i=1.9852 c4:esg=92.76:tau=2:c_i=1.8552,4,3.8404,11.0,19,154.536984,0.583186,25.7098,0.0,0.0,1.0,1.0,1.0,154.536984,15454,15454,12999,451,450,15454,1,154.54,0.0001,0.0,1.0,15454,15454.0,58298.0,0.265086,0,12,"not computable: dump-function=none in this run: g(w) = w, no damping to measure",not computable: malus registry empty: M = 0 and Psi = 1 in every epoch (no decay to observe)
run5-tbt-2s,regionale,1,2,none,true,12,37,1,432,443,m1,1akrbuSTPkRMU7ztM65jGiNHd5t7DPrqV7pB8G,85.56,2,2,c1:esg=17.50:tau=4:c_i=0.7000 c2:esg=77.16:tau=2:c_i=1.5432,6,2.2432,11.0,19,363.048192,1.370058,100.8156,-0.0,0.0,1.0,1.0,1.0,363.048192,36305,36305,34351,450,449,36305,1,363.05,0.0,0.0,1.0,36305,36305.0,58298.0,0.622749,12,12,"not computable: dump-function=none in this run: g(w) = w, no damping to measure",not computable: malus registry empty: M = 0 and Psi = 1 in every epoch (no decay to observe)
run5-tbt-2s,regionale,1,2,none,true,12,38,1,444,455,m3,16qEPM3f15FH1SsM8yqz9HJ5nwpP3ba7whwkH4,24.17,2,1,c5:esg=70.53:tau=1:c_i=0.7053,1,0.7053,9.0,16,65.387101,0.201809,18.3858,0.0,0.0,1.0,1.0,1.0,65.387101,6539,,6539,,461,6539,,,,0.0,1.0,,,58321.0,0.112121,2,12,"not computable: dump-function=none in this run: g(w) = w, no damping to measure",not computable: malus registry empty: M = 0 and Psi = 1 in every epoch (no decay to observe)
run5-tbt-2s,regionale,1,2,none,true,12,38,1,444,455,m2,1DvpzaEbFEQsS6kv3UE1Mkc1XM2xPTJsinfjUr,26.46,2,2,c3:esg=99.26:tau=1:c_i=0.9926 c4:esg=92.76:tau=1:c_i=0.9276,2,1.9202,9.0,16,103.728492,0.320145,70.1935,0.0,0.0,1.0,1.0,1.0,103.728492,10373,10373,15454,462,461,10373,1,103.73,0.0001,0.0,1.0,10373,10373.0,58321.0,0.17786,0,12,"not computable: dump-function=none in this run: g(w) = w, no damping to measure",not computable: malus registry empty: M = 0 and Psi = 1 in every epoch (no decay to observe)
run5-tbt-2s,regionale,1,2,none,true,12,38,1,444,455,m1,1akrbuSTPkRMU7ztM65jGiNHd5t7DPrqV7pB8G,85.56,2,2,c1:esg=17.50:tau=3:c_i=0.5250 c2:esg=77.16:tau=3:c_i=2.3148,6,2.8398,9.0,16,414.093288,1.278046,100.9693,0.0,-0.0,1.0,1.0,1.0,414.093288,41409,41409,36305,462,461,41409,1,414.09,-0.0,0.0,1.0,41409,41409.0,58321.0,0.710019,10,12,"not computable: dump-function=none in this run: g(w) = w, no damping to measure",not computable: malus registry empty: M = 0 and Psi = 1 in every epoch (no decay to observe)
run5-tbt-2s,regionale,1,2,none,true,12,39,1,456,467,m3,16qEPM3f15FH1SsM8yqz9HJ5nwpP3ba7whwkH4,24.17,1,1,c5:esg=70.53:tau=1:c_i=0.7053,1,0.7053,11.0,17,41.217101,0.162271,14.7239,0.0,0.0,1.0,1.0,1.0,41.217101,4122,4122,,475,474,4122,1,41.22,0.0001,0.0,1.0,4122,4122.0,55881.0,0.073764,2,12,"not computable: dump-function=none in this run: g(w) = w, no damping to measure",not computable: malus registry empty: M = 0 and Psi = 1 in every epoch (no decay to observe)
run5-tbt-2s,regionale,1,2,none,true,12,39,1,456,467,m2,1DvpzaEbFEQsS6kv3UE1Mkc1XM2xPTJsinfjUr,26.46,2,2,c3:esg=99.26:tau=2:c_i=1.9852 c4:esg=92.76:tau=2:c_i=1.8552,4,3.8404,11.0,17,154.536984,0.608411,28.0717,0.0,0.0,1.0,1.0,1.0,154.536984,15454,15454,10373,475,474,15454,1,154.54,0.0001,0.0,1.0,15454,15454.0,55881.0,0.276552,8,12,"not computable: dump-function=none in this run: g(w) = w, no damping to measure",not computable: malus registry empty: M = 0 and Psi = 1 in every epoch (no decay to observe)
run5-tbt-2s,regionale,1,2,none,true,12,39,1,456,467,m1,1akrbuSTPkRMU7ztM65jGiNHd5t7DPrqV7pB8G,85.56,2,2,c1:esg=17.50:tau=4:c_i=0.7000 c2:esg=77.16:tau=2:c_i=1.5432,6,2.2432,11.0,17,363.048192,1.429318,100.6126,-0.0,-0.0,1.0,1.0,1.0,363.048192,36305,36305,41409,474,473,36305,1,363.05,0.0,0.0,1.0,36305,36305.0,55881.0,0.649684,2,12,"not computable: dump-function=none in this run: g(w) = w, no damping to measure",not computable: malus registry empty: M = 0 and Psi = 1 in every epoch (no decay to observe)
run5-tbt-2s,regionale,1,2,none,true,12,40,1,468,479,m3,16qEPM3f15FH1SsM8yqz9HJ5nwpP3ba7whwkH4,24.17,2,1,c5:esg=70.53:tau=2:c_i=1.4106,2,1.4106,15.0,23,82.434202,0.349656,11.8037,0.0,0.0,1.0,1.0,1.0,82.434202,8243,8243,4122,486,485,8243,1,82.43,-0.0002,0.0,1.0,8243,8243.0,70727.0,0.116547,1,12,"not computable: dump-function=none in this run: g(w) = w, no damping to measure",not computable: malus registry empty: M = 0 and Psi = 1 in every epoch (no decay to observe)
run5-tbt-2s,regionale,1,2,none,true,12,40,1,468,479,m2,1DvpzaEbFEQsS6kv3UE1Mkc1XM2xPTJsinfjUr,26.46,2,2,c3:esg=99.26:tau=3:c_i=2.9778 c4:esg=92.76:tau=2:c_i=1.8552,5,4.833,15.0,23,180.80118,0.766892,11.494,0.0,0.0,1.0,1.0,1.0,180.80118,18080,18080,15454,486,485,18080,1,180.8,-0.0,0.0,1.0,18080,18080.0,70727.0,0.255631,0,12,"not computable: dump-function=none in this run: g(w) = w, no damping to measure",not computable: malus registry empty: M = 0 and Psi = 1 in every epoch (no decay to observe)
run5-tbt-2s,regionale,1,2,none,true,12,40,1,468,479,m1,1akrbuSTPkRMU7ztM65jGiNHd5t7DPrqV7pB8G,85.56,2,2,c1:esg=17.50:tau=5:c_i=0.8750 c2:esg=77.16:tau=3:c_i=2.3148,8,3.1898,15.0,23,444.039288,1.883452,100.2812,-0.0,0.0,1.0,1.0,1.0,444.039288,44404,44404,36305,486,485,44404,1,444.04,0.0,0.0,1.0,44404,44404.0,70727.0,0.627822,11,12,"not computable: dump-function=none in this run: g(w) = w, no damping to measure",not computable: malus registry empty: M = 0 and Psi = 1 in every epoch (no decay to observe)
run5-tbt-2s,regionale,1,2,none,true,12,41,1,480,491,m3,16qEPM3f15FH1SsM8yqz9HJ5nwpP3ba7whwkH4,24.17,2,1,c5:esg=70.53:tau=1:c_i=0.7053,1,0.7053,11.0,18,65.387101,0.230367,9.4187,0.0,0.0,1.0,1.0,1.0,65.387101,6539,6539,8243,498,497,6539,1,65.39,0.0001,0.0,1.0,6539,6539.0,62445.0,0.104716,0,12,"not computable: dump-function=none in this run: g(w) = w, no damping to measure",not computable: malus registry empty: M = 0 and Psi = 1 in every epoch (no decay to observe)
run5-tbt-2s,regionale,1,2,none,true,12,41,1,480,491,m2,1DvpzaEbFEQsS6kv3UE1Mkc1XM2xPTJsinfjUr,26.46,2,2,c3:esg=99.26:tau=2:c_i=1.9852 c4:esg=92.76:tau=1:c_i=0.9276,3,2.9128,11.0,18,129.992688,0.45798,64.4717,0.0,-0.0,1.0,1.0,1.0,129.992688,12999,12999,18080,498,497,12999,1,129.99,-0.0001,0.0,1.0,12999,12999.0,62445.0,0.208167,0,12,"not computable: dump-function=none in this run: g(w) = w, no damping to measure",not computable: malus registry empty: M = 0 and Psi = 1 in every epoch (no decay to observe)
run5-tbt-2s,regionale,1,2,none,true,12,41,1,480,491,m1,1akrbuSTPkRMU7ztM65jGiNHd5t7DPrqV7pB8G,85.56,2,2,c1:esg=17.50:tau=4:c_i=0.7000 c2:esg=77.16:tau=3:c_i=2.3148,7,3.0148,11.0,18,429.066288,1.511653,100.9992,0.0,0.0,1.0,1.0,1.0,429.066288,42907,42907,44404,498,497,42907,1,429.07,0.0,0.0,1.0,42907,42907.0,62445.0,0.687117,12,12,"not computable: dump-function=none in this run: g(w) = w, no damping to measure",not computable: malus registry empty: M = 0 and Psi = 1 in every epoch (no decay to observe)
run5-tbt-2s,regionale,1,2,none,true,12,42,1,492,503,m3,16qEPM3f15FH1SsM8yqz9HJ5nwpP3ba7whwkH4,24.17,2,1,c5:esg=70.53:tau=1:c_i=0.7053,1,0.7053,12.0,20,65.387101,0.241805,7.5107,0.0,0.0,1.0,1.0,1.0,65.387101,6539,,6539,,509,6539,,,,0.0,1.0,,,64900.0,0.100755,3,12,"not computable: dump-function=none in this run: g(w) = w, no damping to measure",not computable: malus registry empty: M = 0 and Psi = 1 in every epoch (no decay to observe)
run5-tbt-2s,regionale,1,2,none,true,12,42,1,492,503,m2,1DvpzaEbFEQsS6kv3UE1Mkc1XM2xPTJsinfjUr,26.46,2,2,c3:esg=99.26:tau=2:c_i=1.9852 c4:esg=92.76:tau=2:c_i=1.8552,4,3.8404,12.0,20,154.536984,0.571486,25.6981,-0.0,-0.0,1.0,1.0,1.0,154.536984,15454,15454,12999,510,509,15454,1,154.54,0.0001,0.0,1.0,15454,15454.0,64900.0,0.23812,6,12,"not computable: dump-function=none in this run: g(w) = w, no damping to measure",not computable: malus registry empty: M = 0 and Psi = 1 in every epoch (no decay to observe)
run5-tbt-2s,regionale,1,2,none,true,12,42,1,492,503,m1,1akrbuSTPkRMU7ztM65jGiNHd5t7DPrqV7pB8G,85.56,2,2,c1:esg=17.50:tau=4:c_i=0.7000 c2:esg=77.16:tau=3:c_i=2.3148,7,3.0148,12.0,20,429.066288,1.586709,100.8839,0.0,0.0,1.0,1.0,1.0,429.066288,42907,,42907,,509,42907,,,,0.0,1.0,,,64900.0,0.661125,3,12,"not computable: dump-function=none in this run: g(w) = w, no damping to measure",not computable: malus registry empty: M = 0 and Psi = 1 in every epoch (no decay to observe)
run5-tbt-2s,regionale,1,2,none,true,12,43,1,504,515,m3,16qEPM3f15FH1SsM8yqz9HJ5nwpP3ba7whwkH4,24.17,1,1,c5:esg=70.53:tau=2:c_i=1.4106,2,1.4106,13.0,17,58.264202,0.272308,6.0232,0.0,0.0,1.0,1.0,1.0,58.264202,5826,5826,,523,522,5826,1,58.26,-0.0002,0.0,1.0,5826,5826.0,55631.0,0.104726,0,12,"not computable: dump-function=none in this run: g(w) = w, no damping to measure",not computable: malus registry empty: M = 0 and Psi = 1 in every epoch (no decay to observe)
run5-tbt-2s,regionale,1,2,none,true,12,43,1,504,515,m2,1DvpzaEbFEQsS6kv3UE1Mkc1XM2xPTJsinfjUr,26.46,2,2,c3:esg=99.26:tau=2:c_i=1.9852 c4:esg=92.76:tau=2:c_i=1.8552,4,3.8404,13.0,17,154.536984,0.722256,70.9079,-0.0,-0.0,1.0,1.0,1.0,154.536984,15454,,15454,,522,15454,,,,0.0,1.0,,,55631.0,0.277795,6,12,"not computable: dump-function=none in this run: g(w) = w, no damping to measure",not computable: malus registry empty: M = 0 and Psi = 1 in every epoch (no decay to observe)
run5-tbt-2s,regionale,1,2,none,true,12,43,1,504,515,m1,1akrbuSTPkRMU7ztM65jGiNHd5t7DPrqV7pB8G,85.56,1,2,c1:esg=17.50:tau=4:c_i=0.7000 c2:esg=77.16:tau=3:c_i=2.3148,7,3.0148,13.0,17,343.506288,1.605437,99.8107,0.0,0.0,1.0,1.0,1.0,343.506288,34351,34351,,523,522,34351,1,343.51,0.0,0.0,1.0,34351,34351.0,55631.0,0.617479,6,12,"not computable: dump-function=none in this run: g(w) = w, no damping to measure",not computable: malus registry empty: M = 0 and Psi = 1 in every epoch (no decay to observe)
run5-tbt-2s,regionale,1,2,none,true,12,44,1,516,527,m3,16qEPM3f15FH1SsM8yqz9HJ5nwpP3ba7whwkH4,24.17,2,1,c5:esg=70.53:tau=1:c_i=0.7053,1,0.7053,10.0,16,65.387101,0.245831,4.8095,0.0,0.0,1.0,1.0,1.0,65.387101,6539,6539,5826,534,533,6539,1,65.39,0.0001,0.0,1.0,6539,6539.0,53197.0,0.12292,6,12,"not computable: dump-function=none in this run: g(w) = w, no damping to measure",not computable: malus registry empty: M = 0 and Psi = 1 in every epoch (no decay to observe)
run5-tbt-2s,regionale,1,2,none,true,12,44,1,516,527,m2,1DvpzaEbFEQsS6kv3UE1Mkc1XM2xPTJsinfjUr,26.46,1,2,c3:esg=99.26:tau=2:c_i=1.9852 c4:esg=92.76:tau=1:c_i=0.9276,3,2.9128,10.0,16,103.532688,0.389244,28.6192,-0.0,0.0,1.0,1.0,1.0,103.532688,10353,10353,,534,533,10353,1,103.53,-0.0001,0.0,1.0,10353,10353.0,53197.0,0.194616,0,12,"not computable: dump-function=none in this run: g(w) = w, no damping to measure",not computable: malus registry empty: M = 0 and Psi = 1 in every epoch (no decay to observe)
run5-tbt-2s,regionale,1,2,none,true,12,44,1,516,527,m1,1akrbuSTPkRMU7ztM65jGiNHd5t7DPrqV7pB8G,85.56,2,2,c1:esg=17.50:tau=4:c_i=0.7000 c2:esg=77.16:tau=2:c_i=1.5432,6,2.2432,10.0,16,363.048192,1.364925,100.3097,0.0,-0.0,1.0,1.0,1.0,363.048192,36305,36305,34351,534,533,36305,1,363.05,0.0,0.0,1.0,36305,36305.0,53197.0,0.682463,6,12,"not computable: dump-function=none in this run: g(w) = w, no damping to measure",not computable: malus registry empty: M = 0 and Psi = 1 in every epoch (no decay to observe)
run5-tbt-2s,regionale,1,2,none,true,12,45,1,528,539,m3,16qEPM3f15FH1SsM8yqz9HJ5nwpP3ba7whwkH4,24.17,2,1,c5:esg=70.53:tau=1:c_i=0.7053,1,0.7053,12.0,19,65.387101,0.241805,4.0348,0.0,0.0,1.0,1.0,1.0,65.387101,6539,,6539,,545,6539,,,,0.0,1.0,,,64900.0,0.100755,0,12,"not computable: dump-function=none in this run: g(w) = w, no damping to measure",not computable: malus registry empty: M = 0 and Psi = 1 in every epoch (no decay to observe)
run5-tbt-2s,regionale,1,2,none,true,12,45,1,528,539,m2,1DvpzaEbFEQsS6kv3UE1Mkc1XM2xPTJsinfjUr,26.46,2,2,c3:esg=99.26:tau=2:c_i=1.9852 c4:esg=92.76:tau=2:c_i=1.8552,4,3.8404,12.0,19,154.536984,0.571486,11.4205,0.0,0.0,1.0,1.0,1.0,154.536984,15454,15454,10353,546,545,15454,1,154.54,0.0001,0.0,1.0,15454,15454.0,64900.0,0.23812,0,12,"not computable: dump-function=none in this run: g(w) = w, no damping to measure",not computable: malus registry empty: M = 0 and Psi = 1 in every epoch (no decay to observe)
run5-tbt-2s,regionale,1,2,none,true,12,45,1,528,539,m1,1akrbuSTPkRMU7ztM65jGiNHd5t7DPrqV7pB8G,85.56,2,2,c1:esg=17.50:tau=4:c_i=0.7000 c2:esg=77.16:tau=3:c_i=2.3148,7,3.0148,12.0,19,429.066288,1.586709,99.797,-0.0,-0.0,1.0,1.0,1.0,429.066288,42907,42907,36305,546,545,42907,1,429.07,0.0,0.0,1.0,42907,42907.0,64900.0,0.661125,12,12,"not computable: dump-function=none in this run: g(w) = w, no damping to measure",not computable: malus registry empty: M = 0 and Psi = 1 in every epoch (no decay to observe)
run5-tbt-2s,regionale,1,2,none,true,12,46,1,540,551,m3,16qEPM3f15FH1SsM8yqz9HJ5nwpP3ba7whwkH4,24.17,1,1,c5:esg=70.53:tau=1:c_i=0.7053,1,0.7053,11.0,20,41.217101,0.15106,23.1977,0.0,0.0,1.0,1.0,1.0,41.217101,4122,4122,,558,557,4122,1,41.22,0.0001,0.0,1.0,4122,4122.0,60028.0,0.068668,0,12,"not computable: dump-function=none in this run: g(w) = w, no damping to measure",not computable: malus registry empty: M = 0 and Psi = 1 in every epoch (no decay to observe)
run5-tbt-2s,regionale,1,2,none,true,12,46,1,540,551,m2,1DvpzaEbFEQsS6kv3UE1Mkc1XM2xPTJsinfjUr,26.46,2,2,c3:esg=99.26:tau=2:c_i=1.9852 c4:esg=92.76:tau=1:c_i=0.9276,3,2.9128,11.0,20,129.992688,0.476421,64.283,0.0,-0.0,1.0,1.0,1.0,129.992688,12999,12999,15454,558,557,12999,1,129.99,-0.0001,0.0,1.0,12999,12999.0,60028.0,0.216549,3,12,"not computable: dump-function=none in this run: g(w) = w, no damping to measure",not computable: malus registry empty: M = 0 and Psi = 1 in every epoch (no decay to observe)
run5-tbt-2s,regionale,1,2,none,true,12,46,1,540,551,m1,1akrbuSTPkRMU7ztM65jGiNHd5t7DPrqV7pB8G,85.56,2,2,c1:esg=17.50:tau=4:c_i=0.7000 c2:esg=77.16:tau=3:c_i=2.3148,7,3.0148,11.0,20,429.066288,1.572519,101.2456,-0.0,0.0,1.0,1.0,1.0,429.066288,42907,,42907,,557,42907,,,,0.0,1.0,,,60028.0,0.714783,9,12,"not computable: dump-function=none in this run: g(w) = w, no damping to measure",not computable: malus registry empty: M = 0 and Psi = 1 in every epoch (no decay to observe)
run5-tbt-2s,regionale,1,2,none,true,12,47,1,552,563,m3,16qEPM3f15FH1SsM8yqz9HJ5nwpP3ba7whwkH4,24.17,2,1,c5:esg=70.53:tau=2:c_i=1.4106,2,1.4106,12.0,19,82.434202,0.384563,18.5491,0.0,0.0,1.0,1.0,1.0,82.434202,8243,8243,4122,570,569,8243,1,82.43,-0.0002,0.0,1.0,8243,8243.0,51446.0,0.160226,0,12,"not computable: dump-function=none in this run: g(w) = w, no damping to measure",not computable: malus registry empty: M = 0 and Psi = 1 in every epoch (no decay to observe)
run5-tbt-2s,regionale,1,2,none,true,12,47,1,552,563,m2,1DvpzaEbFEQsS6kv3UE1Mkc1XM2xPTJsinfjUr,26.46,2,2,c3:esg=99.26:tau=2:c_i=1.9852 c4:esg=92.76:tau=2:c_i=1.8552,4,3.8404,12.0,19,154.536984,0.720929,25.7571,-0.0,-0.0,1.0,1.0,1.0,154.536984,15454,15454,12999,570,569,15454,1,154.54,0.0001,0.0,1.0,15454,15454.0,51446.0,0.300393,2,12,"not computable: dump-function=none in this run: g(w) = w, no damping to measure",not computable: malus registry empty: M = 0 and Psi = 1 in every epoch (no decay to observe)
run5-tbt-2s,regionale,1,2,none,true,12,47,1,552,563,m1,1akrbuSTPkRMU7ztM65jGiNHd5t7DPrqV7pB8G,85.56,1,2,c1:esg=17.50:tau=4:c_i=0.7000 c2:esg=77.16:tau=2:c_i=1.5432,6,2.2432,12.0,19,277.488192,1.294508,100.8242,0.0,-0.0,1.0,1.0,1.0,277.488192,27749,27749,,570,569,27749,1,277.49,0.0,0.0,1.0,27749,27749.0,51446.0,0.539381,10,12,"not computable: dump-function=none in this run: g(w) = w, no damping to measure",not computable: malus registry empty: M = 0 and Psi = 1 in every epoch (no decay to observe)
run5-tbt-2s,regionale,1,2,none,true,12,48,1,564,575,m3,16qEPM3f15FH1SsM8yqz9HJ5nwpP3ba7whwkH4,24.17,2,1,c5:esg=70.53:tau=1:c_i=0.7053,1,0.7053,11.0,18,65.387101,0.230367,14.8031,0.0,0.0,1.0,1.0,1.0,65.387101,6539,6539,8243,582,581,6539,1,65.39,0.0001,0.0,1.0,6539,6539.0,62445.0,0.104716,0,12,"not computable: dump-function=none in this run: g(w) = w, no damping to measure",not computable: malus registry empty: M = 0 and Psi = 1 in every epoch (no decay to observe)
run5-tbt-2s,regionale,1,2,none,true,12,48,1,564,575,m2,1DvpzaEbFEQsS6kv3UE1Mkc1XM2xPTJsinfjUr,26.46,2,2,c3:esg=99.26:tau=2:c_i=1.9852 c4:esg=92.76:tau=1:c_i=0.9276,3,2.9128,11.0,18,129.992688,0.45798,70.2106,-0.0,0.0,1.0,1.0,1.0,129.992688,12999,12999,15454,582,581,12999,1,129.99,-0.0001,0.0,1.0,12999,12999.0,62445.0,0.208167,5,12,"not computable: dump-function=none in this run: g(w) = w, no damping to measure",not computable: malus registry empty: M = 0 and Psi = 1 in every epoch (no decay to observe)
run5-tbt-2s,regionale,1,2,none,true,12,48,1,564,575,m1,1akrbuSTPkRMU7ztM65jGiNHd5t7DPrqV7pB8G,85.56,2,2,c1:esg=17.50:tau=4:c_i=0.7000 c2:esg=77.16:tau=3:c_i=2.3148,7,3.0148,11.0,18,429.066288,1.511653,101.0305,-0.0,-0.0,1.0,1.0,1.0,429.066288,42907,42907,27749,582,581,42907,1,429.07,0.0,0.0,1.0,42907,42907.0,62445.0,0.687117,7,12,"not computable: dump-function=none in this run: g(w) = w, no damping to measure",not computable: malus registry empty: M = 0 and Psi = 1 in every epoch (no decay to observe)
run5-tbt-2s,regionale,1,2,none,true,12,49,1,576,587,m3,16qEPM3f15FH1SsM8yqz9HJ5nwpP3ba7whwkH4,24.17,2,1,c5:esg=70.53:tau=1:c_i=0.7053,1,0.7053,11.0,18,65.387101,0.246756,11.7947,0.0,0.0,1.0,1.0,1.0,65.387101,6539,,6539,,593,6539,,,,0.0,1.0,,,58298.0,0.112165,0,12,"not computable: dump-function=none in this run: g(w) = w, no damping to measure",not computable: malus registry empty: M = 0 and Psi = 1 in every epoch (no decay to observe)
run5-tbt-2s,regionale,1,2,none,true,12,49,1,576,587,m2,1DvpzaEbFEQsS6kv3UE1Mkc1XM2xPTJsinfjUr,26.46,2,2,c3:esg=99.26:tau=2:c_i=1.9852 c4:esg=92.76:tau=2:c_i=1.8552,4,3.8404,11.0,18,154.536984,0.583186,28.3117,0.0,0.0,1.0,1.0,1.0,154.536984,15454,15454,12999,594,593,15454,1,154.54,0.0001,0.0,1.0,15454,15454.0,58298.0,0.265086,4,12,"not computable: dump-function=none in this run: g(w) = w, no damping to measure",not computable: malus registry empty: M = 0 and Psi = 1 in every epoch (no decay to observe)
run5-tbt-2s,regionale,1,2,none,true,12,49,1,576,587,m1,1akrbuSTPkRMU7ztM65jGiNHd5t7DPrqV7pB8G,85.56,2,2,c1:esg=17.50:tau=4:c_i=0.7000 c2:esg=77.16:tau=2:c_i=1.5432,6,2.2432,11.0,18,363.048192,1.370058,100.5467,-0.0,0.0,1.0,1.0,1.0,363.048192,36305,36305,42907,594,593,36305,1,363.05,0.0,0.0,1.0,36305,36305.0,58298.0,0.622749,8,12,"not computable: dump-function=none in this run: g(w) = w, no damping to measure",not computable: malus registry empty: M = 0 and Psi = 1 in every epoch (no decay to observe)
run5-tbt-2s,regionale,1,2,none,true,12,50,1,588,599,m3,16qEPM3f15FH1SsM8yqz9HJ5nwpP3ba7whwkH4,24.17,1,1,c5:esg=70.53:tau=1:c_i=0.7053,1,0.7053,12.0,19,41.217101,0.158319,9.4056,0.0,0.0,1.0,1.0,1.0,41.217101,4122,4122,,607,605,4122,1,41.22,0.0001,0.0,1.0,4122,4122.0,62483.0,0.06597,0,12,"not computable: dump-function=none in this run: g(w) = w, no damping to measure",not computable: malus registry empty: M = 0 and Psi = 1 in every epoch (no decay to observe)
run5-tbt-2s,regionale,1,2,none,true,12,50,1,588,599,m2,1DvpzaEbFEQsS6kv3UE1Mkc1XM2xPTJsinfjUr,26.46,2,2,c3:esg=99.26:tau=2:c_i=1.9852 c4:esg=92.76:tau=2:c_i=1.8552,4,3.8404,12.0,19,154.536984,0.593593,11.3265,0.0,0.0,1.0,1.0,1.0,154.536984,15454,,15454,,605,15454,,,,0.0,1.0,,,62483.0,0.247331,3,12,"not computable: dump-function=none in this run: g(w) = w, no damping to measure",not computable: malus registry empty: M = 0 and Psi = 1 in every epoch (no decay to observe)
run5-tbt-2s,regionale,1,2,none,true,12,50,1,588,599,m1,1akrbuSTPkRMU7ztM65jGiNHd5t7DPrqV7pB8G,85.56,2,2,c1:esg=17.50:tau=4:c_i=0.7000 c2:esg=77.16:tau=3:c_i=2.3148,7,3.0148,12.0,19,429.066288,1.648088,100.7427,0.0,0.0,1.0,1.0,1.0,429.066288,42907,42907,36305,607,606,42907,1,429.07,0.0,0.0,1.0,42907,42907.0,62483.0,0.686699,9,12,"not computable: dump-function=none in this run: g(w) = w, no damping to measure",not computable: malus registry empty: M = 0 and Psi = 1 in every epoch (no decay to observe)
run5-tbt-2s,regionale,1,2,none,true,12,51,1,600,611,m3,16qEPM3f15FH1SsM8yqz9HJ5nwpP3ba7whwkH4,24.17,2,1,c5:esg=70.53:tau=2:c_i=1.4106,2,1.4106,12.0,18,82.434202,0.321677,7.5155,0.0,0.0,1.0,1.0,1.0,82.434202,8243,8243,4122,618,617,8243,1,82.43,-0.0002,0.0,1.0,8243,8243.0,61503.0,0.134026,0,12,"not computable: dump-function=none in this run: g(w) = w, no damping to measure",not computable: malus registry empty: M = 0 and Psi = 1 in every epoch (no decay to observe)
run5-tbt-2s,regionale,1,2,none,true,12,51,1,600,611,m2,1DvpzaEbFEQsS6kv3UE1Mkc1XM2xPTJsinfjUr,26.46,1,2,c3:esg=99.26:tau=2:c_i=1.9852 c4:esg=92.76:tau=1:c_i=0.9276,3,2.9128,12.0,18,103.532688,0.404008,64.5328,0.0,-0.0,1.0,1.0,1.0,103.532688,10353,10353,,618,617,10353,1,103.53,-0.0001,0.0,1.0,10353,10353.0,61503.0,0.168333,5,12,"not computable: dump-function=none in this run: g(w) = w, no damping to measure",not computable: malus registry empty: M = 0 and Psi = 1 in every epoch (no decay to observe)
run5-tbt-2s,regionale,1,2,none,true,12,51,1,600,611,m1,1akrbuSTPkRMU7ztM65jGiNHd5t7DPrqV7pB8G,85.56,2,2,c1:esg=17.50:tau=4:c_i=0.7000 c2:esg=77.16:tau=3:c_i=2.3148,7,3.0148,12.0,18,429.066288,1.674315,100.7477,0.0,-0.0,1.0,1.0,1.0,429.066288,42907,,42907,,617,42907,,,,0.0,1.0,,,61503.0,0.697641,7,12,"not computable: dump-function=none in this run: g(w) = w, no damping to measure",not computable: malus registry empty: M = 0 and Psi = 1 in every epoch (no decay to observe)
run5-tbt-2s,regionale,1,2,none,true,12,52,1,612,623,m3,16qEPM3f15FH1SsM8yqz9HJ5nwpP3ba7whwkH4,24.17,2,1,c5:esg=70.53:tau=1:c_i=0.7053,1,0.7053,9.0,16,65.387101,0.258008,5.9881,0.0,0.0,1.0,1.0,1.0,65.387101,6539,6539,8243,630,629,6539,1,65.39,0.0001,0.0,1.0,6539,6539.0,45618.0,0.143343,0,12,"not computable: dump-function=none in this run: g(w) = w, no damping to measure",not computable: malus registry empty: M = 0 and Psi = 1 in every epoch (no decay to observe)
run5-tbt-2s,regionale,1,2,none,true,12,52,1,612,623,m2,1DvpzaEbFEQsS6kv3UE1Mkc1XM2xPTJsinfjUr,26.46,2,2,c3:esg=99.26:tau=1:c_i=0.9926 c4:esg=92.76:tau=2:c_i=1.8552,3,2.8478,9.0,16,128.272788,0.506146,26.0905,-0.0,-0.0,1.0,1.0,1.0,128.272788,12827,12827,10353,630,629,12827,1,128.27,-0.0001,0.0,1.0,12827,12827.0,45618.0,0.281183,4,12,"not computable: dump-function=none in this run: g(w) = w, no damping to measure",not computable: malus registry empty: M = 0 and Psi = 1 in every epoch (no decay to observe)
run5-tbt-2s,regionale,1,2,none,true,12,52,1,612,623,m1,1akrbuSTPkRMU7ztM65jGiNHd5t7DPrqV7pB8G,85.56,1,2,c1:esg=17.50:tau=3:c_i=0.5250 c2:esg=77.16:tau=2:c_i=1.5432,5,2.0682,9.0,16,262.515192,1.035846,100.3951,-0.0,-0.0,1.0,1.0,1.0,262.515192,26252,26252,,630,629,26252,1,262.52,0.0001,0.0,1.0,26252,26252.0,45618.0,0.575475,8,12,"not computable: dump-function=none in this run: g(w) = w, no damping to measure",not computable: malus registry empty: M = 0 and Psi = 1 in every epoch (no decay to observe)
run5-tbt-2s,regionale,1,2,none,true,12,53,1,624,635,m3,16qEPM3f15FH1SsM8yqz9HJ5nwpP3ba7whwkH4,24.17,2,1,c5:esg=70.53:tau=1:c_i=0.7053,1,0.7053,11.0,18,65.387101,0.230367,4.7662,0.0,0.0,1.0,1.0,1.0,65.387101,6539,,6539,,641,6539,,,,0.0,1.0,,,62445.0,0.104716,0,12,"not computable: dump-function=none in this run: g(w) = w, no damping to measure",not computable: malus registry empty: M = 0 and Psi = 1 in every epoch (no decay to observe)
run5-tbt-2s,regionale,1,2,none,true,12,53,1,624,635,m2,1DvpzaEbFEQsS6kv3UE1Mkc1XM2xPTJsinfjUr,26.46,2,2,c3:esg=99.26:tau=2:c_i=1.9852 c4:esg=92.76:tau=1:c_i=0.9276,3,2.9128,11.0,18,129.992688,0.45798,70.6016,-0.0,0.0,1.0,1.0,1.0,129.992688,12999,12999,12827,642,641,12999,1,129.99,-0.0001,0.0,1.0,12999,12999.0,62445.0,0.208167,2,12,"not computable: dump-function=none in this run: g(w) = w, no damping to measure",not computable: malus registry empty: M = 0 and Psi = 1 in every epoch (no decay to observe)
run5-tbt-2s,regionale,1,2,none,true,12,53,1,624,635,m1,1akrbuSTPkRMU7ztM65jGiNHd5t7DPrqV7pB8G,85.56,2,2,c1:esg=17.50:tau=4:c_i=0.7000 c2:esg=77.16:tau=3:c_i=2.3148,7,3.0148,11.0,18,429.066288,1.511653,100.5442,-0.0,-0.0,1.0,1.0,1.0,429.066288,42907,42907,26252,642,641,42907,1,429.07,0.0,0.0,1.0,42907,42907.0,62445.0,0.687117,10,12,"not computable: dump-function=none in this run: g(w) = w, no damping to measure",not computable: malus registry empty: M = 0 and Psi = 1 in every epoch (no decay to observe)
run5-tbt-2s,regionale,1,2,none,true,12,54,1,636,647,m3,16qEPM3f15FH1SsM8yqz9HJ5nwpP3ba7whwkH4,24.17,1,1,c5:esg=70.53:tau=2:c_i=1.4106,2,1.4106,15.0,22,58.264202,0.25588,3.7828,0.0,0.0,1.0,1.0,1.0,58.264202,5826,5826,,654,653,5826,1,58.26,-0.0002,0.0,1.0,5826,5826.0,68310.0,0.085288,0,12,"not computable: dump-function=none in this run: g(w) = w, no damping to measure",not computable: malus registry empty: M = 0 and Psi = 1 in every epoch (no decay to observe)
run5-tbt-2s,regionale,1,2,none,true,12,54,1,636,647,m2,1DvpzaEbFEQsS6kv3UE1Mkc1XM2xPTJsinfjUr,26.46,2,2,c3:esg=99.26:tau=3:c_i=2.9778 c4:esg=92.76:tau=2:c_i=1.8552,5,4.833,15.0,22,180.80118,0.794027,28.166,0.0,0.0,1.0,1.0,1.0,180.80118,18080,18080,12999,654,653,18080,1,180.8,-0.0,0.0,1.0,18080,18080.0,68310.0,0.264676,0,12,"not computable: dump-function=none in this run: g(w) = w, no damping to measure",not computable: malus registry empty: M = 0 and Psi = 1 in every epoch (no decay to observe)
run5-tbt-2s,regionale,1,2,none,true,12,54,1,636,647,m1,1akrbuSTPkRMU7ztM65jGiNHd5t7DPrqV7pB8G,85.56,2,2,c1:esg=17.50:tau=5:c_i=0.8750 c2:esg=77.16:tau=3:c_i=2.3148,8,3.1898,15.0,22,444.039288,1.950093,100.811,-0.0,0.0,1.0,1.0,1.0,444.039288,44404,44404,42907,654,653,44404,1,444.04,0.0,0.0,1.0,44404,44404.0,68310.0,0.650037,12,12,"not computable: dump-function=none in this run: g(w) = w, no damping to measure",not computable: malus registry empty: M = 0 and Psi = 1 in every epoch (no decay to observe)
run5-tbt-2s,regionale,1,2,none,true,12,55,0,648,659,m3,16qEPM3f15FH1SsM8yqz9HJ5nwpP3ba7whwkH4,24.17,2,1,c5:esg=70.53:tau=1:c_i=0.7053,1,0.7053,11.0,16,65.387101,0.246756,23.0172,0.0,0.0,1.0,1.0,1.0,65.387101,6539,,5826,,665,6539,,,,0.0,1.0,,,68310.0,0.085288,0,11,"not computable: dump-function=none in this run: g(w) = w, no damping to measure",not computable: malus registry empty: M = 0 and Psi = 1 in every epoch (no decay to observe)
run5-tbt-2s,regionale,1,2,none,true,12,55,0,648,659,m2,1DvpzaEbFEQsS6kv3UE1Mkc1XM2xPTJsinfjUr,26.46,2,2,c3:esg=99.26:tau=2:c_i=1.9852 c4:esg=92.76:tau=2:c_i=1.8552,4,3.8404,11.0,16,154.536984,0.583186,11.1229,0.0,0.0,1.0,1.0,1.0,154.536984,15454,,18080,,665,15454,,,,0.0,1.0,,,68310.0,0.264676,1,11,"not computable: dump-function=none in this run: g(w) = w, no damping to measure",not computable: malus registry empty: M = 0 and Psi = 1 in every epoch (no decay to observe)
run5-tbt-2s,regionale,1,2,none,true,12,55,0,648,659,m1,1akrbuSTPkRMU7ztM65jGiNHd5t7DPrqV7pB8G,85.56,2,2,c1:esg=17.50:tau=4:c_i=0.7000 c2:esg=77.16:tau=2:c_i=1.5432,6,2.2432,11.0,16,363.048192,1.370058,101.1951,0.0,-0.0,1.0,1.0,1.0,363.048192,36305,,44404,,665,36305,,,,0.0,1.0,,,68310.0,0.650037,10,11,"not computable: dump-function=none in this run: g(w) = w, no damping to measure",not computable: malus registry empty: M = 0 and Psi = 1 in every epoch (no decay to observe)
