height,host,seq,txid_or_error
160,c5,1,1c5e521c453836999d40df0f7793f810975beb0244b954115871c3a23936600e
160,c1,1,941e102cb409c4fea23d13766dc6aa19cf6fb01c72d930ce58c67bad268c33de
160,c4,1,a6d391a81fb21eebbbf65fa958ed7b8662210aa521925e7dce61696e5b3089f3
160,c3,1,3cea02b4c2aea1eb827e51b120b99ef16bad9d71a59270d3440ee14169b0a101
160,c2,1,5db0754efa9dc9e5a024444f6ba6d8c328d330600e9e3037cdc7d39539833888
164,c1,2,f02817c82b6a84aac2494fd263a2382090bd5fa11175ea2f11eff0e41058829d
166,c2,2,21afa211bbcb8018d03cb18e4fad9c856c98ff6f85b4558ee45d1287123f8309
168,c3,2,8e0a6f4d1cc4d0c60f9f34b3f3bfc81bfb0a8bb461277c9a3fa6649da55bdc17
168,c1,3,3c9aed51d0e1244c24ecc4fb4cbb05640ceffd64c34831868bf725bf7e386ae0
170,c4,2,ca16dbef2a8777692974971f98b6952bcdd039b1e80ba69c14042d0c50f3c8bc
171,c2,3,483f6e73574af3ac022ca8cda9be321ae0a9ee638ba19bb4a0d06b49d4e66dfa
171,c1,4,83d49eb566fcb24c9ee8e370894a1bafbbf5d081064a96ed92bfcfe334f433a0
171,c5,2,9048aa578833e743d257b39f67aac0ecf12125e20c15b7467013412d5e932dd8
175,c3,3,8feb33751e47deb0d7acd9fc1d704409021dc1b846f15c3eb8f1724dfe5056ed
175,c1,5,0d92505a7a629a38b5a4f1ed18ad88f16dd13df1d1911d89b4e6edf4de938121
177,c2,4,f0bc5c40a7bf4acb621c2591d8518ea557e9671e6deb002c0691960e4a0ca59d
179,c4,3,b5a917bb448f45e3eed8298b2b6fdcea8faa307a843da55a2316e84177f01605
179,c1,6,712c4970aa68ef4b307af752eb9069f4fba663674f65537b87b5cfaabd84eb48
183,c3,4,4e5be9389ca85b2bd73581471250a5559ee2d2383ee33ae1a29de6f79471322b
183,c2,5,6dc5a1ffb17113a35ef6fc6474cbdb5f8889d46b88f5f23ed91ca9bbf494f2ce
183,c1,7,2e2bfce6853fbcf7b09f3e81983ec488bdeaf3f08db9d272455d658817f58d21
184,c5,3,0cdb246c5c7ef5dd2a321552c8d7f80a66d8fac8ef1f2a8c3223d2ade664ec6e
186,c1,8,bc4484209d4d97bb1506d156a15a101798af6dedfdac754a2a069998c19a1f27
188,c4,4,7a455bc9b23134427b29e0f389fb06cfda546839c19fd3081e491abf70fadbb0
188,c2,6,a979df061b58d12b45bc7a694a3086207a7e786042ec8b02148d7f70f52cb6c5
190,c3,5,36bc047e80c82887bfc731c0b05c7ea42ccf33672dfe418a06cb9952e06e7b23
190,c1,9,7efa476046ee95fb754f981dc0ce145009ce0ffbd46b064f3189eff8eaa0b14f
193,c2,7,79f9e4b81576151a421d7521ec095e6fc8db467f437ddcf7164431ceabe31cb1
193,c1,10,7d78762a349c28b1bd789f70624daa28d06ddb52663b64c154f1bbe952d83d0c
195,c5,4,d98305f0106cc71801b87eef4619a17ff9734aeb413f7c117e15844e7a0da1af
197,c4,5,d52ee652c7de7ca08d0d1b7f653d7bd94468b5a4a01598242cfa1ff351717dff
197,c3,6,33ad8868243f55e83df929d1bb2291aa25c187f3bdbb2ce05b4cf8d7aaac284f
197,c1,11,87ee8e6e7216031d4d5e352b31dc1eb8e81f329837c478cb4a0814bd5c9cbc54
199,c2,8,d6ee317134422bb90506d27c040b8f49b974af5eca29212105aa3ca8aa613b15
201,c1,12,74bfc1932099a193a16402c0bb185c191ffd753b731e5ae65414183549b56d81
204,c3,7,077e41cbe40f24f8a0a2ccc8297d55b7255dc7e010230ca05fc97995f7465e8a
204,c2,9,2c4d7db4529b3f708b810063de47754241293bc90f31046192aaf50346a12581
204,c1,13,bbcf2f7c42594739dacc03b38dae445931432d760c71f135f232f364ad378c0f
205,c5,5,d346de139acb1c4909c28ad154ebdfe7d40dc5a606ed7f0cb6b1a16102088000
205,c4,6,4c0fb9b1d7856a2116744d7fe3ca896b97614178ce7580e820bd0bc728f3b123
207,c1,14,e53c63ac9563abfea75167c18afd679eb94ada8f8e36775287a56e5de519712c
208,c2,10,571ab13ccf527f0a2ac92ce9edb0d631b39669d1e384053b26e22d66284e4dd1
210,c3,8,e89666e654d2e4ee100e13c12d9ce068d720aa9f68babd51d087cf7119993b81
210,c1,15,1dfe28ba27ffc4734f730c1ccac9e01755a37eaf8b65e597fc95151f100eb2e5
212,c4,7,b9b3d9d9ac62f4e0715ac0f3dba3383b7e0c9c1a7d39e63cc8250481043e41ef
212,c2,11,6bbb652bd35f314ecc6283f814ef80187e381610273ceca96c0a55f594652ab2
212,c1,16,3a53100d4724c134805b848af2d45db5109ccb6ad7831e02571d48c12d59baca
214,c5,6,8e5cf3d1234e690c998b74bf2afbaf763335d13301f69e228046773e21664bbc
215,c3,9,65b0385ce73a6d7e5b296ce3c7901974ddfe9bddb76317e588f4a9026728371a
215,c1,17,ec15789b497ba785343cd60fc05eee2e112e39300d07edc4a25f308604a08a05
216,c2,12,17be41492976a633e6483e82f310f4feb43a32920dceee8180582a95b2337eae
218,c1,18,434c51ddfe34844f3e2fe288e13408ec6b41ad5effac8f3d02d0d87ff39ef2e6
220,c4,8,31dfb549f3ddb5ebd15a23b9afb5b3069639cfeaec62d6cf4213dd135e4925ff
222,c3,10,40deb8b48e16986557fa7417b8dd4b2266d031b8c04718f8f6c64605eec150cf
222,c2,13,db879922dec0dc69c1ffb3e8bcc0b26715240d942c8c0eccdc2980a612763a17
222,c1,19,e40656ca5c39c1125e6a1f5b3b3a4e67a191eb8962941b6a54e741bb3f7297fc
225,c5,7,add71abc2bd6878b662dd393ad20372d6b3ab0fb03d70a5b70c4dc17b8d2a496
226,c1,20,b84c252a159dbef6726ab29caaae92b652976b5449cc535297ed1548921d93b1
227,c2,14,46778a3264cefdf18bfafdfb777a762b77f4a9bcee0a6a5bb9772b1ae0483ec2
229,c4,9,03140bde11da3b773187eb8cecd5e7e3f76fe2bd8afae4888a2941bda7dbb167
229,c3,11,1bd67b0f8e9484b2e3e087ff3aab3c79fc7a799f32e6aeaa7c88da0a196f3832
229,c1,21,2b50ce875a7f2a9abf6812a278303e313066095cb31cd1fe1c1ad309e82859b2
231,c2,15,fb50a939bc2c74e2315dc5382e8c2d66b8c5e3ee672b652bf3672a944248d62c
231,c1,22,120fdfec1d75be0fb92bdfcebfbc437906b7b9fb8c833d37bb3be4eff23f9271
234,c5,8,77c1e0d5b3695d81418489578d8f189cd4fd25e3c1ffda941fd77f91a82d3cc7
234,c3,12,b2c68c15da058e98aa84c68c5ec89297f195e8c16572513af3caeccb5c4628dd
234,c1,23,f7b1ea675e20d42a95f3883ec17e137c0dbc46f70b78565773f0138e4ce7bc34
235,c4,10,f06c058e62813c9df31ea406e56680ae71bf84d0dd1fa4c4cdee0a85f47a2d18
235,c2,16,dbd365948fc506e2c9b69d6cc03d7b6ce24d633e165d5053c2449658ea535091
237,c1,24,f32b9be9781b76041fd94054dd9d1503d420b23d2c8f77e7ada885a9386f0033
240,c3,13,237e60ca59b55fba2bac871e291e9f4594fa132aaa2860acfd9faa94aaaed728
240,c2,17,5e8ca413a8d2510d1f19f0dbd5e9a1ec29d1977702d093842524909e5c26824f
240,c1,25,d9f48475db20713d9ffb4da3849ac9df38b840a79d2bda71d9980a68ec9f671b
243,c5,9,f065e640bcdfa839695cf977bb0df57d124cfbc0942cd8f848f7660b5260fa0b
243,c4,11,a24c41546df7fb1ff8266e8485b4e554908dc0bab3022ea2fe090770adc997de
243,c1,26,1fa59ff988882867a6ff12a7346db8e38976a8dd70bc65cf510354ea8dde523d
245,c2,18,809be9eeeb6fa7b45985ced512c9dce74ffa239c602ffbccec3d135203f1927a
246,c3,14,a9f3766ef91dce70637a4a218c45e78ffec730721177063bbc20778837bfa2c1
246,c1,27,e31a965b11da095104c674bbce8f3609c4ab15ad6bee65fe1db904367b2ff5d1
248,c2,19,a0f6c14d631fdcc1ba24b8f4a9e97223e91e2a838c54a6201ae6479662814666
248,c1,28,47faeaf697cfcd612664195048d48f7bc367871832962298ac17152eff8b8611
250,c4,12,c2dd46e5dc6b3ddc0acdcc2580460707fa744b7f96ec207a70391f821621cb69
251,c3,15,256ad06e92cc89c9d7dfda2d250c4215c6f29d137f4029353e2579cfe1abfef9
251,c1,29,c3f5bef73ef8b1191d5f3679ceab046bc841dff67201312e86118eb54d5d3a7c
252,c5,10,7311893aa84d1ec8f2e1fe891666960db647a16cab71d60ad8a75bf33b1946aa
253,c2,20,1bf433ad6c3a1b69b2934fbea1306ce0affc170bcaa2eea5bff9235ee47f5632
255,c1,30,37919007cfd513314240298b9d0f849f035b88911a38106259cc3ecf8bff177e
257,c4,13,9a520b0aaf8db7db75d19291a057adf3a44c45cac29c190de30881225de7ac68
257,c3,16,0086271b93e2dda91c9ca0335040a962e8e21357c90034a936018ea6e51f564f
257,c2,21,82648aff9da08029b1796b52aec68f6a695891ec7234690fd7faa068098bf6e9
257,c1,31,9125941da76c090c335a7ce572751a88448e867ab3f097e32ff51a5b7569dfc5
261,c1,32,0358ea96cc940c44b5ef49f7160955b0fb81cbd577e68d852fff789f53a1c689
261,c5,11,9dbc5cf245fae87de74ac0600cf1c3729a7f9f15c29da5adbaac5e9c01b3e982
262,c2,22,5c2af7bfbc93acde21434a202fa17edd3acd9f7f90122182d047d57e8477f47d
264,c3,17,94577a63a19a5e3c0bccb23d4d51f653c44be54b4e9f5a1504642e8fbeda705b
264,c1,33,1c289dbdbbd3f8497e592910b78cda7a79e4e3342c3778acdd01bb57f04b2983
266,c4,14,ee88b1e03b4b2a346ad4466b0fad18e343a6a0d2e9a0b1cf8a61a05f2b707f26
268,c2,23,63ac7583a232c136b99295778d8edc6989818bb32f79a30c2e3fc1746b5ced14
268,c1,34,4a3535f99131b0d1a2e9c93101b6675bd2a8f9ec4a9d468cd055ff8c16f112d2
270,c3,18,5de0b639510d84883f41db01fec5c513aaabae65d2ae20f8bfdc06b0bc9df3f9
270,c1,35,c774ea5f5cc4c5577aebbcdd2b18bccead332341ef319bc9c5f5b7cc3c54936f
272,c5,12,1e4808dac8a81eca8bbf52a800977e2fb0591f562c900213db274d51c5bff1e3
272,c2,24,dcb226ae3441effd3ac03c15d19e47e3448af1a5de5bef6f90fc705f2c5bf6df
273,c4,15,4718e84191ea532b387537fad2bf1e40a182407eb8749085e5db6399224a7145
273,c1,36,8b6f9038c95bd11300142d65d9fe1c9db291b2942b795f5b7e4edcfe3a87a3a2
277,c3,19,5a6ae3aae71e15abf1fb5613f713cc09ee3ddaefc8dd3131e91afdd174f1468f
277,c2,25,724c47c618237e29ad7e17488e4765e997c7f055056abce12764f3242dfa0931
277,c1,37,be0889912371299890f72acfb4ccf6b91bf8199935a6bc691e87e9b59dce161e
280,c1,38,58115106ce1d0bc8d1098a0306262f4883315d92f1125af099abe5a4bbac8ab6
282,c5,13,bc8a1a2d155a09ab55548cd4a764ac7412ef4775efd660226c997e039a2e98c8
282,c4,16,34f1bbd4e32c92e73a8ae879296baf0626bf2a41a3c82d508567323323d1a5b3
282,c2,26,b3346b39a933d86f0aaa4f53fc139480fa42434dfd2e3c7d4704a2ae085b9255
283,c3,20,19b9187598826834c28e14d490e79a5d01adc24ffec13d80fcbe9c5ffd42cd1a
283,c1,39,28d912829d9726ccfb6a451604f01024d81aaf6c9436e21960c8c3505a7478d6
286,c2,27,5501389741b0d18b714f99febcddc3395a0d311817cf2513f3e6e3d98c5e24d6
286,c1,40,e94c0c028dea2e5ad870adcfc08f8aa9c8eab0e2d26f648ccbb907842f7aad54
289,c4,17,ce11b10361afb655348ab47fefb610884d7794ec388367ca3e50c5371136d6d0
289,c3,21,206090121387c2188d592825f5840b10cf4f0065b8c05ae06eea1ef1e9635a7b
289,c1,41,628a667ea2df22abc9614ee357496a5444fe171f4a87a35a066b29f113026322
290,c2,28,73630cced8302bb11d59821a936ec72df15f261be5f2c3d8c69d3f31d1fd2445
291,c5,14,f75b7971fbe9f5310710d8a45a8a8eda466171f381f9d888a10bfe562a0d3fb7
292,c1,42,03792e486037f923f6348d0401e6a204196caf6b16de236e28364cf2314ea9a6
295,c3,22,03a487d1ff13198967d225befd24a8575448eb37468591e20bf643f22cf99332
295,c2,29,bd8ef9139a10c70baed5887fc7d9ad9b70411bd9aacb17934874cff283d74439
295,c1,43,2d61a9554cf2867e9fa892385d25daad9aac4c8bfc07bf92e289b5dabf1b1d44
297,c4,18,3ad2dd506b2096d1bf8f9c266f04093e611806248264bec02cb8e70b95d66e97
299,c1,44,ba5f0d43057e61550e40348d4e8f03f2319ff849294336382e46d9c710f1d9e9
300,c2,30,842e9c28527b63882aa909cb0ed292fdba641f6730500dc997be30b1e1dcc26c
301,c5,15,4c00ec5031d7efaaf445eaf6fde77cff78b96b7378410f6052033e83aa9a3424
302,c3,23,eeeb7ad55627e7156499ca5cfa77bd4735c9b52834c01d63322054edbc6b8a57
302,c1,45,f60c0ce776eb4ddb6ddad7afed3804c51aed6bfcc4eb9c021c9535b7370190d0
305,c4,19,5d7609534eb44668811e2b59aa9e1e3e1f725b92b5c7f13daba8d02bc6d70bba
305,c2,31,9a96caf678219c00d38e8d02fcb12203e34ccc393408220fc00c18db3737830e
305,c1,46,e420d44b6985ce79a7db88cd253530aeda38e77f44d7cebd4810945f7a1a7b3e
308,c3,24,d750c04c1fec930ec60cc7ae0e8c94948e0296192b116fa1eee849380c980806
308,c1,47,e3c1d8f9c5af1d844163551d19b15a1c25d9ddb9edb72d920b603606aebcb017
310,c2,32,d8fb709eadbf18b5bdb42f7cb55cc6e2061dc075e8f6c2c69977468bf0d7e181
310,c5,16,f89a17a08b20b85bd5a039d627facf3bb73c16b5e277da27f99251704a8235d9
311,c1,48,0aa34549f047d3283914f23ad001ebf3496cd109ff2c5a62cd63a9d8192ba9ec
312,c4,20,89ea63c47e05f1ca9762e525b5fef5182b1210ee5ce1efa44c93daa213eff344
314,c3,25,44c7f371c105da1ca367da511e936c92e972377ec3f5eeba4932098adb65da3e
314,c2,33,ec4140d849612d325aa2626d4a2091ea31f7032513563497942906945197ccf7
314,c1,49,f7b703d903db207d0a1430486ca2e76924e2ec04c3f6c3789ac527dc9dadf843
316,c1,50,91c4afaabd237cc17ab287d853fd54eb380fb4bb059e8cdd8dbae48fbb6ea2ad
317,c2,34,c363bca4dfdcbe925836edc170b0a1718e5fe9aa8f5093bc93aab8cbb039bd44
319,c5,17,ba964f689993e4451c8d3773d5c82b837fca1671017f1c0fa8411d46e9ee0ebf
319,c4,21,866430a8eab91ceca01344d60e4af310e6c0a87dd9f0d4fc4de330dd58ba3fe3
319,c3,26,432d5b13af2b60c7c4d9f90161ca7720e088b1badcc83205cb847bf4b3c358e4
319,c1,51,7ebeb655e35bc7bfe83c643e9c9b84b600e325c933be3f63b522e6b6974bfdd7
322,c2,35,851717e79608a950dd9dc8d029d6247864aad74d07b784596b1d364327d1f644
322,c1,52,d4b760b830b71ebb746b1b7f03d9714105f30ac2988fc0276c732ee5bd0a1cb1
325,c3,27,681d25d2b39070cd8514607989802a1e7301e8d431ac3ea328818ef5191d985b
325,c1,53,e30f97aa7db23a56c8d6429a1adb0243f4eebbb0429fba4ab2b02cbba76b322e
326,c4,22,6a7a600ec1a04b2bd3ba7dca67aee7d1e1fb0f18c263871ae548c6085cbce75d
326,c2,36,50a29f54fe4668a7ad46920a30285729de9c9b33b331f5f13bd47cf0d90d031e
327,c1,54,ccc26404cd7048b80b5be8b2b98c29077818e81fb484939796e908a610faa7f1
328,c5,18,5f09815955b1e6cfe0467125164aa8e99141ff60b05a251394fb7f4596422aa2
330,c3,28,d9ff4467b7c347a9790b9ea4af290dbeb0b7094745ced26af2678c9978d866fe
330,c2,37,4c7ebf84194b3b3170b65b19a361c6367b1c8b33553ca99f033bdb7cee7eca98
330,c1,55,9284c09a57640da6e3d30e1785f5d6cb6228850c6018f3ea572a2be9e2c4d2a5
334,c4,23,dc25156593592152bd651ac4e69b07aa953911206dcd7c53ef5de8baa799715c
334,c1,56,40c513fd97d41fceec9b1a3a45c7cd534c0cafbd9be0af891d44767a44360eec
336,c2,38,1e305999dc444f2d241c77b4e34f1479bb33697cf84e12badfb9264d44903b75
338,c3,29,94ee9176165c94fd57d80b5817789b14a01f22f889b0e2a1f8ba9cf3a6276c74
338,c1,57,b48ef8c2a356b507e4a1a7ea91e0099b2918d6c73649f1ef51a434f78b2bdca5
338,c5,19,aa01145dd5ea58044e10381a8eee8556a01edcba8cfd9e4333053a3090dff695
340,c2,39,767f4d70d2ba9e972ef6adba306a0f67e4bcb4fc54f9ad4f8b73be4ad73b6ef2
340,c1,58,776080ea35900e2c710b5124dd2430deb336857094191474d528742a3be40bef
342,c4,24,2414fd377220e2599caee65972790afbb956defcab6b2bff7290ded35875d9ed
344,c3,30,27778b7bf64ea3dd167945bbef8eef6eee599ad37468e8a48656a2e5928d8a80
344,c1,59,160edfe6bb4c0c6fdaec29b1c13627f1cc30fb7d1f72b580d9b8c18b87c78dcf
345,c2,40,0259f4502a0925374a5374d2ec6ed741c178615e82127b249192288ddb3c0b94
347,c1,60,64afce63293cf9b87001a72c67f3228147f09025b83a52fbc4da164fc1a39ff6
348,c5,20,8afca77a4cd3bc8420293d75baf1f50b6b308dcd5f0be9baa40ad790276c85ec
350,c4,25,43f5e207ce40ba4b822658b67f90aa6207cd66f9d9a179ecae28c0d4ea9ced79
350,c3,31,c1ce1d9ae7962168810f466bffb5b2f065d04e4fd54c5c0288276f6ca2af65f4
350,c2,41,57e3d7fa24796f833ddff0af196627e115245ed20efac9c7cd947090c812c63f
350,c1,61,a5ebe6441abac6cbc859f6cc671318e20104a258c3a6e03753ed021598f1bab1
352,c1,62,cd9da48eec0eb58f749791f83eb03aa6121013c932a7f8e41d08fb42dc6e7247
355,c2,42,20788f42cbd56a034e8786a1ef52a15318be2101329f917240308224fec649ab
357,c3,32,b92d40e6d901ea1151a154cd7c3bfb39ff6aca9f3b54b829a0fa68f483ffd94b
357,c1,63,ad6160fba34a306884c8a43ac94ce768d74f687eab462bf29af679c04851fcea
358,c5,21,7749942ef9298b408d587cb76bfc9e1f4084aecebc546f0e98f862eb8b3d2c8c
358,c4,26,5c7c09953ab607f6ee4139cc6fe8c7ee45cf4857454a28f57b6f09ebac79ec7a
359,c2,43,86777cea734115807e7a50ead1af0ad4f99572e07630cd565fea6c796dfe90d5
359,c1,64,65d5fe316a488965a4ae8bdbdd470d5fdd349cb0d516baeeb883782ae5410663
362,c3,33,740038e4f5f3c55e5a9f75291a68d890c3a1f75744912eaa8a828ba5fed1104b
362,c1,65,fddcd6b145fc70d6fdb486c9ec1025987772c492f657854fa7bad39e03c982cd
364,c2,44,1c043df28d2f67f28c9fd9649c31ff43f49b0707da9e585bf408492c4b0e2c6b
366,c4,27,3c9ba1817c38e4716ba0da33c8f4638946ae44d73141ac1abb2d3b877883e27e
366,c1,66,b831dc09ce70c7b8bb0ca41464c345c11bbd08fc83bcfa24c28ca8a0050bf0b8
368,c5,22,97807051015d3eb374c927ce6b13972e705463b6948f3430a6fc8000d59a1bdc
369,c3,34,a0fba2cc17e387a8d907186f5ac4429e689d660c8cfddf3e093cfcbbbd1a85fd
369,c2,45,1305e3cc39320d36a33f771041e7208ccb0f84a0161e11a43e27d49692c9b141
369,c1,67,dbe23f8dfec5fc4298757db4babca1887462852870005713642aa7dfffc08380
372,c1,68,520aa32c7df16a08f9aeb51cb2846071a846dff586298b212d62ae57cd659836
374,c4,28,068382e7532872699e9bbe3c28ff7dc79be4069833fabb36f69da37029eae049
374,c2,46,2893d11d1976d098609436b5175d1b834cd1630b41e52aadfab67f5b4b5a907a
375,c3,35,e1c69bc664ab0c64b6f345692a4d571aee6a32aac42f319d12302652a9227788
375,c1,69,c523763df0b0bc081df76b66de65e6db5a1ea39fcffca624f105cd5138b924c6
377,c5,23,04ceaf4c06b4699ae1a37874803b78b43f93c0a3133ee1c1acb8836465f335e4
378,c2,47,966b6f425e77040ae0a275cc3c88fef0702db40e65a0f0d7140ec414e02df38c
378,c1,70,0338852531cd09e212434e8032c86f3f94b1a7e5002a5e907737832e537b5f4a
381,c4,29,265c7ff31160e83d6d7a004fd8a4ac1a6a594b6f1bc74f55cb868a9780eef934
381,c3,36,d61002be66a67cda532bff092445723a68da39b351f8f2d71cac8df946f5b136
381,c1,71,86a79171b6350fdbe125b631c1fd912c8f6195c7a2878046e0f3cc8f178fa2e3
383,c2,48,8161d36add991c625e41f23715b7f73d1cf8249ec7e874060bb72dde590ba231
384,c1,72,561de8df539bce5214f9ff4b89ea67d50b25e87a1b91d6e79e2b391b3497ec6a
387,c5,24,ae79fb8ac045179581ffab1238d26b8a690eeb22ba3483822387122374f228cf
387,c3,37,ca4959ec8d99f1820c4b47320e9fc75d8d52461df3a9de3ce53aeff9e8ab4865
387,c2,49,49f88e28b24cf7b769f5349e228427441186e83b0b9206cc1fb64a8f9e8d913f
387,c1,73,dd4f4241f637eb32a84c6cbdcaaf47f0b8ca53b38e4be7fe0340a45e2f7b1bd4
389,c4,30,eb2574ab86ed95d88c870905a41dfe015632acedbbb765c1967bdf8da3e33016
391,c1,74,1ea8e6c0c653b2f0880339bcee89064352d5b98ad30997f7b76468dcd97b235a
393,c2,50,c6692732101db7f44bf1f55902bdc036e66b55ddd342778646b1ed3e5f120869
394,c3,38,19f282c25f8987af38aa15a63c8368d3a2f47bac3290ad5cbe7c6919c9205ccf
395,c1,75,437cd24c071278d6624cbe888dfb11571caa4941d6e01fc08d1eaf4a27976878
398,c5,25,1d25da54f43d072c1e56ac5c68cfc2ff2866be56b1a0687b006ac762d52812a3
398,c4,31,c6ecafad2b4586cd2412ad75f9c58ea5647ea437953f99dad61b08c53f3e9482
398,c2,51,bdb9b721a24b811005cd7ac418f759b9c5e97541650052e7dec4c59f91ca2883
398,c1,76,73298cc08f67d02c886347d23566cedc73b46215295c536d96f8e272a2849c17
401,c3,39,12710d14dfb6eff70fafe091bb7d1d4c75d0bb5bd7c9568d770054371d6f1bcf
401,c1,77,07641f164fc258370052cf1eb67d48e5073d39d1d5ed04c98cf8c7a362aeec8b
403,c2,52,7b7b81ffe3a4d501a2f99ebce734558fec69c3502490b88335d0590616b8ab46
404,c1,78,9b07bb8d7dc809547b3d77c0a68f78c46157fde1b38a039a84bf98369c1b2041
406,c4,32,c7e5895998cd3dd768c4ba7becd09342fb1474a37f781009db777a9c984bae86
408,c3,40,199da21c6d349d41e8175f05565f256dd0ee4812db3819dd84d9c5bdf4607c6f
408,c2,53,97c330d7b7e367644724c984f2ad455e7a084fe5babc9be1f9652be38a496b2f
408,c1,79,0ad2b3a62b064ddabe13872bc6f9d5c2612780f185a13ee216da992c88c8db60
408,c5,26,b5df147c86ae3aee9e6cc39830791247f9eb063a113bb993d6cd09293d66116f
411,c1,80,c08123cb15087277cfacd58c3b36916368db86cc91559753f6fe3bf311e09a93
412,c2,54,c8503800e8a424923a5d5d4c29159e8eacbc08240434a5903bece2753c7a10bd
414,c4,33,5bd92c76045e795310b6f5a960ffa0ea73f83d55e698e3e74a2411c296f85680
414,c3,41,b357eb8252452cdf110f5d35fc728f26d7e2721b367d1c419afccf52b578667b
414,c1,81,262363e657a174b1df0f3dd2d1619851d435cd08d5c6aa4393a737afc0ff8784
417,c2,55,4576d92969fce2ba6400bda7499cb64b0d7380bb7eb83f77efaff346b985420b
417,c1,82,cdf05d180d097b2c55f9abacb6ddbcda28f832e7cff2b412c2b0d9731f8c1ef8
418,c5,27,faa6792b6ba950313e4b78fc64713a2966f9446938505f019c8d885b00d15a76
420,c3,42,1c772701794cc4e4aa8fe98e831a22155ed834f65e1b3e969fcdabfb38b8fc6a
420,c1,83,0c7d6fcfb1d0f089f88f74c777cf03b0d04ac57534706094aae496d678c17657
422,c4,34,42e2a1ee295041708d18e2762a544c992eb2f9e5f619cb9b6bf2e4f1fe6280c9
422,c2,56,ecd2cb6814ce628797b743848441e6bcff6a1e98bdc48642d2ee9fa60576fdea
424,c1,84,418e16dd86585d0761a5738f45e30fd00f90bc5efbb3979546ee875726d1a782
427,c3,43,30fce4e351d2c20908fb6ae43fd04d6be379fa7be9ca23d711b4115cbc961fb0
427,c2,57,cb71db45ece5fd97dc403bc42e02e133cde02e9bbe761ff378b6a471defec81e
427,c1,85,57bae12b1f819689d5bab3f8f28ae1462d79e0fd10ce61252d39ca4053a92a2c
428,c5,28,a08978766c0babd4eb4073bcd2ae05c4c495da2f9980ddd1c482db1a3c49f5c0
430,c4,35,9292a7c922ba95f9c8f65fb91f7b071fc296f1939fc90d4d40b5a8a82a29adcf
430,c1,86,3b5875272186d14c4e9903010728c3faf794c7cad4f8bd4d2eab02456058068a
431,c2,58,f483cb48517e43857d022d1f5daed93ccfe77e4ef850e155f5f5e37a4bffa60b
433,c3,44,b6bc09ca4385bac5006cc4cd1ded4683e15b186b4ebea41beb748680d7cbf0fc
433,c1,87,76431484586b2ddf00771432b3364345041328e22cbdcc3a0ad7031a997fc503
436,c2,59,c6c3ede3db95e5f9386dc8f0e380a5150610d77cba7ed46897fb5eb791d2a2cb
436,c1,88,245e9f90f83f309c4c5e23e1d0c4dd2dd00060cd47ee29d13a84815b83e174ae
437,c5,29,ab859a772cf225bb2919d89116ee7ee03ddea885b429da75183483f71b18352f
437,c4,36,25a113973e12a078597f96431331f33a73389f5f04fb705b5de389c46e5c3c28
438,c3,45,d32a34a3e0407c9cf758a09a44630db8225dcc264a56aa87dd7aabe4ed8e43cd
438,c1,89,bce719c1f8ee455a09b897c68a57f0a559bf06be1dcff1efdd14538628684705
440,c2,60,c32ed9534d3a30a2ae7752f7896f62de4eb453947f2ccc0da19221206aa83d84
442,c1,90,d6e42a1422348501cfc26c0c06ad5c317d06808d5f34bd23782b4fefa8205d29
445,c4,37,ce1c2a6d0f823d8f2ded0ec91bb67bcf676eb18e984245c650a8331461c817ae
445,c3,46,14a3e5b9cc08bac51003fc3e615810ee6bdab6cb7fc6601c3f1691ee0496199d
446,c2,61,13464ec23aa3dea20472c862f55201f2902156772aecccb2a2e4711f9294c5cf
446,c1,91,9b8d831a3d33b99448fbd96fde387848af52d257d0a38bf9e164c8c9a4d1b5ca
447,c5,30,7e650e0e68a15dfd34ace5faddd30349131777a0d4718145f020a86ee2c3acef
449,c1,92,d594be9ac6cf44d041d33b5ad905c0569dd5521cb5fc1fb79b7c4faec9ead006
451,c2,62,8f088b90046275696b1a0d0529e918424c954f13449f36bd4fbb1325da76fccf
452,c3,47,295b95641281e134d10b94f8bb9a6531f79e1af8b0ab9b547e5c9a41b16c0d77
452,c1,93,d7a0227f85388c6f84a74ae9d69e60ca4aa910032b086c5bface760a33bb02c3
454,c4,38,e90574a0b220e3b5e43647fc6359d2570d0725a5eef24618136270b3d1c242d0
456,c2,63,c6e5ffffbc9cc93152e313bc9227dede1314495f296b523e0f5716f0c02df537
456,c1,94,8c2b45a332ed6f66430b35f7f39c22c7d4fdccbb8b8abccc2400fc4f414a04b3
458,c5,31,2f080e90b8216ddac229be136490f7d4746a97ae714172cfc3d426255a58b230
459,c3,48,2a8c9fc0adcb9078045fc1cfd6c7292cc946e6dd4ab9ea27a8e572254973516d
459,c1,95,3a1d2c828721e69528c8ebc3f6963604496693e5578eb7f794d32c0a40c9cd34
460,c2,64,b21bcfe46a64fb516197853a9bf7fee12ff10a68447e800af71dfc28a1f54054
462,c4,39,529ee9023cc10fcd2c2bf679d4335e87649bcf53d871dff4fb016b362dd1626c
462,c1,96,f6b27f546477805845c38a8805fb5934e0347665352b8dd58d95e96ed69177ab
465,c3,49,fe209c308b3edbd235cc7f8501551b504b5189bd11e39f4fd7728bc9207e6783
465,c2,65,50f00fbdb0ccf33abe2425b9e8bf1afcd95f6d5a85c8ae6c7bda81648d80fec8
465,c1,97,6524a3d4514c7da400464f2c1b8e46a29801d224dec946725620bc820ded1a39
467,c5,32,2554ef4d2dce4a51263a00787bd9515de0b1bd90a6b1e0be7864a7c252ca970f
468,c1,98,95ed5aeebc2b20dedd74cdc303e05f3697cc3709980d49d70e40a733a9e9005d
469,c4,40,69291a2efeb70bdf490b692263feeea7a973c0efa4d952c01e64baddc92a81a6
469,c2,66,624877b88f007412cc18fad431007465292de13878aef42a2faa53476fd15da0
471,c3,50,62e9e598b8e60382b5a745f8ffb491371e2459ea78aa08212cc7c91466b4c700
471,c1,99,1de3a01a5a4586c62f01af6caee2fb32d1bd8eecc09e9920b861e7f76dd9da2e
474,c2,67,3c649972b3a4ee0d271b21988d1eb760410eec2db666bceac46fe13bb010c941
474,c1,100,2f550074db74cd78f285fa6288f395faed0c0a20480557a3d22e5bebda6d186e
478,c5,33,eba049ce7d2d1b591620aca5434c7d8a3324bbf32942425f6ad6baa13890adb8
478,c4,41,acb43609190f414e527559905552b505aba7f3326093131b2dcef04d4d9e0ce1
478,c3,51,46600a85e3b30abb2ca517ca1d5ddeb04bc57256eed03c792ece694389cbd4a5
478,c1,101,41d53ca8e0ba9e58d9a2905c34bda45d0150b06ddd05ff7fb6e5b75079e8a034
479,c2,68,f15c026b69167b7586a7122e2426cf14af2ae8482d876ac39f42b5a2903dfbaa
480,c1,102,646c787e81457329fd60147b983d05b649d33544eae18d5bdff4a7c3df1b5a71
483,c3,52,d4b54499b1de09c410ba359134b227304e9f201cd60e7b88b71a96bd4b0b27bd
483,c2,69,1b1f2683454bc7a70c472a3705605cb1a7e094fd9c507f1d6822e7639e87cfd2
483,c1,103,9f2ae3639e5dd83d809329a9cae8801f2ff89080376183044f06a9dd10fb38be
485,c4,42,d4cf286a0d80c61864ff1205eea8c8d9bdef1a407d740e90efa5f1aec852362b
486,c1,104,3c8beb75af3cc01198fa9fc176be0068eda6d486f093903f401335d46c68bb1a
487,c5,34,6159d504dcbca88a5c8d7d02464e22d94cc4e4e49f58a145bcaaaa54635acc69
487,c2,70,8cab9932f82919bbedb57ad1957c0e2536ca6db2e11a4f1786afb600ea164f16
489,c3,53,42039654a3a5b5eee2793bfbe2e28f240f212c56376904bed90e59332d558957
489,c1,105,933a6ed960a65703471491aea4139b51e97ec7328469c2953aea1368dcbd34fc
492,c4,43,4f89ee083ec98a12229b030792c55997bbb3e4fbbee7e9abd6a4fb832c68e0b6
492,c2,71,633fb9cdef9b50f7d869027916e92495d3c9f64b6937d2a0a2857196cd59ac07
492,c1,106,c88ea003b331b331b5931c132d6ee0cf4465fd54833b81be99a165fc377e86cf
495,c3,54,09d6ee625aa8edf87dd237a43a102cc93652a1ed3c8cc8de9a306b49a1b31816
495,c1,107,f481212fe7a7b8bd3c8b62673fc90dc52db82bf356baa8040527db8ddce0293e
496,c5,35,628fabcf533ab9e6a30b6ac3018b11064d587a22ad8f6318648995fdf66607f5
496,c2,72,0758aaee22a2ba145309da6152f06158a30ad2c08d5b16f7551f8a436e3283e3
498,c1,108,8acfd3de1226c2f407920ed60e2451718ec3ea00bf7b49fd37a56a311129d18e
499,c4,44,e864db3b8368803f64c55f1b0ebc5e780f8169959f21fe939d2b23d3957bbf8c
501,c3,55,9e5fffcc7045eb27d34901b70e7b56f2aa2179e83fc91d59eafed628eeb9cfd4
501,c2,73,5184964cda53142e703b7f70b5358ddba554506d9f443b364c4ea53cbd116ddd
501,c1,109,570d550f703c768455d2c22609ee1e8fb23dea5449eb1c1ecbf6adb116aefb4d
504,c1,110,0eed4c7c95c1d3a17ba259ff8ba082070e00b7c11b271c2c852ec5c4d26594a2
506,c5,36,ff74ae55c4d4a7831e80ee38ac01c8c73be09f1760f6b52b3912080d86c9d57f
506,c2,74,c125cc5ae4b542d44cfb4e6d218bfe3348738a2ddcb64b5162024da3a4d0a6bc
507,c4,45,df5de642811ec043c92ebf80ae2c05cd189350fb121fa1a73904711e73437145
507,c3,56,b095d8a30004178c9874f23e9bcab26aa5bbded35b73f09e99620def09a8a8aa
507,c1,111,34cc358bd1d894a8acbd3d435ab2b7ee238c3465664ed7085b9e5d36c913d60c
510,c2,75,57a11d40ecbabb21eb4948c5fa05de856acad1ff193da09a7169f5ca62e3cefe
510,c1,112,82ea76f4a6ff0d4d025a278b3b4348e7caccc0400487d1938f8a4eda98e23115
513,c3,57,6202097311fc58710b9beb479b196b932de66b1340a9eea6545f4ce7fdac7127
513,c1,113,155858c89d99072d03544cf7be7533965d1b125284bf03717f4d9da671ac7e14
514,c5,37,cacfb4432deeb43ec7ca02f93f6b36e81a0126a90f721810e5cd1a998908113c
514,c4,46,7dbd3d1f9ce693a9937371caa0ba127a021b5b71d6c6a4c1180b78219d3de568
514,c2,76,1410003cdc5fcf9ff482e4ad2456a5864df7fe6acc27eaeffe624ea81568c8a8
516,c1,114,ee43b3835d5568c5307b320bc7b92742d21f9d5b54f0b2a96da6fa62181dbf0e
518,c3,58,6dcf46ae82db35186cb736bf4444a1890509f1d62594246383f6d280a0006130
518,c2,77,a1fb2ce20f7e162de42bad6aaac524845558ce6f0a38fb20b8f0468e79ffaf5f
518,c1,115,ee0e02c8a1629913ac1ad74d0b2f11af44c209bd2746e67e67b57735c0c72f8a
521,c4,47,fb3b19e186eb74b5368d9c403835d6b5399bdc5c68dd1de6e27fcebde78a870e
521,c1,116,c2310b3cca406fd753be81348703800fb47eccd1500d791389aee0d2729e3de5
522,c2,78,373a8414841d777e90c61890ff9c0e47451f1f2440a5699d9d6b97a2fddefab4
523,c5,38,c2fabb894fdb9dffbd6d09e0e8162b3f9e14b9c2338806927ed45dc13159b169
524,c3,59,664c5c2f13c5870777b8a3094f3b9e7b13c47e41893974368ca9e9b875c5ca73
524,c1,117,cb5d2a12d1b164251cc8145cf419cbb00053e6d3b3eff41d08dc3e141c7b76ff
526,c2,79,98fab868db9f9841b430b72a508944d41ca33a2d96d0384bea5a5a713fe21b57
527,c1,118,026fb5cf455a32774529b242185f8e9560eff9afad0d92ddf3c14f004f6569c5
528,c4,48,d7dad516a4b56381eee20382688fc15db6b109b804b58f9a19a589fe07849d07
529,c3,60,d397ce534c74a7b3a5ebd87368a8721d8b65140039dee50bd54e45bd39f15964
529,c1,119,c88a30c4646d59aef04eefc4e5684da7e02c3cd2e1b09d446a8b1d581ee01ae4
531,c2,80,9358c8582469661eb63be9eee8ad882088aa49b23ea52e4bba8d889a75e27b34
532,c5,39,6d9ecc9346f038909d22b93803c64cd5686e9dfbf0ae70e7baca35bc369239e5
533,c1,120,3eca611f9600575f4af308f322a960bda73be2488e78ef053383ce0627332742
535,c4,49,8ef0b4045d5ff3a1dbc865e36205f6c0425e922ee929597e49a8143b903da7f7
535,c3,61,36dcfa931feedfd4ec20d0b54f4886d65f0fec94dd16636d4411226b293b87ab
535,c2,81,b81d25d7af04202025afc212e83e6983c61ec4d279e6f02fd2704b23b761d41f
535,c1,121,070e91cff733d815134a7a47a051d14bc346d927b6d3794b477310e895a74d00
539,c1,122,8e8d7ca0eaa3f1a6b8578277b70a1d6eb9538a2b59b9503eeab79e414c5078b9
540,c2,82,650404e22517109be5817fe40d3aed88e44fd312c95eb80e295b8ffedf550307
541,c5,40,75ce0ba10f6f66810669ac00351113747071723f2b4d5f0c199a5995cd1709cf
541,c3,62,f3fbc1f5c2ab01e26cf23b25a3ada31e4ed9540bfe791a64b1eb0e7a0fae1138
541,c1,123,95c7206074efbf20b89c8645e4927946cae8792cf0ca556b1b16a232ecae357c
543,c4,50,94b126d2438d4c6db538dc2aa81c8ad29fe41e9a655ea65598fd8abd163a07a3
544,c2,83,e0118c89ed5d6cd3dc34cb364c153ffaa38af9ceab2b5843125363ebe9b80f50
544,c1,124,662bbccdf268c8629329c93667a4df7d8c53b162a2165057715d7773a999b151
547,c3,63,d56dacc9007eda20fdb406240f296c728ab98c68a61ab56374e31de6ad2f738a
547,c1,125,b204bf4d8a6582a4db2f6ec873d3484d65834c834105069c2280a9f33c59a848
548,c2,84,0ad723dd3f4a1057e1dcba4dbfb883fc930c7dd2ec673e50fe393adcee699b26
549,c5,41,e47b5868e9edb5e660514072f187fac4b558709c1e0406fb859204a715322a29
549,c4,51,89dc33180430dbd4741f5dbec452bef5e9cee3c9bb1485dc73a17fcc406c657b
550,c1,126,bc50ed223ea454ff8536ce1284b65f94dd8aea2b5495e3b56dc633b36af12e1c
553,c3,64,60bdc2c1419b3e9ddcf1c0a5349473a838e304ee5f2189b9baa7163306e4ee4e
553,c2,85,0f86cba403a4726c550ee8999e7cc0be221aea19f21b53bee78ba44bbf15cf1f
553,c1,127,2a200bdec2a609374aa486d5f6d1a42928efeb344c92974a394e3a2b551df956
557,c1,128,bcae25132965a3036fe08ec9ac942cf0d3c92474fbb7dc91e446711be0477776
558,c4,52,5b29be96a9fce09f1a3ceb2bfd7e53e4faa2a8d6edaaa184ed7c4c8ea69ae398
558,c2,86,34e712495424cadedd9a34b5e900175613d75d321ad45c49ea9792277ab5db75
559,c3,65,8d557ba2d4cdee5fc7c33a08ff5b40d74b7256be23831657d12aac68214d384a
559,c1,129,48eba7f91157b0a49cf6bc44b152e39ea6ed65e6516e6ccc2c463351b391819e
560,c5,42,e9db307a5fe2a28bf4adfa223a23e66a714790f00107e9af44cba40a30bddff0
563,c2,87,19158969f8bbd84f04aa4566eb85d10512d3ceb8892876c165097cff0d336eb3
563,c1,130,a07badcb00962366e405b8a6a29157162a71c751c45b72829bd0c1980b11b4f5
566,c4,53,fcc84b9cae39c9219f689b96f0528054f46e93d972d8f2ed9cf3887d7da82ae7
566,c3,66,b4ae11fcd8fc16750bd6639cdb5977ab22cb372878f9a0d76967232dd48f8396
566,c1,131,4c64650252558e4e4e81d732765185fba79c8cefe1370c8656516ce6d47b89f1
567,c2,88,1f0debc03f813fea5c54252804eae3e8dd08a36d8fabc7e86a936d87e558c04e
569,c1,132,cc5931d4d480e2b33d45b78e2d0cba184d241071360ef68fed79095594fb8b05
569,c5,43,035c7e32ecbd73743ec05d1c9ff2ed09c01e45dd08f0ba7ee67c49bac9e13f3b
572,c3,67,4bc6baf2b5d654d23e68da8f42f1beadc7d337a132130adff069657b362a6896
572,c2,89,c5b23dc74b0aacae86b8e7d229775a16a21cf829b0c3c60862966edc04ea2833
572,c1,133,a65c97a7a7a4662627e17b45768116e68ed52ee04a0436ed33a634dc4b4b4e2d
573,c4,54,5316cfa44e1293666f6165adf82e488591d64736f3792df902c854dea9e01ae5
575,c1,134,1a0f0dfa516095db9bbea3697820241dc8966559883e67baaef1c04d86c51281
576,c2,90,023557d2dbd83d07bedb87876d92d22fd8e2f511f1cdf4178fa21481a0f95325
578,c3,68,7fc781998ee6bbfb5f5d911f9f2c5d5b555050413c975a3c74ac9ac78a31409f
578,c1,135,f255a29879035d05742d30677f6dfe2e75a5d6d1903e4fd0e7b086ce1253a527
579,c5,44,f2b98ea73ea81e5e328b100f888de079358362cd331b924ecc9334551a75d819
581,c4,55,5d7a7475372bfa4e3e98a05e38d9a8fac0f813dbd79a055cea5bdf156505b423
581,c2,91,870725321e775764af9bfc8f5b048b34cfdfa3232f73fea5ecdc93c527fda1fc
581,c1,136,545e9fd6ed7067ab621153a026ae8d4fd18837f120224ec003b8a642687bfaef
584,c3,69,8866977dde9b9baa51455255c9ed887fe1c4a0f1d046ff93a18db46908211b8b
584,c1,137,e8c9f389f62b88c63116894cce442e86868f7ae0efabc28ad61adbeb86c41697
585,c2,92,da16048a6406a9c7c98ac811f3cb0ce1acb6b77654d15bf2896c823de8539fa8
588,c1,138,563e81d005181237e99c482ef5b0933de95af0e0326c9e2ab012e1db4d05d770
589,c5,45,69b90006f165375fb803f1f23a9ae0a8c75b21cba2b5aae6d15de1fc2bc1ed82
589,c4,56,6bd797c0eabd8ce8b259698490c98cf94f607d74077847ea853cd714cc7c7a32
590,c3,70,1cbd8c8af721e6e5981b30d52d00a1ae48192fbd65c084ec6af95ddb9bf8be79
590,c2,93,3307c161c2eff7aeaa6d78d0a2b5bb248dda84e6b28f27d8df51b3ea43b63161
590,c1,139,268db0dc314b86463a948c05d86c1cd1661c19279e6c0b8e91bf02b7bd3ffdd2
594,c1,140,fbb4c8d6af9795f8961d189fd1d6b6ba17e16c750aff9837b58517cded4f213b
595,c2,94,9b810cc04f8297022c9f8ca5bb50890555d111617c2ec50eebf815d218d4f7b0
596,c4,57,6c6cca8d460e80d603a57abc6bd4fd638852267fc4c8d35f7b5e2845131cd996
596,c3,71,e5da8e4caf97f28f45f71b9653c7d487d26ef0de7e539fb8e25580d1831b1135
596,c1,141,b576fa4af01efc801623e646ce497d0824d914dce9e6b79902dcbcf43cab9f75
598,c5,46,2b3e995b031f0c8fe19b9b01e62838666863141c60c38f3bc132d75c9f586ab6
599,c2,95,a0816a97e9bce9fc8c1e3d20c534c76dabfe62cafa2ae0ed20d43e7ac76a9c33
599,c1,142,7756dc407cd23d529bdec62ef4c87a3f3f05af0d5afc86f0e9d587cf4c8847f9
602,c3,72,5ef35e3cc7f40a702a94aa5229e37c875a7a7590ffb2d61a4a540c8a9a4aff42
602,c1,143,d2cadd0ce2690d99f8d5127c21f64b5969b5cc47386d3a865a104b7687bd3092
604,c4,58,ac215f3ac2b4ffb0713fb6a24b0f6efe014288d349a1c62d53fb7b502ab7b5c7
604,c2,96,9c01ce9d7a7c6df524ec798aca3f8c3823220302e36611ed8a594cc5152b5dea
605,c1,144,79785c2f52d7a0035e7d5f55e900cc09c8b9a20d387278645518b9a09c585c06
607,c5,47,500b7d9c7d3c34e2298ece5010540e9c71cfba8ad68f7bde82a36f5ee05f9fb0
607,c3,73,453827d43f9ec8ce86370436165cdc4de9388066cf0c9637d1caa7e88517b08f
607,c2,97,61e2359ebe4f6ec5249f2d3e7e8cf958962f4849be2ee1e3308cdc374c6e89ff
607,c1,145,96d92a40981463d0deb72c1aec238b25a12e78fab5a1d9dbc1f7b6dfcb47191e
610,c4,59,115c5fbb6961f0c6936c3c180172c4c289614d73d7d8ff1cc19eb524314a9cc0
611,c1,146,3ca202caf7ee00b8dd8b4a498fbc396384e94ed90b9cfd43a7d00e2da997a969
613,c2,98,d691ec69a5d2b7fc6bd7d49065b8125806cf6f46bc2e4859fc80ab2ed0134f8a
614,c3,74,475d450b4e8e44bc8020df7490d53a7d67a30200bf113a973c5e7fdbab02898b
614,c1,147,8f53ff1f72a2c689494289cb4d7f4177439a2857d16f9aedac0c1457bd6b8045
616,c5,48,4f29afe3a5127af4b38fb97067dc3134953573b88f93369d762bb9192257470b
617,c2,99,5c884bdb3884129ed88aa24534deac04129f3bf6a64b198bb718bc395b17fd06
617,c1,148,11424c0a4d517195bbcb89afbd8af949a3b4bcbd868d7f8c1e5313316f33448d
618,c4,60,01f7b93beb47dd0679ab100230e87cc9ae8431b9bc7892076f299fbd9af6767e
619,c3,75,eb0b396b43cfc6ae3835c6f51f673c4cf26613cf24c065f241e612c31638d51f
619,c1,149,087e8c17a694da419157f6f1d94ed7b9d88871b1e431d75bdbe20f101f3101fb
621,c2,100,b93576a5817d9d112d6165b625d5b3f2e11c59eb228b96a6749d5804dc51679f
622,c1,150,c0137d6bdf58d3f38c560b442e71806b2fc96070ab2ef9718d144cddf186afd2
625,c5,49,fe0a6633f29c2b43760609efb504b5ac31915305a4f5ff13d762ca5bfa2ddaf3
625,c4,61,18a66c7aea2b2aeebb007cc00515c63e9b41684cac290bf9fe93f9514a1de00b
625,c3,76,ac421f4de6f6f779d713838e748d384050016904c58b3275af4479abd2702108
625,c2,101,230535c902c7e591643654f454119617768a196bcae40ab7f7f7ad1984010487
625,c1,151,f85dfe6552c811da21e90eb5538d4028e42b7f9e0ea2597adc297641f2f5eb8e
628,c1,152,99ce75ab54f8e4bda580162625e7faefdca9695de209e650aacf59ee02067ced
629,c2,102,99973fffc01dccf9e2cbaa441b6e811e9546711da986113576d7efd0a2882755
630,c3,77,8994b9f695b0892c10fb1ddc28e6323d72265745b90dbd1e7e8cb3cb30390186
630,c1,153,6258c58ed8671822ecd8452ec518e9c73bd713f65e313624bc70f024eced1c9a
632,c4,62,464eca643b5e0dc8e506566017f918671f4cbd1ea4be2d01923734cec86883a5
634,c2,103,e9d819e99c8f23200e345c40eefa69f6f9cac0fafbf842cf746a5363c632610d
634,c1,154,0bc88c8201020bb65e6cb510c93252f2e585c3e13d118fbc030d4863f4eb9912
634,c5,50,d7ae02635ad0e751109e7cb3d1c7ea3e8caf301503d127e3a3469c8b0ee1fb57
637,c3,78,d2f1e1c4dcb40075ca18553679d2e31a7c35116b95dfc9feeed26f6cb4fae5fe
637,c1,155,2fc33699af4d0860884e32099cc4135b5d782708d9456274503611a1fec62337
638,c2,104,0f93f73f352d19b03ce6a09d5ef5cd177710a725897ea10acb54fd568a6b5b7c
640,c4,63,6b60277b4786e7faced7411fc256ced345cd03335a0ac2a839a03d2edc1f5232
640,c1,156,276f9ab7444d8db63a57bf05261e798fa68e026f8236a48d8156ec607a5a193a
643,c3,79,8051ff265a0057745e5c5d46a82fb67c4eaf921ab5b82d3313bfde2cd450c731
643,c2,105,174465284acaf749b0bd1f37cd05b378fb1bfa345108652e1a1eddccb2873135
643,c1,157,53f3dd08bc1af7816fe9f9274fc17c6ee197c44351062588fec9580445633769
644,c5,51,6d2ebaddc301d08b5eec5eb1e7df609affeeb0600715fce34500011827360c5a
646,c1,158,6c8d447e23e5d605eecc8ae22916cecf07b6ec0c8a3294aab655b5774fe83374
647,c4,64,90c5a3899a2952f6d0ee44583117f6200597428a4e94450b28abf10010c0a43e
647,c2,106,8f4499446e1c9f8e8798df671f809d9f3fff8a1886e53590bd65a5062f765e34
649,c3,80,85b7e9a1968ced72b4933803c2c0f64358f712a25910137e8740b00442ce2548
649,c1,159,d82d396ebada2e9271c6c37b2e8e5f6ba88e7eac55fa6a65f8e5a90582474292
652,c2,107,9b054975f5aba87a6c28fb341b12e3881f046e1cfb379c96dfba4301b168f316
652,c1,160,8805764f9032fb72d9823b5b17d1b2c02d5d5912741a8960cb52149206be9667
653,c5,52,46c03d4b3d35ab954bbbce35f1c546e842d7e07cb0db458c640e59883dfd4277
655,c4,65,09af17ba2d29caabc2546b778c857489beeb504f1d8ac25af3cd54e6b766fe28
655,c3,81,6f637630f92fe83345cc623773866256006fa7cc0293c11419969c36b991a1b8
655,c1,161,d8250c04590aad578a0153a8061fc439b7a77cba4bfe007fbab0b8ca5e887def
657,c2,108,b02db3b2cdc69db8191f64921fecdf4baafdfdcde905476b4d6a9dda68a1860d
659,c1,162,bdf26cc1d36af26fb3b88350588db5940daa78c1d56cae52a860732da55aec93
661,c3,82,cebfeb1cf288d9d680e200cb5b3eb15357129e4200023396f1132614f5da4284
661,c2,109,5c2b95a7e79598003cd110dddd35c2e798f4fcbcbdb04e312533e024e3feae4b
661,c1,163,d37178cd8ac66396656c51f994d661a832ff708b926310509b152a4bc186ff2c
663,c5,53,8a29c0f23a503e7a39f290f7aa3b9e036430356fa916dae21e11740fe65c4bf8
663,c4,66,60d0a8302933a021d8a3b7ffd4fb6627f0f25a26b94c2f406865f479f65442f3
664,c1,164,9a330ab0bf4b4bdf40947b487839880082580630b3adf6f558a24d9a1802ec3f
666,c2,110,728f712d887ce04b393578e5f6439a4cfa685b0cfb47b3934a1505611ce78a67
667,c3,83,a261a9e14ba01638b6754bfa6bd9a07f66e3367ab372a1ba0cf4dde0adfb6767
668,c1,165,cd6f96e73f23ac80978f1aadfddec6de2672207d85a2ed5f7a8752869a54b97a
670,c4,67,00e0fd0fe513706a05797593d5eb5a3644bfbd0f33db2d81b5ffb30604996dfa
670,c2,111,665b6de9d0260f2a71556f72c561196faf3623faa9370a0a5df0ca3c0d955a13
670,c1,166,b5bb5316b78d064ef2f843c52759d2dea0d5da383e19930754dadc36c7282c8e
672,c5,54,bff13a1d5f45f7f76a8c927f0ccb1decdf0c9e382d5c00e69308292ef767f689
674,c3,84,13fecdf4354395ab3348fc138585e72bef1b18ed48901e8273fc373aa1ee08c7
674,c1,167,bfebec6ca6a6286159b9ad30558732868d242c2c043ddfaa428c84719e221402
675,c2,112,9a4de0a392b619122e46b2ad1e2002537b5799055466e511b2676633eaaf5af2
677,c1,168,6a94cd773e7f913a36c5d35a87b1949123995240d43630b92145b806700f9e45
678,c4,68,a529c4b30bc8efc34a8c57b6cc9d06ba948f7b3878297fbc84da5d8bcb51571f
680,c3,85,170a3e7eca50e727a0fe2b67b26a1a88384e87e1faee7ff3786c50e3480b8bb4
680,c2,113,379f49a6cf8f11bdc8429a81fadee6f6b88bbfc4753602741426aa30b44f2f3c
680,c1,169,27d5fafac9170d4e87878cd29c46e0be8eb81b63b4da6e41c4864f153822bf2e
682,c5,55,d035e4cef963ddf0f4896eb4c8684c181a9c1a3ec2e27980385af04c01814e68
683,c1,170,c2c9bcfa45910e7e34a255643467b0d53e47503c27e51d00c0927f718ae783ae
684,c2,114,3533187dd1e73810f539f9e905f26d0ed3b55c39668c6f44bc27ebb9e458793f
686,c4,69,4f2869c2999fd4b4cae55f47fe7f4f7228af058a2a9d6cc111c3a94b745b084b
686,c3,86,a533f5f1ff8ba5d595b3c53dbad4f365e6b4108b94bf93356d84452d62f59bc2
686,c1,171,50346d55a28ab17d827642a0001b29c79fbf5a6e03f44f3824762aa4193430f1
689,c2,115,24f73dcb3434091a8be7551acc70064cf3116afd747ed74e0ea82dcf7d78dacb
689,c1,172,e8a544b8027964b3fb90825d537db49c53c99370dfd27784f539b9c5dbbf2095
691,c5,56,2e98ae3bd43523f274dba8449fe782608b2ce0d1a28252ae553879069160fbab
691,c3,87,8876a0c0697f1890d5680d0a4718eb2af5ec6dfdbb63f454fa6d96049808e099
691,c1,173,d5eddbcb20ab66780563c61641064691ea67d6d5cdbba70afe3484f4218fb47b
694,c4,70,1bf064c0c46c4ec487989f3be83caf4ff4a0ec4748536da9b3a7bfcf0ae19dbe
694,c2,116,f4140566e20f2be8d1124b60741740301205dd345aa8babc697d5518d0ef6fd2
696,c1,174,74e0c5fd9465eb041b3ac6d2f2078a63dd9c5ef3358c97860419895d8fb03704
699,c3,88,032151507b446ef4fdbbbea2d873ac9a75052a9af61a13e6643a003911eb40a9
699,c2,117,f0089b48b75f87eaa7460321e03cc65e70e7ff1e11cfed987cee00f7def6fe12
699,c1,175,1c132a307a761d21dd760372875352f13fe24c23aaff72d8efea2a7434bd2b54
