height,host,balance
23,c1,99.8044
23,c2,99.8044
23,c3,99.8044
23,c4,99.8042
23,c5,99.8042
23,m1,4.4204
23,m2,21.0686
23,m3,40.182
23,ca,49.3568
24,c1,99.6082
24,c2,99.6636
24,c3,99.7192
24,c4,99.719
24,c5,99.719
24,m1,7.0758
24,m2,9.5824
24,m3,32.5004
24,ca,49.3568
27,c1,99.386
27,c2,99.4968
27,c3,99.608
27,c4,99.6078
27,c5,99.6636
27,m1,108.6668
27,m2,109.5824
27,m3,32.5004
27,ca,49.3568
29,c1,99.1632
29,c2,99.3858
29,c3,99.4968
29,c4,99.5522
29,c5,99.608
29,m1,108.8392
29,m2,109.8106
29,m3,32.3948
29,ca,49.3568
31,c1,98.9402
31,c2,99.2192
31,c3,99.386
31,c4,99.441
31,c5,99.5524
31,m1,108.8392
31,m2,110.7386
31,m3,32.3948
31,ca,49.3568
33,c1,98.7172
33,c2,99.1076
33,c3,99.2748
33,c4,99.3854
33,c5,99.4414
33,m1,108.8392
33,m2,111.0722
33,m3,32.3948
33,ca,49.3568
35,c1,98.55
35,c2,98.9404
35,c3,99.1632
35,c4,99.2742
35,c5,99.3858
35,m1,108.8392
35,m2,111.0722
35,m3,32.3948
35,ca,49.3568
37,c1,98.327
37,c2,98.8288
37,c3,99.0518
37,c4,99.2186
37,c5,99.3304
37,m1,7.2378
37,m2,45.5837
37,m3,26.2706
37,ca,49.3568
39,c1,98.1042
39,c2,98.6616
39,c3,98.9402
39,c4,99.107
39,c5,99.2746
39,m1,107.2378
39,m2,45.5837
39,m3,26.2706
39,ca,49.3568
40,c1,97.8812
40,c2,98.55
40,c3,98.8286
40,c4,99.0512
40,c5,99.219
40,m1,107.2378
40,m2,45.5837
40,m3,26.8836
40,ca,49.3568
43,c1,97.6582
43,c2,98.3826
43,c3,98.717
43,c4,98.9398
43,c5,99.1074
43,m1,107.613
43,m2,45.5077
43,m3,27.254
43,ca,49.3568
45,c1,97.4908
45,c2,98.271
45,c3,98.6612
45,c4,98.884
45,c5,99.0516
45,m1,107.613
45,m2,45.5077
45,m3,27.8674
45,ca,49.3568
46,c1,97.2676
46,c2,98.1038
46,c3,98.5496
46,c4,98.7724
46,c5,98.9958
46,m1,107.613
46,m2,45.5077
46,m3,28.1464
46,ca,49.3568
49,c1,97.0446
49,c2,97.9922
49,c3,98.438
49,c4,98.7166
49,c5,98.9402
49,m1,7.2059
49,m2,19.3579
49,m3,23.5635
49,ca,49.3568
51,c1,96.8216
51,c2,97.8248
51,c3,98.3264
51,c4,98.6052
51,c5,98.8286
51,m1,107.2059
51,m2,119.7829
51,m3,24.1191
51,ca,49.3568
53,c1,96.5988
53,c2,97.6574
53,c3,98.2148
53,c4,98.5494
53,c5,98.7728
53,m1,107.1001
53,m2,120.3759
53,m3,24.0431
53,ca,49.3568
55,c1,96.4314
55,c2,97.546
55,c3,98.1032
55,c4,98.438
55,c5,98.717
55,m1,107.1001
55,m2,120.8013
55,m3,24.3217
55,ca,49.3568
57,c1,96.2086
57,c2,97.3786
57,c3,97.9916
57,c4,98.3824
57,c5,98.6612
57,m1,107.1001
57,m2,121.3591
57,m3,24.3217
57,ca,49.3568
59,c1,95.9856
59,c2,97.2672
59,c3,97.88
59,c4,98.2708
59,c5,98.6054
59,m1,107.1001
59,m2,121.4147
59,m3,24.3217
59,ca,49.3568
62,c1,95.7628
62,c2,97.0998
62,c3,97.7688
62,c4,98.215
62,c5,98.494
62,m1,7.2098
62,m2,50.4695
62,m3,19.8122
62,ca,49.3568
63,c1,95.5398
63,c2,96.9884
63,c3,97.6572
63,c4,98.1034
63,c5,98.4384
63,m1,107.2098
63,m2,50.5253
63,m3,119.8122
63,ca,49.3568
65,c1,95.3726
65,c2,96.8212
65,c3,97.6014
65,c4,98.0476
65,c5,98.3826
65,m1,108.1414
65,m2,50.4193
65,m3,119.8122
65,ca,49.3568
66,c1,95.1494
66,c2,96.7098
66,c3,97.4898
66,c4,97.9362
66,c5,98.3268
66,m1,108.476
66,m2,50.4193
66,m3,119.8122
66,ca,49.3568
69,c1,94.9262
69,c2,96.5426
69,c3,97.3786
69,c4,97.8804
69,c5,98.271
69,m1,109.3572
69,m2,50.4193
69,m3,120.1468
69,ca,49.3568
70,c1,94.7032
70,c2,96.4312
70,c3,97.267
70,c4,97.7688
70,c5,98.1596
70,m1,109.3572
70,m2,50.6979
70,m3,120.1468
70,ca,49.3568
72,c1,94.4804
72,c2,96.2638
72,c3,97.1556
72,c4,97.6572
72,c5,98.1038
72,m1,7.1611
72,m2,21.3458
72,m3,96.4722
72,ca,49.3568
73,c1,94.3132
73,c2,96.1522
73,c3,97.044
73,c4,97.6016
73,c5,98.048
73,m1,107.1611
73,m2,21.6806
73,m3,96.4722
73,ca,49.3568
75,c1,94.0892
75,c2,95.9848
75,c3,96.9324
75,c4,97.4902
75,c5,97.9922
75,m1,107.1611
75,m2,22.8808
75,m3,96.4722
75,ca,49.3568
77,c1,93.8658
77,c2,95.8734
77,c3,96.8208
77,c4,97.4346
77,c5,97.8806
77,m1,107.3905
77,m2,23.0802
77,m3,96.3668
77,ca,49.3568
79,c1,93.6422
79,c2,95.7062
79,c3,96.7092
79,c4,97.3232
79,c5,97.8248
79,m1,108.5739
79,m2,23.0802
79,m3,96.3668
79,ca,49.3568
81,c1,93.4182
81,c2,95.5388
81,c3,96.598
81,c4,97.2674
81,c5,97.769
81,m1,108.9087
81,m2,23.0802
81,m3,96.3668
81,ca,49.3568
84,c1,93.2506
84,c2,95.4274
84,c3,96.5422
84,c4,97.156
84,c5,97.7134
84,m1,109.8575
84,m2,10.0625
84,m3,96.3668
84,ca,49.3568
85,c1,93.0268
85,c2,95.2602
85,c3,96.4308
85,c4,97.1002
85,c5,97.6576
85,m1,7.1413
85,m2,110.1739
85,m3,77.212
85,ca,49.3568
87,c1,92.8032
87,c2,95.1488
87,c3,96.3194
87,c4,96.9886
87,c5,97.546
87,m1,107.1413
87,m2,111.8921
87,m3,77.212
87,ca,49.3568
89,c1,92.5792
89,c2,94.9816
89,c3,96.2078
89,c4,96.933
89,c5,97.4904
89,m1,107.0649
89,m2,112.4297
89,m3,77.136
89,ca,49.3568
91,c1,92.3554
91,c2,94.87
91,c3,96.0962
91,c4,96.8216
91,c5,97.4348
91,m1,107.5169
91,m2,112.8203
91,m3,77.136
91,ca,49.3568
94,c1,92.1874
94,c2,94.7028
94,c3,95.9848
94,c4,96.7658
94,c5,97.3792
94,m1,108.1309
94,m2,113.0435
94,m3,77.136
94,ca,49.3568
95,c1,91.9634
95,c2,94.5914
95,c3,95.8732
95,c4,96.6542
95,c5,97.2676
95,m1,108.2985
95,m2,113.0435
95,m3,77.136
95,ca,49.3568
97,c1,91.7398
97,c2,94.4244
97,c3,95.7616
97,c4,96.5984
97,c5,97.2118
97,m1,7.1472
97,m2,46.8192
97,m3,62.0636
97,ca,49.3568
99,c1,91.516
99,c2,94.3128
99,c3,95.6502
99,c4,96.4868
99,c5,97.156
99,m1,108.0892
99,m2,46.8192
99,m3,62.0636
99,ca,49.3568
101,c1,91.348
101,c2,94.1444
101,c3,95.5382
101,c4,96.4308
101,c5,97.1
101,m1,108.4034
101,m2,46.9368
101,m3,61.9582
101,ca,49.3568
103,c1,91.1234
103,c2,94.032
103,c3,95.4822
103,c4,96.319
103,c5,97.0442
103,m1,109.2518
103,m2,46.9368
103,m3,61.9582
103,ca,49.3568
105,c1,90.899
105,c2,93.8636
105,c3,95.3704
105,c4,96.2632
105,c5,96.9324
105,m1,109.2518
105,m2,47.2728
105,m3,62.2948
105,ca,49.3568
106,c1,90.6742
106,c2,93.7512
106,c3,95.2586
106,c4,96.1516
106,c5,96.8766
106,m1,109.7
106,m2,47.2728
106,m3,62.2948
106,ca,49.3568
108,c1,90.4494
108,c2,93.5828
108,c3,95.1466
108,c4,96.0956
108,c5,96.8206
108,m1,7.1078
108,m2,20.0639
108,m3,50.1906
108,ca,49.3568
109,c1,90.2808
109,c2,93.4144
109,c3,95.0348
109,c4,95.9838
109,c5,96.7646
109,m1,107.4444
109,m2,20.0639
109,m3,50.1906
109,ca,49.3568
111,c1,90.0564
111,c2,93.302
111,c3,94.923
111,c4,95.9278
111,c5,96.7086
111,m1,108.788
111,m2,20.5125
111,m3,50.1906
111,ca,49.3568
113,c1,89.8316
113,c2,93.1336
113,c3,94.8112
113,c4,95.816
113,c5,96.5966
113,m1,109.5232
113,m2,19.9875
113,m3,50.1146
113,ca,49.3568
115,c1,89.6068
115,c2,93.0212
115,c3,94.6996
115,c4,95.7602
115,c5,96.5408
115,m1,110.499
115,m2,119.9875
115,m3,50.1146
115,ca,49.3568
117,c1,89.3822
117,c2,92.8526
117,c3,94.5878
117,c4,95.6484
117,c5,96.485
117,m1,111.1154
117,m2,119.9875
117,m3,50.1146
117,ca,49.3568
119,c1,89.2138
119,c2,92.7404
119,c3,94.4758
119,c4,95.5368
119,c5,96.429
119,m1,111.5078
119,m2,119.9875
119,m3,50.1146
119,ca,49.3568
121,c1,88.9892
121,c2,92.5722
121,c3,94.4198
121,c4,95.4808
121,c5,96.317
121,m1,7.4936
121,m2,49.15
121,m3,40.4465
121,ca,49.3568
123,c1,88.7646
123,c2,92.4598
123,c3,94.308
123,c4,95.369
123,c5,96.2612
123,m1,108.6392
123,m2,49.15
123,m3,40.4465
123,ca,49.3568
125,c1,88.54
125,c2,92.2912
125,c3,94.1958
125,c4,95.313
125,c5,96.2052
125,m1,109.2562
125,m2,49.15
125,m3,40.4465
125,ca,49.3568
126,c1,88.3152
126,c2,92.1788
126,c3,94.0836
126,c4,95.201
126,c5,96.1492
126,m1,109.1504
126,m2,49.3806
126,m3,40.4465
126,ca,49.3568
128,c1,88.1468
128,c2,92.0102
128,c3,93.9714
128,c4,95.145
128,c5,96.0932
128,m1,109.1504
128,m2,50.2098
128,m3,40.4465
128,ca,49.3568
130,c1,87.9226
130,c2,91.8978
130,c3,93.8592
130,c4,95.033
130,c5,95.9814
130,m1,109.375
130,m2,50.5464
130,m3,40.4465
130,ca,49.3568
132,c1,87.6978
132,c2,91.7292
132,c3,93.7468
132,c4,94.9772
132,c5,95.9254
132,m1,7.1564
132,m2,21.3438
132,m3,32.712
132,ca,49.3568
134,c1,87.4732
134,c2,91.6168
134,c3,93.6344
134,c4,94.8652
134,c5,95.8696
134,m1,107.493
134,m2,21.9292
134,m3,32.712
134,ca,49.3568
136,c1,87.2492
136,c2,91.4484
136,c3,93.522
136,c4,94.8092
136,c5,95.8136
136,m1,108.2224
136,m2,21.9292
136,m3,32.712
136,ca,49.3568
137,c1,87.0806
137,c2,91.2798
137,c3,93.4096
137,c4,94.6974
137,c5,95.7576
137,m1,108.1166
137,m2,21.8528
137,m3,33.0286
137,ca,49.3568
139,c1,86.856
139,c2,91.1674
139,c3,93.3534
139,c4,94.6414
139,c5,95.646
139,m1,108.7114
139,m2,22.1894
139,m3,33.0286
139,ca,49.3568
141,c1,86.6314
141,c2,90.9988
141,c3,93.2412
141,c4,94.5296
141,c5,95.59
141,m1,108.7114
141,m2,22.582
141,m3,33.6456
141,ca,49.3568
144,c1,86.407
144,c2,90.8866
144,c3,93.1288
144,c4,94.4736
144,c5,95.534
144,m1,7.162
144,m2,9.8628
144,m3,27.2713
144,ca,49.3568
146,c1,86.1822
146,c2,90.7182
146,c3,93.0166
146,c4,94.3618
146,c5,95.4782
146,m1,108.534
146,m2,109.8628
146,m3,27.2713
146,ca,49.3568
148,c1,86.0138
148,c2,90.606
148,c3,92.9044
148,c4,94.3058
148,c5,95.3664
148,m1,108.534
148,m2,109.8628
148,m3,27.7759
148,ca,49.3568
150,c1,85.7892
150,c2,90.4378
150,c3,92.7922
150,c4,94.1934
150,c5,95.3106
150,m1,109.0184
150,m2,109.757
150,m3,27.6999
150,ca,49.3568
152,c1,85.5646
152,c2,90.3254
152,c3,92.68
152,c4,94.1372
152,c5,95.2546
152,m1,109.8936
152,m2,109.757
152,m3,27.6999
152,ca,49.3568
155,c1,85.34
155,c2,90.1568
155,c3,92.5676
155,c4,94.0248
155,c5,95.1988
155,m1,109.8936
155,m2,110.655
155,m3,27.6999
155,ca,49.3568
157,c1,85.1156
157,c2,90.0444
157,c3,92.4552
157,c4,93.9686
157,c5,95.1428
157,m1,7.2823
157,m2,45.4842
157,m3,22.5149
157,ca,49.3568
158,c1,84.9474
158,c2,89.8758
158,c3,92.343
158,c4,93.8562
158,c5,95.031
158,m1,108.1025
158,m2,45.4842
158,m3,22.5149
158,ca,49.3568
160,c1,84.7228
160,c2,89.7638
160,c3,92.2868
160,c4,93.8
160,c5,94.975
160,m1,108.4843
160,m2,45.9894
160,m3,22.5149
160,ca,49.3568
163,c1,84.4984
163,c2,89.5956
163,c3,92.1744
163,c4,93.688
163,c5,94.919
163,m1,109.5141
163,m2,45.9132
163,m3,22.5149
163,ca,49.3568
165,c1,84.2736
165,c2,89.427
165,c3,92.062
165,c4,93.5758
165,c5,94.863
165,m1,109.7947
165,m2,45.9132
165,m3,22.5149
165,ca,49.3568
167,c1,84.049
167,c2,89.3146
167,c3,91.9496
167,c4,93.5198
167,c5,94.751
167,m1,110.1313
167,m2,46.3064
167,m3,22.5149
167,ca,49.3568
169,c1,83.8242
169,c2,89.1462
169,c3,91.8376
169,c4,93.4076
169,c5,94.695
169,m1,7.4468
169,m2,19.6774
169,m3,18.3669
169,ca,49.3568
172,c1,83.6562
172,c2,89.0338
172,c3,91.7254
172,c4,93.3514
172,c5,94.639
172,m1,108.8246
172,m2,119.6774
172,m3,118.3669
172,ca,49.3568
173,c1,83.4314
173,c2,88.8652
173,c3,91.613
173,c4,93.2392
173,c5,94.5832
173,m1,108.8868
173,m2,119.5714
173,m3,118.2615
173,ca,49.3568
175,c1,83.2066
175,c2,88.7528
175,c3,91.5006
175,c4,93.183
175,c5,94.5274
175,m1,108.8868
175,m2,120.6188
175,m3,118.2615
175,ca,49.3568
