height,hash,miner_address,miner_host,time,txcount,confirmations,epoch,in_setup
1,00ac4c727b7899e4e297a595e449695d10345beabd8f04197995dad98d75438e,1WnfqebDAdm9GTqGfqtt5UMhh7nFTYKaoonfAU,,946684801,1,602,1,1
2,0023da639187be8dc4efed15fef2c5ca5e08aa4d534541659b24efbb2934866f,1WnfqebDAdm9GTqGfqtt5UMhh7nFTYKaoonfAU,,946684802,1,601,1,1
3,007beebe6f585962424d4678058d2d8bfd05e8f859518504e245a2f3747536fd,1WnfqebDAdm9GTqGfqtt5UMhh7nFTYKaoonfAU,,946684811,4,600,1,1
4,009d3aa24f077d9404a415a862150d4fd5157b5fa1225d9c1482675e13fdd72d,1WnfqebDAdm9GTqGfqtt5UMhh7nFTYKaoonfAU,,946684821,1,599,1,1
5,00836cb410295de55d672b8cc7b9c4211ef0c3e03b439956da077a717c131db7,1WnfqebDAdm9GTqGfqtt5UMhh7nFTYKaoonfAU,,946684835,1,598,1,1
6,001d3d8219dbf284c4e2660aa54a21f63bb38002c0a679e2b3fec815698de331,1WnfqebDAdm9GTqGfqtt5UMhh7nFTYKaoonfAU,,946684850,1,597,1,1
7,00902ce9d8ebd16ce6e697bee580ac5327373a4ba24d8e49942c4fdb2d635848,1WnfqebDAdm9GTqGfqtt5UMhh7nFTYKaoonfAU,,946684862,40,596,1,1
8,008aa4e73736db7b7c249b97585dc56e9d4eab9763c445a9eb875f311f65d9db,1WnfqebDAdm9GTqGfqtt5UMhh7nFTYKaoonfAU,,946684876,1,595,1,1
9,00274edf71a18e696ada8fe076179e1a2d36aae1cf7a28911db4098ae09947a9,1WnfqebDAdm9GTqGfqtt5UMhh7nFTYKaoonfAU,,946684888,1,594,1,1
10,0095863134aeca785d0f602a852e7beef6f132f3928f9eaa420f412a7aeee139,1WnfqebDAdm9GTqGfqtt5UMhh7nFTYKaoonfAU,,946684901,1,593,1,1
11,0000f06a6598f48fa798f8499df9eeb30ac69c081e2121a2da56c34ef0afcfcb,1WnfqebDAdm9GTqGfqtt5UMhh7nFTYKaoonfAU,,946684911,1,592,1,1
12,00846c63ad68754bcd04062fcdba3d9481f81e1d53f2a7f474eb6bcde82bcb34,1WnfqebDAdm9GTqGfqtt5UMhh7nFTYKaoonfAU,,946684920,1,591,1,1
13,00f7a56284e08bc723d10a33edd3ebcf5e2433795e2773e98e9a31c3db54d102,1WnfqebDAdm9GTqGfqtt5UMhh7nFTYKaoonfAU,,946684922,1,590,1,1
14,00934342a125c26fa50a4deed99c9969004b66c6a3e5acd1ee5cf4264bbf88ca,1WnfqebDAdm9GTqGfqtt5UMhh7nFTYKaoonfAU,,946684930,1,589,1,1
15,002b99a28183d49d2e4dc7cbc6aafddc34d137bba5a3374603b9eb957399efca,1WnfqebDAdm9GTqGfqtt5UMhh7nFTYKaoonfAU,,946684939,1,588,1,1
16,00e79930fbcb01fabc816cf5acb5873a1e0b31de1b07a4387157f77522b7619e,1WnfqebDAdm9GTqGfqtt5UMhh7nFTYKaoonfAU,,946684955,1,587,1,1
17,0061227245a117fc294eaf1b90603164cffd04b66cbe3457706cfb0da4b8e304,1MR23ACVa8yHLyXnyiCzuh5NNcyYPcVjABvQX7,m1,946684965,1,586,1,1
18,004b1b74050a359051dd27d315b541054d142a8c9da3b209733bf1ae27eb8986,1WnfqebDAdm9GTqGfqtt5UMhh7nFTYKaoonfAU,,946684974,1,585,1,1
19,0086c4251a7cd7a6a8081dd95de6d5ef951b42753e2c0aac7609902cd27eedb1,1MR23ACVa8yHLyXnyiCzuh5NNcyYPcVjABvQX7,m1,946684984,1,584,1,1
20,009f689ccd1b48facc89091be7a5027b4217613cb38cbe01fdb7688bc99adb02,1MR23ACVa8yHLyXnyiCzuh5NNcyYPcVjABvQX7,m1,946684992,1,583,1,1
21,0045c719eac754f81297a27a0debdc473b2e5ccd1f5f53aa89d4409fef534e97,1MR23ACVa8yHLyXnyiCzuh5NNcyYPcVjABvQX7,m1,946685005,1,582,1,1
22,00536cf951c2c6ae63f7a9322de340b1eef37d5c217558a11968b7783b3c5328,1MR23ACVa8yHLyXnyiCzuh5NNcyYPcVjABvQX7,m1,946685019,1,581,1,1
23,00e670ac7564969c9c458f0e98a3937bc5ea3d1f1ebab99816d694f03ed318b0,1WnfqebDAdm9GTqGfqtt5UMhh7nFTYKaoonfAU,,946685027,1,580,1,1
24,00c50bf8e0e9b2ad44679899d269a4c7a324cbacf967dc6254a95ae0ad353a06,1WnfqebDAdm9GTqGfqtt5UMhh7nFTYKaoonfAU,,946685041,1,579,1,1
25,00f7b0222764b175a4ec555068c4983fe3543a6d09bb09f984b5590a9314f393,12FC8Zks2JqRt2BTkbvcKztQFVkCRaMjVC9Tu7,m3,946685048,1,578,1,1
26,00141b891f601810e3a79b49c7e38ab399997358a2a2d00b8728df0b59fa4233,12FC8Zks2JqRt2BTkbvcKztQFVkCRaMjVC9Tu7,m3,946685056,1,577,1,1
27,00a1f126403dfaf080ff690d0832f6a2cba0c7c5bd9900eeff7a60b54e687bea,12FC8Zks2JqRt2BTkbvcKztQFVkCRaMjVC9Tu7,m3,946685065,17,576,1,1
28,0047c62cdb1e179018f3c0db4f60bd92ffec08f27c17cc3445595e1da6c3f223,12FC8Zks2JqRt2BTkbvcKztQFVkCRaMjVC9Tu7,m3,946685077,1,575,1,1
29,00f812a7a44814557eb6542186638be0c527271a2ccebe169b13d1d2748ad7b0,1WnfqebDAdm9GTqGfqtt5UMhh7nFTYKaoonfAU,,946685089,1,574,1,1
30,001ad35cbb16626d06e26a871f81183e25264b117716640895e3c0d18a3bdfcc,12FC8Zks2JqRt2BTkbvcKztQFVkCRaMjVC9Tu7,m3,946685093,1,573,1,1
31,00b67ddcfb0cad62daa3af897df336da444f4abe15cd2a3d8f7a0f06c876da64,1MR23ACVa8yHLyXnyiCzuh5NNcyYPcVjABvQX7,m1,946685110,1,572,1,1
32,0053e319015405ecca3b447373e7ba88d6ecbe9f910f9b43fdd5ee68015f1e78,1MR23ACVa8yHLyXnyiCzuh5NNcyYPcVjABvQX7,m1,946685118,1,571,1,1
33,00bee3d1dd4bc264efdc129c1f7551617e18741791d9beec331b0b8beefbc30f,1MR23ACVa8yHLyXnyiCzuh5NNcyYPcVjABvQX7,m1,946685127,1,570,1,1
34,008124ad6d6fad64f6fbf628d039959161fbed55cc962804561358b683d11547,12FC8Zks2JqRt2BTkbvcKztQFVkCRaMjVC9Tu7,m3,946685141,10,569,1,1
35,002103c254ab23ca131434056de6bf2a9ad6d1e1920638df1eaee8e2c5ec4121,1MR23ACVa8yHLyXnyiCzuh5NNcyYPcVjABvQX7,m1,946685146,1,568,1,1
36,003f4d52c3da30f221f0f87a980c92269e248f2db78554ff1685e57c6cf51ada,1MR23ACVa8yHLyXnyiCzuh5NNcyYPcVjABvQX7,m1,946685159,5,567,1,1
37,00d42b9f1631b423f3299196cae4b297101f173e03d41fcbf722bce60f54b184,1WnfqebDAdm9GTqGfqtt5UMhh7nFTYKaoonfAU,,946685170,5,566,1,1
38,00a9b80f78476ca161c6b96e6a42d637972997531c1fecd90f57f5a2cca33947,1MR23ACVa8yHLyXnyiCzuh5NNcyYPcVjABvQX7,m1,946685175,3,565,1,1
39,00c2319f8b1cfeeabe004a8467b7c50131d6c6de6dda8b0ae26685edb3681f64,1Snjm1ipv6bNrYBJg7akJXwLCy8JeNnkNx1L2x,m2,946685187,4,564,1,1
40,00049b4845e7e77285a59df7742a3d455d56543f1e40a2c856dab5656047ad26,1Snjm1ipv6bNrYBJg7akJXwLCy8JeNnkNx1L2x,m2,946685196,6,563,1,1
41,00112edfb61d5fbc359a31be86eb550f6946dc7735e766d131c9ae49af802b3c,1Snjm1ipv6bNrYBJg7akJXwLCy8JeNnkNx1L2x,m2,946685206,5,562,1,1
42,00a4adf9f9df29fc2847d23e0d6d0751642c34fc5a8c06370337e84b151bc36b,1MR23ACVa8yHLyXnyiCzuh5NNcyYPcVjABvQX7,m1,946685220,7,561,1,1
43,006c4154b7a406d26e1710046df10dabead0e22d81a8ad82e93611302e9ac73f,1Snjm1ipv6bNrYBJg7akJXwLCy8JeNnkNx1L2x,m2,946685226,2,560,1,1
44,0048de9e455cfcf7c66182d5269813727c320350b528483804fd65ce617ad27c,1Snjm1ipv6bNrYBJg7akJXwLCy8JeNnkNx1L2x,m2,946685239,5,559,1,1
45,007afd4ddc76d45d2000cbfb998014a5fbdc6604d2fc505b7c35f18c917092b3,1Snjm1ipv6bNrYBJg7akJXwLCy8JeNnkNx1L2x,m2,946685250,5,558,1,1
46,0082389612f8c9ec7e76feabe87bc91457c644af206c07f29a9c53de072fb266,1Snjm1ipv6bNrYBJg7akJXwLCy8JeNnkNx1L2x,m2,946685263,6,557,1,1
47,00b87b573955c523c798eaf4ba835cd0a50fcf769938361b038bdb9bdb6d4bb6,12FC8Zks2JqRt2BTkbvcKztQFVkCRaMjVC9Tu7,m3,946685267,2,556,1,1
48,008cec50585d61560d32b5db7cda81d017f21d9f6ecbd4ca3bede0805207e24d,12FC8Zks2JqRt2BTkbvcKztQFVkCRaMjVC9Tu7,m3,946685276,4,555,1,1
49,000479f712987b0a4a9c8ec7b953a34210056a42d72654dbb0204198151eb74b,12FC8Zks2JqRt2BTkbvcKztQFVkCRaMjVC9Tu7,m3,946685286,6,554,1,1
50,0038a526c0c77d8e1b39e8345b3bc9c05972d5c133a6b77ae4100877b9631eb9,1MR23ACVa8yHLyXnyiCzuh5NNcyYPcVjABvQX7,m1,946685298,4,553,1,1
51,00feb49b82d0bfa680480d73fdc78654befb333f97e81d959d8047f9f7282532,12FC8Zks2JqRt2BTkbvcKztQFVkCRaMjVC9Tu7,m3,946685306,4,552,1,1
52,0031039288312ae69e0d3be2e65c420febca355c166561890078e293d06a90fa,12FC8Zks2JqRt2BTkbvcKztQFVkCRaMjVC9Tu7,m3,946685320,8,551,1,1
53,009596eb53a52a732d944470df1698ac5b87909e3ab62474a6b0bd106aa1f370,12FC8Zks2JqRt2BTkbvcKztQFVkCRaMjVC9Tu7,m3,946685330,2,550,1,1
54,00f9ab0b15a323c566e3c3e8a7100445951561c078a0b7668e63ce644d8b9804,1MR23ACVa8yHLyXnyiCzuh5NNcyYPcVjABvQX7,m1,946685341,7,549,1,1
55,00697ac77edb90edcdfccccbacc04af20c7eee6effad156f794fc5183e2aaf1d,1WnfqebDAdm9GTqGfqtt5UMhh7nFTYKaoonfAU,,946685353,4,548,1,1
56,00926cfd0a6e7f9d11a34b1ed72c4dfa81a6850b29468444a4ebcc7873ec7bfe,1MR23ACVa8yHLyXnyiCzuh5NNcyYPcVjABvQX7,m1,946685362,4,547,1,1
57,00f1a42b8adba7cb7da08c3e346a56a1a5218ebc313f53d18c65c01993b81308,1MR23ACVa8yHLyXnyiCzuh5NNcyYPcVjABvQX7,m1,946685372,6,546,1,1
58,00a8750f9d515408e13d08dc8ab232fca843447808f9445780188513767ae81f,1MR23ACVa8yHLyXnyiCzuh5NNcyYPcVjABvQX7,m1,946685380,1,545,1,1
59,003b223e1600f0dcf30aa837451500b9d956af8621ef121e32b35db77ed61701,1MR23ACVa8yHLyXnyiCzuh5NNcyYPcVjABvQX7,m1,946685391,7,544,1,1
60,001d75e394590b6a36db52a340b3c6612092ba00b7985f0dd489550d1b69308d,1Snjm1ipv6bNrYBJg7akJXwLCy8JeNnkNx1L2x,m2,946685400,4,543,1,1
61,003588654157fdcd4852c89e04d93cc4c23f06093c8fbb3d7ec952f0170f1d0e,1Snjm1ipv6bNrYBJg7akJXwLCy8JeNnkNx1L2x,m2,946685410,4,542,1,1
62,0010b301d2803ed98f4e9f8cf5c9b86b086bf41cc30ba988e830c4fd70067739,1Snjm1ipv6bNrYBJg7akJXwLCy8JeNnkNx1L2x,m2,946685418,5,541,1,1
63,0017beee342a9397d1916efc09624c7edc19881ca02766096fdb078f71909d64,1Snjm1ipv6bNrYBJg7akJXwLCy8JeNnkNx1L2x,m2,946685429,6,540,1,1
64,00a883dad5c00e7e8e5cc4b6b883230307a7b2c2a6f9e1e5dfecfe11d5ada716,1MR23ACVa8yHLyXnyiCzuh5NNcyYPcVjABvQX7,m1,946685444,5,539,1,1
65,00caa341608c1ac5ee5e187d5d8645ee577a49b2b1bd2f6d33919533c0d3fc9e,12FC8Zks2JqRt2BTkbvcKztQFVkCRaMjVC9Tu7,m3,946685451,3,538,1,1
66,00adee364afb9af8f726592eb4cebe15ca84f558d4ed215afbe865f84880cfc3,12FC8Zks2JqRt2BTkbvcKztQFVkCRaMjVC9Tu7,m3,946685461,6,537,1,1
67,00bab120f59a7a93779b5ae975710c50a96e95a26239c9e49b5e28351b3f5883,12FC8Zks2JqRt2BTkbvcKztQFVkCRaMjVC9Tu7,m3,946685470,4,536,1,1
68,004728ac2483cba19c99a91c0998935f62940cc536286ecabf5217c7a0a43203,1WnfqebDAdm9GTqGfqtt5UMhh7nFTYKaoonfAU,,946685480,4,535,1,1
69,006e4dc632469c004b454cf75a4ca5196924283a45f8e51232a2b947352d20a7,1WnfqebDAdm9GTqGfqtt5UMhh7nFTYKaoonfAU,,946685495,7,534,1,1
70,0051044a56b7bfb5ad80350b0745ab35ec07c3451258a9c7424cc8818f2e11f4,1MR23ACVa8yHLyXnyiCzuh5NNcyYPcVjABvQX7,m1,946685500,1,533,1,1
71,006c86b9f30247664de35d76301a3a17369db722870c304ffd567f6a4e08731f,1MR23ACVa8yHLyXnyiCzuh5NNcyYPcVjABvQX7,m1,946685514,7,532,1,1
72,008903eb36a1d58c63aca0e80437586b770d72c2ec9e947f9c0e5d80f64e50d7,1MR23ACVa8yHLyXnyiCzuh5NNcyYPcVjABvQX7,m1,946685518,3,531,1,1
73,0059cddfeaa470f6b14d2e8ffbec04c91949bd21bef432286eb56905dd7921be,1MR23ACVa8yHLyXnyiCzuh5NNcyYPcVjABvQX7,m1,946685533,6,530,1,1
74,001e6627a506ead2b9c5d38253bb1d71bf65fe35c0de8ed4b9518c8546872e53,1MR23ACVa8yHLyXnyiCzuh5NNcyYPcVjABvQX7,m1,946685543,6,529,1,1
75,00e8da82a4366f2473e9b8935c34e280fc7dae3d45fbc2b764d899a424650585,1WnfqebDAdm9GTqGfqtt5UMhh7nFTYKaoonfAU,,946685551,3,528,1,1
76,005a9c73493f79ce88b5289c8c7b7877f06c667657691a1ea23ca7beff170939,1WnfqebDAdm9GTqGfqtt5UMhh7nFTYKaoonfAU,,946685567,7,527,1,1
77,005ac80426dcf5cbc5c250c51e367b6344902b092661a4d809e2461681de4397,1WnfqebDAdm9GTqGfqtt5UMhh7nFTYKaoonfAU,,946685570,1,526,1,1
78,002fb02f03dfac0aa816fda6f4f5bf38c928585e04b34508e726450407ae3f04,1WnfqebDAdm9GTqGfqtt5UMhh7nFTYKaoonfAU,,946685581,6,525,1,1
79,00a1ab80fc4a96021c3a2c622947d5256f9590adc46e9d14bdbfb44f305f5bc4,1Snjm1ipv6bNrYBJg7akJXwLCy8JeNnkNx1L2x,m2,946685593,5,524,1,1
80,00c8b1f9ba2c5045aa61153a9d3ef6f53adccbda0560b41e19aa635c2df4be53,1WnfqebDAdm9GTqGfqtt5UMhh7nFTYKaoonfAU,,946685601,4,523,1,1
81,00fdea5fa2336f2722676ebf2c84966d5c036aeb9742a261e55e1b78083cc4b9,1WnfqebDAdm9GTqGfqtt5UMhh7nFTYKaoonfAU,,946685614,5,522,1,1
82,008e62f6ca8f77a318b27119ea30d869b96e5c7952bc630dfab02a3d2931647e,1WnfqebDAdm9GTqGfqtt5UMhh7nFTYKaoonfAU,,946685623,6,521,1,1
83,006ea22c898cab21b97e3795b62277cb003d0ed542bddd5989429f6d7fcd7656,1Snjm1ipv6bNrYBJg7akJXwLCy8JeNnkNx1L2x,m2,946685633,3,520,1,1
84,0083c6e16245a5cf9a663bb9f264ff692afb6f73c4eaa0c10a219eada3144e2c,1Snjm1ipv6bNrYBJg7akJXwLCy8JeNnkNx1L2x,m2,946685641,5,519,1,1
85,005f8f37a64690c710c30c3018d4495e2e32b75b65f84fc95792887b3d415ac4,1WnfqebDAdm9GTqGfqtt5UMhh7nFTYKaoonfAU,,946685650,3,518,1,1
86,007ecaa156cfc17a8517122ddd40f60da0893dd721c97228212b496dae28d859,1Snjm1ipv6bNrYBJg7akJXwLCy8JeNnkNx1L2x,m2,946685661,6,517,1,1
87,0098584a1b3ffa6d16f37d5e49ea92a762e8223af5304d6cfaf09c9a476a3744,1WnfqebDAdm9GTqGfqtt5UMhh7nFTYKaoonfAU,,946685671,5,516,1,1
88,00ac612124697ad8ec812e83ab3d592dabfe599d7f6c99cbc6f79742c7d19efe,1Snjm1ipv6bNrYBJg7akJXwLCy8JeNnkNx1L2x,m2,946685680,3,515,1,1
89,00ef5b687e63fb1b6577b1db31b63e0310f7493d60be50cc45d6f1cfd1ad9feb,1MR23ACVa8yHLyXnyiCzuh5NNcyYPcVjABvQX7,m1,946685692,7,514,1,1
90,0028c442fbf4a26fb9955fa02caa8f783c58e72690f473289ce42617318213e8,1WnfqebDAdm9GTqGfqtt5UMhh7nFTYKaoonfAU,,946685701,4,513,1,1
91,00ffddfc2757dc118d0ef3660abe82075ddee5d279fa65658ec1b680847a598e,1WnfqebDAdm9GTqGfqtt5UMhh7nFTYKaoonfAU,,946685710,3,512,1,1
92,009a73d8314b68a6db474971998ae244d24959a75c8c41675d20f41264b764fa,1MR23ACVa8yHLyXnyiCzuh5NNcyYPcVjABvQX7,m1,946685721,6,511,1,1
93,008b76ef021c4196b840a64887eae3ca033834790a2187c9f926f40abd5ce2f4,1WnfqebDAdm9GTqGfqtt5UMhh7nFTYKaoonfAU,,946685730,3,510,1,1
94,009d40af5e3bd6048d0f10b620df2ba7f34f3ea4f377cbc688eec0017f808048,1Snjm1ipv6bNrYBJg7akJXwLCy8JeNnkNx1L2x,m2,946685741,7,509,1,1
95,0055c0e18139a5f1799b62a618406e5999d2164c47ba3ad4ffed1dc489e51d39,1MR23ACVa8yHLyXnyiCzuh5NNcyYPcVjABvQX7,m1,946685754,4,508,1,1
96,0031bc9453d1051217d1b4a2f2b79d43e7c1e9298980a241d5c54162481493bc,1MR23ACVa8yHLyXnyiCzuh5NNcyYPcVjABvQX7,m1,946685759,2,507,1,1
97,00be1d8e9d2b4d7913ccf87855984c91fe0ecd1891ecfafa284e0783642f0a81,1WnfqebDAdm9GTqGfqtt5UMhh7nFTYKaoonfAU,,946685772,7,506,1,1
98,007e38eac612333002a0efcbd0f42cfc7925ee7bef708cdd959dde27e29dcf4a,1WnfqebDAdm9GTqGfqtt5UMhh7nFTYKaoonfAU,,946685783,5,505,1,1
99,000de5570cc3c435ef3285ca67f2a13b7e841d16ed7453bb3fe393552ff67ca4,1MR23ACVa8yHLyXnyiCzuh5NNcyYPcVjABvQX7,m1,946685789,3,504,1,1
100,0054bd57b974ac7805b9cbd11869250a2c0af56b6f91aa0226ee0b45c4ffda37,1MR23ACVa8yHLyXnyiCzuh5NNcyYPcVjABvQX7,m1,946685800,4,503,2,1
101,003c8b0715564dda4f343fb63cd66e80f5cf70345a26647ab272498f12da2a7c,1WnfqebDAdm9GTqGfqtt5UMhh7nFTYKaoonfAU,,946685814,10,502,2,1
102,00b1e616a816fa5921ead0ee69b8997bd1589c7e16417164a2314f8ce5ea399c,1Snjm1ipv6bNrYBJg7akJXwLCy8JeNnkNx1L2x,m2,946685821,6,501,2,1
103,003752422dadf943ae9bf12facf8123192ad0a952e7c368ab8955af72dbd64d8,1Snjm1ipv6bNrYBJg7akJXwLCy8JeNnkNx1L2x,m2,946685829,4,500,2,1
104,00be66be25e13df1dee1c17af27f46bd2720c7420c6b392134137c3277e60a05,1Snjm1ipv6bNrYBJg7akJXwLCy8JeNnkNx1L2x,m2,946685846,7,499,2,1
105,005bfba767b78f19f74f5ad144529343d9ae6171600d41f8328ef92999a044d8,1WnfqebDAdm9GTqGfqtt5UMhh7nFTYKaoonfAU,,946685853,3,498,2,1
106,001095ff18f0bbc55504f1416b4fc66a3613562dc1d28debdf467b87c3a3b17e,1WnfqebDAdm9GTqGfqtt5UMhh7nFTYKaoonfAU,,946685862,8,497,2,1
107,00680a7a7cfe9963c50a7e2a2dca100681d3e2ef27ebfc1f5ef89f2e63ebc856,12FC8Zks2JqRt2BTkbvcKztQFVkCRaMjVC9Tu7,m3,946685873,4,496,2,1
108,009278393377d80dc2dc6a2c20e1f40a0d25276eda61b9a6dbc6002ac515e512,1WnfqebDAdm9GTqGfqtt5UMhh7nFTYKaoonfAU,,946685881,4,495,2,1
109,008f3f12f73e9747b6330fb3502ef07309f45a1ba570428a9da678d6101adbf3,1WnfqebDAdm9GTqGfqtt5UMhh7nFTYKaoonfAU,,946685893,6,494,2,1
110,00eb48e2324959ca7f3ff41aaf8a2abf112128be8cc1f9e75a671721413527d5,1WnfqebDAdm9GTqGfqtt5UMhh7nFTYKaoonfAU,,946685903,4,493,2,1
111,0092c56d395fee3c2fc6e10f127ead429c0ee54a3e922fcf5d9c4956ae584200,1WnfqebDAdm9GTqGfqtt5UMhh7nFTYKaoonfAU,,946685914,4,492,2,1
112,0013413f1d84297e9a2b0bc499292cd46de80e5cde2e43d0ec9cb1712e5b1fa7,1WnfqebDAdm9GTqGfqtt5UMhh7nFTYKaoonfAU,,946685922,5,491,2,1
113,00b3ef677a83c6a364485272ccc02f249322f59acfbb587baecea99b488c9566,12FC8Zks2JqRt2BTkbvcKztQFVkCRaMjVC9Tu7,m3,946685935,5,490,2,1
114,008b56370cf4d8443b38f267ae84e0551fb94f829b1c70e3fbb3d4b5ea4970ca,12FC8Zks2JqRt2BTkbvcKztQFVkCRaMjVC9Tu7,m3,946685944,5,489,2,1
115,00593f562c5021a76e387c9445b95557b91369fbda4744c1dee5420afcc7becf,1Snjm1ipv6bNrYBJg7akJXwLCy8JeNnkNx1L2x,m2,946685956,6,488,2,1
116,00948a43491633a751b7be618c636d43715f018c5168d12b7727c5531a842848,1Snjm1ipv6bNrYBJg7akJXwLCy8JeNnkNx1L2x,m2,946685966,4,487,2,1
117,003d553b4697b9f23c68038b2da8ac7e6b9b542fd5a1455ba1cf1db2953e32c5,1Snjm1ipv6bNrYBJg7akJXwLCy8JeNnkNx1L2x,m2,946685976,4,486,2,1
118,0064c6f34426b8d7fa797a01477af2b6548109340b6db4ef00b4da325eb067b8,1Snjm1ipv6bNrYBJg7akJXwLCy8JeNnkNx1L2x,m2,946685985,4,485,2,1
119,008fc1f2ffe5e9359f3027cfa964247dd91dcb9aece75c39366d4ff2d67eb0ed,1MR23ACVa8yHLyXnyiCzuh5NNcyYPcVjABvQX7,m1,946685995,5,484,2,1
120,008fd700c380a6980e823f60639657dad74f8ffb4ac119e43f768fe9f8bc1d41,1WnfqebDAdm9GTqGfqtt5UMhh7nFTYKaoonfAU,,946686010,6,483,2,1
121,003fa862d850b7336ef654836b24c46b608214ac7e4e285e862a929476078a18,1MR23ACVa8yHLyXnyiCzuh5NNcyYPcVjABvQX7,m1,946686014,2,482,2,1
122,0081ca30f4297edc8c9518e08587ff748f9d6c738efc9a4033ceb18870700a93,1MR23ACVa8yHLyXnyiCzuh5NNcyYPcVjABvQX7,m1,946686023,6,481,2,1
123,0071bd5c2331b2cd4532d5dbadf66bc45b3f512d61849acf09bbcac38e1e71d7,1WnfqebDAdm9GTqGfqtt5UMhh7nFTYKaoonfAU,,946686035,3,480,2,1
124,0097343c2c2ac01bf37014423adda7ec1e55f4e8aa18ac6b058e2b92e4bd9778,1WnfqebDAdm9GTqGfqtt5UMhh7nFTYKaoonfAU,,946686045,7,479,2,1
125,0042b623480f00db3f9dc448bca1ea05802a75eeb825a6c053fb307aa451f22b,1WnfqebDAdm9GTqGfqtt5UMhh7nFTYKaoonfAU,,946686057,4,478,2,1
126,00479eaf353dc9676eeb87b63c4fa59b2e0f89b43bd47d482c41e94f9c82650e,1Snjm1ipv6bNrYBJg7akJXwLCy8JeNnkNx1L2x,m2,946686065,4,477,2,1
127,00297569dad838713e2bdb0b18652dad7d5d219e42cfc88a352ed4f3427cf7b2,1WnfqebDAdm9GTqGfqtt5UMhh7nFTYKaoonfAU,,946686074,4,476,2,1
128,000305508172cc37bcbd26ac2ef1a5930fd3ea53c92965687279bbb61eb8397a,1Snjm1ipv6bNrYBJg7akJXwLCy8JeNnkNx1L2x,m2,946686088,7,475,2,1
129,0008961f4c840747d303fa745e530e24e188a3751de90ff233500d7ca6046a7d,1Snjm1ipv6bNrYBJg7akJXwLCy8JeNnkNx1L2x,m2,946686100,7,474,2,1
130,00533802d516cec5bca47f913a804cdf6da02b00e0ad06111e1d4e80000e5d99,12FC8Zks2JqRt2BTkbvcKztQFVkCRaMjVC9Tu7,m3,946686105,1,473,2,1
131,008161136f7e88543be800492bc0b9c7229d8918930d5cc3360bdb0bc6102200,1WnfqebDAdm9GTqGfqtt5UMhh7nFTYKaoonfAU,,946686117,6,472,2,1
132,004b48bb449ee24f849451b39f907ec98636b248cd44b0cfd7d0a69455f9637e,1MR23ACVa8yHLyXnyiCzuh5NNcyYPcVjABvQX7,m1,946686126,4,471,2,1
133,0098add66d2e28e358099cfb992f92ca4cf81597d55c47737f5684f22c9a92c8,1MR23ACVa8yHLyXnyiCzuh5NNcyYPcVjABvQX7,m1,946686133,3,470,2,1
134,001dbd1883c250afbc99ea92c46d54f5723683cd91c5176cca756a06e4869e9c,1WnfqebDAdm9GTqGfqtt5UMhh7nFTYKaoonfAU,,946686147,5,469,2,1
135,0082e8fc8bd08f0e706457b9d8cd9574bf3bf11537157bb38ad789c78bd7b530,1WnfqebDAdm9GTqGfqtt5UMhh7nFTYKaoonfAU,,946686154,4,468,2,1
136,0040c373f141d1a733015e479048c8704b2ab6e675c548b730c5ddda524d782c,1WnfqebDAdm9GTqGfqtt5UMhh7nFTYKaoonfAU,,946686164,4,467,2,1
137,00c738365df82bbf1ca850fd81e61f7167a9e408edd981caa26f8949a701f33c,1Snjm1ipv6bNrYBJg7akJXwLCy8JeNnkNx1L2x,m2,946686175,6,466,2,1
138,008874c209bf21eab9f22bace18bbcca67b5acee5f3bc520c6e2a1aa887cee95,1WnfqebDAdm9GTqGfqtt5UMhh7nFTYKaoonfAU,,946686191,7,465,2,1
139,002940d48e6fcd03e3f63fa946551f089c6da1edc19809e13c8b9ec474752288,12FC8Zks2JqRt2BTkbvcKztQFVkCRaMjVC9Tu7,m3,946686196,1,464,2,1
140,0010a6595b768a6cfa8024219cc04d7b82759c3f16e1093a4e68f9b26db2f248,12FC8Zks2JqRt2BTkbvcKztQFVkCRaMjVC9Tu7,m3,946686209,7,463,2,1
141,006b9d0100bc602760b5eea4b6e81e360c7189e253a1bf0f35610a1fe76d032c,1Snjm1ipv6bNrYBJg7akJXwLCy8JeNnkNx1L2x,m2,946686217,4,462,2,1
142,00b767a03a6b1d4eb55438809e13f8e18a2aeedf327f7124f194892c987f56e2,1Snjm1ipv6bNrYBJg7akJXwLCy8JeNnkNx1L2x,m2,946686225,4,461,2,1
143,00a499916c66d8e512cb21a72555d31d8a699a2ddb10f07629fe6b04bb9b097c,12FC8Zks2JqRt2BTkbvcKztQFVkCRaMjVC9Tu7,m3,946686237,5,460,2,1
144,0099e11992d40e0bc4bf6895bf0d1699d3ccdd88cb5a2e1ad0286ba9a7dd0b0c,1Snjm1ipv6bNrYBJg7akJXwLCy8JeNnkNx1L2x,m2,946686247,6,459,2,1
145,006d7be0dc06d237d9976ba4b843b066e6b826d7f71f7bf443b03e758728f41d,12FC8Zks2JqRt2BTkbvcKztQFVkCRaMjVC9Tu7,m3,946686255,2,458,2,1
146,00f4f13e752b6bd74a5197b07ae5cd0f96b117b9163d0a60dc677d3bd6b2afd5,12FC8Zks2JqRt2BTkbvcKztQFVkCRaMjVC9Tu7,m3,946686273,8,457,2,1
147,008353e823851847317691d3c6aac0f944839997d9bd6127538df73cd4bc67d7,1Snjm1ipv6bNrYBJg7akJXwLCy8JeNnkNx1L2x,m2,946686276,2,456,2,1
148,00f3c38cb8a768a5a88c446e51b3a3487c63b46bd2ae56c15ad6a7e09108bdb1,1MR23ACVa8yHLyXnyiCzuh5NNcyYPcVjABvQX7,m1,946686290,5,455,2,1
149,00ee9e33e7e3cee16a6eecf1db46597ce23d120341829eb7196844ac1e7ef3e3,1WnfqebDAdm9GTqGfqtt5UMhh7nFTYKaoonfAU,,946686298,5,454,2,1
150,0092a50102f23bfc69ffd788fa098ced0e749ba73fae82b0e7899ff3cb2fcc0c,1Snjm1ipv6bNrYBJg7akJXwLCy8JeNnkNx1L2x,m2,946686306,4,453,2,1
151,00c94c6ed86f2626c36d701ef6b7f11313b1dff83d8df0b584e2a6289b4d8c5e,1WnfqebDAdm9GTqGfqtt5UMhh7nFTYKaoonfAU,,946686317,6,452,2,1
152,004d56381fb58a8903e91f1e4bc4046cfaa8d29df87f0675764239ccec3dfb9d,1MR23ACVa8yHLyXnyiCzuh5NNcyYPcVjABvQX7,m1,946686325,4,451,2,1
153,00d2c8988e06935044ed0947cf78e9b1b7beeed55254bc000469a18c01a04c5c,1Snjm1ipv6bNrYBJg7akJXwLCy8JeNnkNx1L2x,m2,946686334,3,450,2,0
154,00a5d254761252f852faf98a74a026e2b34732fbb71fd306c8e9dd8d2709bfdd,1Snjm1ipv6bNrYBJg7akJXwLCy8JeNnkNx1L2x,m2,946686345,6,449,2,0
155,0076246823c1f75839c5275a1a6f3521c71dcd54ba84c784a96af82af90902b9,1Snjm1ipv6bNrYBJg7akJXwLCy8JeNnkNx1L2x,m2,946686352,3,448,2,0
156,00103dfbbd52dcdcb474901437c1564e9003948f180dec5448fb391205b7636f,1Snjm1ipv6bNrYBJg7akJXwLCy8JeNnkNx1L2x,m2,946686364,5,447,2,0
157,007e85f7ce597105cd12d5b5ddb858a366f4ab97db8968e65ea67f5f1f64d9c4,12FC8Zks2JqRt2BTkbvcKztQFVkCRaMjVC9Tu7,m3,946686375,5,446,2,0
158,00fbb6015ee234bbf13023fbe659525b4479a7d657071ba56bd85b1832f8dd64,1MR23ACVa8yHLyXnyiCzuh5NNcyYPcVjABvQX7,m1,946686391,8,445,2,0
159,007ff2adbab6be9739665c918115d91a414e105ffa24c2dc6a823958d026891b,1MR23ACVa8yHLyXnyiCzuh5NNcyYPcVjABvQX7,m1,946686404,4,444,2,0
160,00b24bd2ce6026c07a5980c3d7ca8ed22060aef3f2557a54605a1bae45a33ead,12FC8Zks2JqRt2BTkbvcKztQFVkCRaMjVC9Tu7,m3,946686410,3,443,2,0
161,0030a3422a79adbf42abd4c2e18739f8b1c524bf28e218ce0a0a686e60144704,1MR23ACVa8yHLyXnyiCzuh5NNcyYPcVjABvQX7,m1,946686423,7,442,2,0
162,00c36909e36ea580fdd2199fa565685eb93567fb7b4b11038f8bb13684192c09,1MR23ACVa8yHLyXnyiCzuh5NNcyYPcVjABvQX7,m1,946686430,3,441,2,0
163,000dcf4f1ae6d39db2cbc67179a3e82d16c4422ecf0613993f30f721032a0919,1MR23ACVa8yHLyXnyiCzuh5NNcyYPcVjABvQX7,m1,946686444,6,440,2,0
164,003da76572dd833f2caad76b42aecda2322c6df95e8f1b16b86b1e6df356fea8,1Snjm1ipv6bNrYBJg7akJXwLCy8JeNnkNx1L2x,m2,946686457,5,439,2,0
165,00e983687f38e7792df6c7b1b3b5835018f2c717eadd000ea0224e488cadbb2e,1MR23ACVa8yHLyXnyiCzuh5NNcyYPcVjABvQX7,m1,946686467,5,438,2,0
166,00f507bd36d1f01492f4052dc58a5536a2b09a5b50f5202026f241bf926749b0,1MR23ACVa8yHLyXnyiCzuh5NNcyYPcVjABvQX7,m1,946686476,4,437,2,0
167,00a999a0f3a943c351889ec933727a9328d8b236fa599ed2f50fb230b7b6a48f,1MR23ACVa8yHLyXnyiCzuh5NNcyYPcVjABvQX7,m1,946686490,6,436,2,0
168,00a780d4d3db0134a28e6f33871f8bd18ca3693904c11c0e6b0393c2bd42fd67,1Snjm1ipv6bNrYBJg7akJXwLCy8JeNnkNx1L2x,m2,946686496,4,435,2,0
169,00ed4f234a05ccd8045fdb48c5c53beb64fa76850c5589be8f31dc3fa0f8e3bf,1MR23ACVa8yHLyXnyiCzuh5NNcyYPcVjABvQX7,m1,946686504,4,434,2,0
170,009957f2f9a9bac013e392b2896d9cbfd40f86279d19b3a18f20b9762c5d25fe,1Snjm1ipv6bNrYBJg7akJXwLCy8JeNnkNx1L2x,m2,946686515,3,433,2,0
171,001b2a1b4718efde3543d54e949201cffec01614372b14e4e935e64970ec120c,1Snjm1ipv6bNrYBJg7akJXwLCy8JeNnkNx1L2x,m2,946686521,6,432,2,0
172,005c881668ca246b9f4916f5520327eec3384b06ce57b2bfe9f3168658b23049,1Snjm1ipv6bNrYBJg7akJXwLCy8JeNnkNx1L2x,m2,946686527,2,431,2,0
173,00277ca2fd49e2aca46f6c3ccf36536d00e3be81240181f995d047e55e69a597,1Snjm1ipv6bNrYBJg7akJXwLCy8JeNnkNx1L2x,m2,946686543,7,430,2,0
174,00c9c02a27cba4355f50627cf41ccd9894153da909bb17f8d1ffae4ee5f3dcec,1MR23ACVa8yHLyXnyiCzuh5NNcyYPcVjABvQX7,m1,946686556,4,429,2,0
175,002a0582c292f0ecd85dd27f3e8c1dcfe33b04949417bb101a051ba36ccb88fe,1MR23ACVa8yHLyXnyiCzuh5NNcyYPcVjABvQX7,m1,946686570,8,428,2,0
176,007c35e901e6528085f3f56235e4aea6969cc8863c36311e15faf59e2eb91388,1MR23ACVa8yHLyXnyiCzuh5NNcyYPcVjABvQX7,m1,946686583,6,427,2,0
177,0026960c7c03ea5f9c9ffbe4e141726618fac604efe1e100cd2f13b88f1ed27f,1MR23ACVa8yHLyXnyiCzuh5NNcyYPcVjABvQX7,m1,946686597,6,426,2,0
178,0039101a51b745e80ced8f70350ba1aa1c4f4a4e77ff1e7b6d5172bc932e7f2e,1Snjm1ipv6bNrYBJg7akJXwLCy8JeNnkNx1L2x,m2,946686603,2,425,2,0
179,002a1a3b0e52cd4e6a898be6791da8a8087c82a25e5e4fc0b9e9653bce42282b,1Snjm1ipv6bNrYBJg7akJXwLCy8JeNnkNx1L2x,m2,946686612,3,424,2,0
180,00e881438a62d1a73dcae8d950011c76096ac113a98d6ad0c7485a3e5240fd03,1MR23ACVa8yHLyXnyiCzuh5NNcyYPcVjABvQX7,m1,946686621,7,423,2,0
181,00d1bf9f01c203ef1114d4b150c369bca3ca6ed827383376c0c0a208a60470bd,1Snjm1ipv6bNrYBJg7akJXwLCy8JeNnkNx1L2x,m2,946686628,3,422,2,0
182,00ea6ee4ff1aa14b6a0ab68b44747e330b15fa3eb39cbf6376598e76127f2561,1Snjm1ipv6bNrYBJg7akJXwLCy8JeNnkNx1L2x,m2,946686634,2,421,2,0
183,003cd10cf8dcf1520e97382dd85abaf9d8b83ecccb049bee91fa21bb4dc86d90,1MR23ACVa8yHLyXnyiCzuh5NNcyYPcVjABvQX7,m1,946686641,5,420,2,0
184,00ea0d8ca73330649cee1feb82d7b1ff9663f9c49fc5723cd959cf0f1f9d53fc,1MR23ACVa8yHLyXnyiCzuh5NNcyYPcVjABvQX7,m1,946686649,4,419,2,0
185,00812fa35058434793d0d85cd59bdf458a6c4e4c64565fdc920840a6d489590f,1Snjm1ipv6bNrYBJg7akJXwLCy8JeNnkNx1L2x,m2,946686661,6,418,2,0
186,005681399c4d21295d9abe26c50e0a13aae8fa5d16de3fd49f2cf4bb03d8c644,1MR23ACVa8yHLyXnyiCzuh5NNcyYPcVjABvQX7,m1,946686670,4,417,2,0
187,008a70adea186feaa7b09b1394d365f4fd8f49b481c91ba450760ed7f3fe961a,1MR23ACVa8yHLyXnyiCzuh5NNcyYPcVjABvQX7,m1,946686684,5,416,2,0
188,0020f1917fe6a92797cb2718c64ae123743196741a64db0710c9dbe09890bd1a,1MR23ACVa8yHLyXnyiCzuh5NNcyYPcVjABvQX7,m1,946686693,6,415,2,0
189,0097d6ed12d611184a56e1fa33f51515b763e8cd85a831c3e501018855e45993,1MR23ACVa8yHLyXnyiCzuh5NNcyYPcVjABvQX7,m1,946686700,2,414,2,0
190,00d0995cdcc012ff8a6f0d9730b49b5779615a1ee95fdb901b758b518ba39aa1,1Snjm1ipv6bNrYBJg7akJXwLCy8JeNnkNx1L2x,m2,946686709,5,413,2,0
191,009ac36edefff26d2857c2c22dc8cb705fd57abe3bc808597b9022dcb8436562,1MR23ACVa8yHLyXnyiCzuh5NNcyYPcVjABvQX7,m1,946686721,5,412,2,0
192,00471bf261f5bb993f49fcedaafedd55716755a5487690b075de7423eca64b71,1MR23ACVa8yHLyXnyiCzuh5NNcyYPcVjABvQX7,m1,946686732,4,411,2,0
193,008d09969d9912de6c8a81faa48cc4fb0fc731644f307a964cd09a20675a63fe,1MR23ACVa8yHLyXnyiCzuh5NNcyYPcVjABvQX7,m1,946686747,7,410,2,0
194,00e4e28472315706794df2240e6d4ad37fa10c208e1048ae9a7ece56e7cea803,1Snjm1ipv6bNrYBJg7akJXwLCy8JeNnkNx1L2x,m2,946686757,5,409,2,0
195,00be6c5d445f9b255faf61f1a75e10cad1a34d986baee60a8754a14ae9f26deb,1MR23ACVa8yHLyXnyiCzuh5NNcyYPcVjABvQX7,m1,946686773,8,408,2,0
196,0016be6628e2c6000d7e4ee27c2099104ce3cda5420339c9ae79ccec1051c23e,1MR23ACVa8yHLyXnyiCzuh5NNcyYPcVjABvQX7,m1,946686784,3,407,2,0
197,0005fde262bcf50123e91a9de6a72847e0b51ca653a7ea67bd0dc3441530c3e3,1Snjm1ipv6bNrYBJg7akJXwLCy8JeNnkNx1L2x,m2,946686798,7,406,2,0
198,00e41c04214a6a669b0c4c135a04a7763dd8966a647ebf44e4db0e2c9fd3d63a,1MR23ACVa8yHLyXnyiCzuh5NNcyYPcVjABvQX7,m1,946686806,4,405,2,0
199,0098bffc77f92ee4614b06d3a700ccaa75ce14d37a5bfd5a94cf93dacdc9eb74,1MR23ACVa8yHLyXnyiCzuh5NNcyYPcVjABvQX7,m1,946686812,2,404,2,0
200,0000c2bad9e64e639a262bebca5129406a8a2c4085b4e02b4d40f3e046541dd8,1MR23ACVa8yHLyXnyiCzuh5NNcyYPcVjABvQX7,m1,946686823,8,403,3,0
201,00d443312a4f52fcfdf26812b99c2fa6e787e68637a26e090355a26d4b2740f2,1MR23ACVa8yHLyXnyiCzuh5NNcyYPcVjABvQX7,m1,946686834,6,402,3,0
202,00cc531749535e3a25e21abce538e70ac81544dc34a10a934e8f6119ac3f1b75,1MR23ACVa8yHLyXnyiCzuh5NNcyYPcVjABvQX7,m1,946686846,7,401,3,0
203,0059dda6477e79c9fea98fd3294083d1d7a1c95fe336a3618c5832c976ec7919,1MR23ACVa8yHLyXnyiCzuh5NNcyYPcVjABvQX7,m1,946686854,3,400,3,0
204,003b70eb7ed4b5e46009fa40562f913f101e263884dd23753ffd194020ce1e29,1MR23ACVa8yHLyXnyiCzuh5NNcyYPcVjABvQX7,m1,946686863,5,399,3,0
205,004aed3fd9131806a6dabccbdda75201bc780cafd5bcdb35a7776ad0d0b60f7e,12FC8Zks2JqRt2BTkbvcKztQFVkCRaMjVC9Tu7,m3,946686873,5,398,3,0
206,00ec6d43180afcc28d9a54f931080d36dd459195b9fd57318b085c4c072f312a,12FC8Zks2JqRt2BTkbvcKztQFVkCRaMjVC9Tu7,m3,946686883,7,397,3,0
207,00b4ceb5553333f6654e8f1c6f932c427515218ec7f647c86d9c7a6beae98196,1MR23ACVa8yHLyXnyiCzuh5NNcyYPcVjABvQX7,m1,946686896,6,396,3,0
208,0099f01db2816c98312bed5773b3de54fbc048a731cddc6f3d1baf2e6cd99731,1MR23ACVa8yHLyXnyiCzuh5NNcyYPcVjABvQX7,m1,946686908,5,395,3,0
209,00aefafbf710db6a5ad4bd3a91186a027604570356ce9fb192e62bd1aba08d60,1MR23ACVa8yHLyXnyiCzuh5NNcyYPcVjABvQX7,m1,946686919,6,394,3,0
210,00964b0609d7704f121ec851dabfef85ab84fb3c8b50c997b9e9d414951f922f,1MR23ACVa8yHLyXnyiCzuh5NNcyYPcVjABvQX7,m1,946686929,4,393,3,0
211,00564589a09576a3db9b360976026f4adb5f4541a629cba9e3428ec5290489bd,1MR23ACVa8yHLyXnyiCzuh5NNcyYPcVjABvQX7,m1,946686944,7,392,3,0
212,005ff28e61c44fcf4f9eb6ef8311ede9964644ce1ec85e5dca3911d3bf097653,1MR23ACVa8yHLyXnyiCzuh5NNcyYPcVjABvQX7,m1,946686957,4,391,3,0
213,002a2f8612a6a14dcdab81f52e0e38cf356eea39b8ca9be6a84f380b00e0598a,1MR23ACVa8yHLyXnyiCzuh5NNcyYPcVjABvQX7,m1,946686969,7,390,3,0
214,005e42450e4e7511c6315270687cbbbb15bdfe6789318f5bf0b6a34b812c11ad,1MR23ACVa8yHLyXnyiCzuh5NNcyYPcVjABvQX7,m1,946686976,2,389,3,0
215,00bff06c78467931660b6ed7207eb28b88d3b9a2c7076068aa20e900124f3819,1Snjm1ipv6bNrYBJg7akJXwLCy8JeNnkNx1L2x,m2,946686988,5,388,3,0
216,00bee37b22405c682c12938897d8ab993079e6cc6017d4928ebf2ec7ef4e1936,1MR23ACVa8yHLyXnyiCzuh5NNcyYPcVjABvQX7,m1,946686995,4,387,3,0
217,00ffd2dcf261ad787c503e8a41d53df1abfa6ae384f0d07ae4a37bc7b38abd51,1Snjm1ipv6bNrYBJg7akJXwLCy8JeNnkNx1L2x,m2,946687004,5,386,3,0
218,006619869f8361c19253a96d49930c1f9d61955f7b5ad054ca9382424271ae96,1Snjm1ipv6bNrYBJg7akJXwLCy8JeNnkNx1L2x,m2,946687014,5,385,3,0
219,00bc43a069cb19c844d9ef8d4cc8af21f1960c19570fc85ff5b2663765d6bc02,1MR23ACVa8yHLyXnyiCzuh5NNcyYPcVjABvQX7,m1,946687021,4,384,3,0
220,0062da0399a1e450798eb0e61864f912ae93345fc541dec0d7e222f914a5fa7a,1Snjm1ipv6bNrYBJg7akJXwLCy8JeNnkNx1L2x,m2,946687031,4,383,3,0
221,002d5aaed58c14f8d94e8cc65d42c035adc3149464857242f20011279f3028e0,1MR23ACVa8yHLyXnyiCzuh5NNcyYPcVjABvQX7,m1,946687045,6,382,3,0
222,008cd9411f2e9fd3ca9009bc874f20f3009b0d71340eeacf35b9c8694ce094a7,1MR23ACVa8yHLyXnyiCzuh5NNcyYPcVjABvQX7,m1,946687053,4,381,3,0
223,00e64819c1ddbf06b1a673a0b06b01d5ef9ea5bb2257c61982e2dae21d078c2f,1MR23ACVa8yHLyXnyiCzuh5NNcyYPcVjABvQX7,m1,946687067,6,380,3,0
224,00db1dd1983cd6024e85aae0f307c88af481864a0064ade2b80d435ae16830e4,1MR23ACVa8yHLyXnyiCzuh5NNcyYPcVjABvQX7,m1,946687073,3,379,3,0
225,00040b5f125e600d4f96486adf78d8b34876967ac3bcfede8b4bca0fa46c234f,1MR23ACVa8yHLyXnyiCzuh5NNcyYPcVjABvQX7,m1,946687084,4,378,3,0
226,00a8aeee566f3f1d8310017453b8fed748d1a96eee367902d5a49172a3fc34ad,1MR23ACVa8yHLyXnyiCzuh5NNcyYPcVjABvQX7,m1,946687094,6,377,3,0
227,0012c06e2f605a9f02ad4406b3cd9624c62ed6c8831137814d4d39e54f440985,1Snjm1ipv6bNrYBJg7akJXwLCy8JeNnkNx1L2x,m2,946687102,4,376,3,0
228,0044a778741b7c8adcf49754e168b8a481083aa0b9c3edcabfbf7fddd771db03,1MR23ACVa8yHLyXnyiCzuh5NNcyYPcVjABvQX7,m1,946687115,4,375,3,0
229,00352a33e72567a6c5c46a211a8045c075fbf49cfe8e50491cf7a268672c19ed,1MR23ACVa8yHLyXnyiCzuh5NNcyYPcVjABvQX7,m1,946687126,7,374,3,0
230,00d6ce433170221f03f547c944d453e8c0588ca1d5a4f7bdc98c2d7246c8e32a,1MR23ACVa8yHLyXnyiCzuh5NNcyYPcVjABvQX7,m1,946687135,3,373,3,0
231,007e108ede51e76d5a123c9c88300dd7f4e56ba9bddd9b1966f6cea3b19f1382,1MR23ACVa8yHLyXnyiCzuh5NNcyYPcVjABvQX7,m1,946687143,5,372,3,0
232,00f7545956fcdc754494fa6572ebb8b4b29b580092d34062b395c1945f1bec1a,1MR23ACVa8yHLyXnyiCzuh5NNcyYPcVjABvQX7,m1,946687157,5,371,3,0
233,00f427ee39f8feb3fba69ef06a0127f7e82806b6795bceebcd9dfa4ecd3cae4c,1Snjm1ipv6bNrYBJg7akJXwLCy8JeNnkNx1L2x,m2,946687170,6,370,3,0
234,00b9b03b33d38fa39e56def106029bfe1d1bdb210394c956ad5067f6005c33c2,1MR23ACVa8yHLyXnyiCzuh5NNcyYPcVjABvQX7,m1,946687184,6,369,3,0
235,00ecbdf6ec1a8b4c576f7e7f5375e432ae3cd2df26eefd01197a7aae474696f5,1MR23ACVa8yHLyXnyiCzuh5NNcyYPcVjABvQX7,m1,946687191,4,368,3,0
236,00cd79ce27523aaff42154cb53a7cae6ab22ba337100a9c79d239d75c56435af,1MR23ACVa8yHLyXnyiCzuh5NNcyYPcVjABvQX7,m1,946687202,4,367,3,0
237,00c7bba61dbf3d9d688650b4bfb3076c1495f7309e2e7338547243a0880c4738,1Snjm1ipv6bNrYBJg7akJXwLCy8JeNnkNx1L2x,m2,946687208,4,366,3,0
238,00639cd4c3e441ae026d045afada52d9d6c5715d0b8f5fcbd20745125f3091a5,1Snjm1ipv6bNrYBJg7akJXwLCy8JeNnkNx1L2x,m2,946687223,7,365,3,0
239,00e607012faa06de3fb1eae308fb95342aeb047984aba4b986e1a40e22ea51a2,1MR23ACVa8yHLyXnyiCzuh5NNcyYPcVjABvQX7,m1,946687236,3,364,3,0
240,00508e66867ffc013bdc9ccfd78324f12cef09fe314be313496ef2cf8e558720,1MR23ACVa8yHLyXnyiCzuh5NNcyYPcVjABvQX7,m1,946687242,6,363,3,0
241,00488d5d0ed08a86e4ff63be4790253a01bacd043c0c1bf01784817ed889ff6e,1MR23ACVa8yHLyXnyiCzuh5NNcyYPcVjABvQX7,m1,946687254,5,362,3,0
242,009dfc1850e33fb9503a7d35118da65997f03609ff5ee83a743ccb19b14b1146,1MR23ACVa8yHLyXnyiCzuh5NNcyYPcVjABvQX7,m1,946687269,7,361,3,0
243,00a48a7fb8d526227837b9b951466dcc25836215cf845e48fa5bf308f511aa8d,1MR23ACVa8yHLyXnyiCzuh5NNcyYPcVjABvQX7,m1,946687285,5,360,3,0
244,00a3baa8bfe235514e178e7fa528879658cfd05f93ed4bf450d96d6427405f6a,1Snjm1ipv6bNrYBJg7akJXwLCy8JeNnkNx1L2x,m2,946687292,4,359,3,0
245,00403a0d2440fa84b9561523769beb45463c265376921ec4573000b4cafabedf,1Snjm1ipv6bNrYBJg7akJXwLCy8JeNnkNx1L2x,m2,946687298,2,358,3,0
246,008205ade0ee6dd8bd275e01981fade39edbbcafb79f97b83a09bbeb3756b016,1MR23ACVa8yHLyXnyiCzuh5NNcyYPcVjABvQX7,m1,946687308,5,357,3,0
247,008605eaf368fe167fafce305e97fee96422f5014ed7a1764cab06a1c866d53d,1MR23ACVa8yHLyXnyiCzuh5NNcyYPcVjABvQX7,m1,946687316,5,356,3,0
248,00c5542b68637d2f396602e8c951dd631388ce333e2d810cc273f62fc2d72d7e,1MR23ACVa8yHLyXnyiCzuh5NNcyYPcVjABvQX7,m1,946687331,5,355,3,0
249,00ef8a4f24f787d189ddcc59807c95c71f28087e6dd0b22e54664d54e710c076,1MR23ACVa8yHLyXnyiCzuh5NNcyYPcVjABvQX7,m1,946687345,7,354,3,0
250,0007aa41008ecefb0e9a619e6644f53930840c8db891e6d52ce9e0d05ad22122,1MR23ACVa8yHLyXnyiCzuh5NNcyYPcVjABvQX7,m1,946687355,4,353,3,0
251,00587d6db7b12aab8ab2f8286f251898e1f1f14642805298389393d2f315cfbf,1MR23ACVa8yHLyXnyiCzuh5NNcyYPcVjABvQX7,m1,946687362,4,352,3,0
252,00ee187c01c447f74782bb9ebc6950ecbb93205e5764d3f3c37272586fd86547,1MR23ACVa8yHLyXnyiCzuh5NNcyYPcVjABvQX7,m1,946687374,6,351,3,0
253,00269e5bd998e549d0ed6005abc72d4c1b05d86a9fba778c1824c62f86d2ad93,1MR23ACVa8yHLyXnyiCzuh5NNcyYPcVjABvQX7,m1,946687380,1,350,3,0
254,00a475052699b832fca2f9b8e3137e47293230860d04e9340d3b91671ac07c73,1MR23ACVa8yHLyXnyiCzuh5NNcyYPcVjABvQX7,m1,946687393,7,349,3,0
255,003a31b8ec7d2c049e94fbd762c1797d8ecacb56b5c1421f5989244f15aa9e6f,1MR23ACVa8yHLyXnyiCzuh5NNcyYPcVjABvQX7,m1,946687408,6,348,3,0
256,00019a56c0db0bb6d72d366ae1444964aaa5a1e71c2334cae714fc26948ece54,1MR23ACVa8yHLyXnyiCzuh5NNcyYPcVjABvQX7,m1,946687419,5,347,3,0
257,001ed5cd7d2375f36d13c92d7874072ee8cab1c5a20eed98a0064da0ca139700,1MR23ACVa8yHLyXnyiCzuh5NNcyYPcVjABvQX7,m1,946687431,6,346,3,0
258,00e00faac7b254543d058f4010632a3598eebb4d8a409fa15953d39cf7c27f17,1MR23ACVa8yHLyXnyiCzuh5NNcyYPcVjABvQX7,m1,946687438,3,345,3,0
259,00eb81c0e18a7d21afc0ab41bf284e3d94c2140b044abd567e1c4e79b8dc25ad,1MR23ACVa8yHLyXnyiCzuh5NNcyYPcVjABvQX7,m1,946687452,6,344,3,0
260,004920eb760b089d7cc18009a1100ba2a4074c65267477a9f01e705b6fbd5ddc,1MR23ACVa8yHLyXnyiCzuh5NNcyYPcVjABvQX7,m1,946687457,3,343,3,0
261,0065a1edd562af9418e71848f809e9ee12fea29114bf4996224da53613cc91b4,1MR23ACVa8yHLyXnyiCzuh5NNcyYPcVjABvQX7,m1,946687467,5,342,3,0
262,00f54b41d3e5b64f6da818c937122e46e516ebe99094a91fc597738a5bebb6e8,12FC8Zks2JqRt2BTkbvcKztQFVkCRaMjVC9Tu7,m3,946687474,4,341,3,0
263,0092ec082402318d77d974a27b6b9a6a201c7f96bcd4112fb7889d4aac0bc044,1Snjm1ipv6bNrYBJg7akJXwLCy8JeNnkNx1L2x,m2,946687487,6,340,3,0
264,000404ce7e3ea80f9fd2b29ee0835da6afe9cd75ca73ccc202d36ba6de4e5a70,1MR23ACVa8yHLyXnyiCzuh5NNcyYPcVjABvQX7,m1,946687497,5,339,3,0
265,003a3f9ab869cef9b0328d7a591795c4b8a1e9bf833d12d65ff7ab2678628ee2,1MR23ACVa8yHLyXnyiCzuh5NNcyYPcVjABvQX7,m1,946687511,6,338,3,0
266,0061bf323132dc8b5f2a776a99b8fb0302a9671f53a02b800c995c369c26b9bb,1Snjm1ipv6bNrYBJg7akJXwLCy8JeNnkNx1L2x,m2,946687521,5,337,3,0
267,00027dcd6bf0e52f23964cd432feea49aad8554ffc3f52c8e1fdfb1a19c4f492,1Snjm1ipv6bNrYBJg7akJXwLCy8JeNnkNx1L2x,m2,946687531,4,336,3,0
268,0037e9da294020d5b1762c7872bc763aa2c0e62b308fce702bc1d98da2828500,1MR23ACVa8yHLyXnyiCzuh5NNcyYPcVjABvQX7,m1,946687545,7,335,3,0
269,008d3798521890ab825a634d295aa031b4c18bb53bd07eb961dd8832ab529bcd,12FC8Zks2JqRt2BTkbvcKztQFVkCRaMjVC9Tu7,m3,946687559,5,334,3,0
270,0097a309b52a523983f99181acba45a827eb4711860aad92165a908f221a820e,1MR23ACVa8yHLyXnyiCzuh5NNcyYPcVjABvQX7,m1,946687565,4,333,3,0
271,008e6e50ddccb177eda44a97e42286b9610e9bb14c2846a66fc26b9190f510f3,1Snjm1ipv6bNrYBJg7akJXwLCy8JeNnkNx1L2x,m2,946687574,4,332,3,0
272,000714906660041361e0fb6bd7feb3d8a7184f8c184a46d2f952f43f68498b30,1Snjm1ipv6bNrYBJg7akJXwLCy8JeNnkNx1L2x,m2,946687579,2,331,3,0
273,003429d429d6830c801a0a4267d79fe1539d740b0deaef9bc581408a1b3b4e14,1MR23ACVa8yHLyXnyiCzuh5NNcyYPcVjABvQX7,m1,946687593,7,330,3,0
274,009a2d0d199bd1fb33c3088ec5129ace875b9f46ba03a406b115a3107e7b83cd,1MR23ACVa8yHLyXnyiCzuh5NNcyYPcVjABvQX7,m1,946687604,4,329,3,0
275,003f82506b3748cb91960b1a76edc91626ce89350062277a65c28450e9c30a3e,1Snjm1ipv6bNrYBJg7akJXwLCy8JeNnkNx1L2x,m2,946687612,3,328,3,0
276,00414ab6aadf5cabdd09154cab4b82f733f149480ad0d0b722a78f7d0a19fcf9,1MR23ACVa8yHLyXnyiCzuh5NNcyYPcVjABvQX7,m1,946687620,4,327,3,0
277,005124b413e862e7e58713269c7b803bcbcd5270fce5b0fac53dd694838953e0,1Snjm1ipv6bNrYBJg7akJXwLCy8JeNnkNx1L2x,m2,946687629,5,326,3,0
278,001f35dcc93f2059f72b7905ebbcfc7fa439d4641bf40bffa770e8e317ec5679,1Snjm1ipv6bNrYBJg7akJXwLCy8JeNnkNx1L2x,m2,946687635,2,325,3,0
279,002a943cad59e9ccb67ca102f46684a4adc0def31fd72dce6f04e078cb4fa73c,1Snjm1ipv6bNrYBJg7akJXwLCy8JeNnkNx1L2x,m2,946687648,7,324,3,0
280,00a1e24ac9324e9b30afccc72153debd0269641bf6bafd03d8ef13d7c221cc96,1MR23ACVa8yHLyXnyiCzuh5NNcyYPcVjABvQX7,m1,946687661,6,323,3,0
281,004fbe4d4f21921cb0d5cd7f067d6a2ab325e184acf3215edb5c32623ae8fa0d,1MR23ACVa8yHLyXnyiCzuh5NNcyYPcVjABvQX7,m1,946687670,5,322,3,0
282,0091a490ec79b81691567e2c040e97f9a9be7ad995e236ab3af412a390643fe9,1MR23ACVa8yHLyXnyiCzuh5NNcyYPcVjABvQX7,m1,946687685,7,321,3,0
283,00a20fd25e1334ba8f0d581b728cf88ae236dfaead5dfe8d4849e7ea354ddd7b,1MR23ACVa8yHLyXnyiCzuh5NNcyYPcVjABvQX7,m1,946687697,4,320,3,0
284,00f682e41f3cb05b22bdc575392161361b481f8043950c620bcfd51c3673268e,1MR23ACVa8yHLyXnyiCzuh5NNcyYPcVjABvQX7,m1,946687705,4,319,3,0
285,0031bcbcee8fefbb3c2d8935d6c9255f469c7a491f1ef36e2f7679df0c589f5c,1MR23ACVa8yHLyXnyiCzuh5NNcyYPcVjABvQX7,m1,946687719,6,318,3,0
286,0027e348508ef6ee6a41e2d16f30998d74b3fc7c184d637e6dfb43849a65ffd4,12FC8Zks2JqRt2BTkbvcKztQFVkCRaMjVC9Tu7,m3,946687729,4,317,3,0
287,003c7a8396c72a61018f43c2eb2962733bb1a6efeba1ddc5d40c2083b640238e,12FC8Zks2JqRt2BTkbvcKztQFVkCRaMjVC9Tu7,m3,946687745,7,316,3,0
288,0034aac19795c9b80e19a13111f1275d334d7640cefe028783456f8e990838d5,1MR23ACVa8yHLyXnyiCzuh5NNcyYPcVjABvQX7,m1,946687756,4,315,3,0
289,009ba0ef5dcdcebb54761e954d250215d6d87c50c0c9a3df9ca07538f8402a5c,1MR23ACVa8yHLyXnyiCzuh5NNcyYPcVjABvQX7,m1,946687762,4,314,3,0
290,0053fe2199f39e83896ce4e8f691689d2624dc7d1cb3611210ef3f6abf7617ba,1MR23ACVa8yHLyXnyiCzuh5NNcyYPcVjABvQX7,m1,946687772,5,313,3,0
291,008315af91f35d496fcb25323318efa2699eae212dd5ef022d34821d2d885a88,1MR23ACVa8yHLyXnyiCzuh5NNcyYPcVjABvQX7,m1,946687786,6,312,3,0
292,00ae8dbe10b9d0dc4909ac73e446e180e3c71a695ccddbbceba3191488843d58,1MR23ACVa8yHLyXnyiCzuh5NNcyYPcVjABvQX7,m1,946687798,6,311,3,0
293,008ec7d8780e9089070dd8cfd38eda1ff2fec376fe171eeb428edc936ebf3e8b,1MR23ACVa8yHLyXnyiCzuh5NNcyYPcVjABvQX7,m1,946687814,6,310,3,0
294,0033f1fbb708812c9d8ebb4ced0a34af77ec273b3fd6bf60ae835ce73a60821e,1MR23ACVa8yHLyXnyiCzuh5NNcyYPcVjABvQX7,m1,946687826,5,309,3,0
295,003f1f3965831301dbfab1e97d2ca2fccdba34bc546fc176bd1af82088bfc730,1MR23ACVa8yHLyXnyiCzuh5NNcyYPcVjABvQX7,m1,946687839,5,308,3,0
296,005d67ff5f1ef426e8dfbad9368f45e681da98300a412ec071985704afddf414,1MR23ACVa8yHLyXnyiCzuh5NNcyYPcVjABvQX7,m1,946687848,6,307,3,0
297,001f81f773b38b6845ff06879bd69f166db89165fbd0cf90cfded5bb1fb70ab4,1Snjm1ipv6bNrYBJg7akJXwLCy8JeNnkNx1L2x,m2,946687857,3,306,3,0
298,00a516551ba4e73b3cc8763a2cab0e985d775c4ac2b9a0928bdbee1dbfd7163b,1MR23ACVa8yHLyXnyiCzuh5NNcyYPcVjABvQX7,m1,946687869,6,305,3,0
299,00eb50b0b38b40b6906c19ab31b77bd318a77bd2e058ad7292fb3f6db3840f93,1MR23ACVa8yHLyXnyiCzuh5NNcyYPcVjABvQX7,m1,946687877,3,304,3,0
300,00cf6760db31d7953844b7ecfcc92910ab3861467f704ada630c4aa8b7026043,1MR23ACVa8yHLyXnyiCzuh5NNcyYPcVjABvQX7,m1,946687890,6,303,4,0
301,005c8339e02f4f45ab240c1dd7b2536a5b057bb954e3049416b691aa206c86a6,1MR23ACVa8yHLyXnyiCzuh5NNcyYPcVjABvQX7,m1,946687901,9,302,4,0
302,002f24f7cccd3f603c558044353a06eb73e671e9be44ebee05d61d436ff965c5,1MR23ACVa8yHLyXnyiCzuh5NNcyYPcVjABvQX7,m1,946687907,3,301,4,0
303,00b8cd3739d57b877669a2b308e4f44ec038d32c0d774823c733ca5b3b99184f,1MR23ACVa8yHLyXnyiCzuh5NNcyYPcVjABvQX7,m1,946687914,4,300,4,0
304,00dde430a5a0ba9d503863c61893fbf4b711d4652265d488d3617f1b209cc4d8,1Snjm1ipv6bNrYBJg7akJXwLCy8JeNnkNx1L2x,m2,946687922,4,299,4,0
305,00a22e6ef5211bb505d83b38b897435fdd388cdd8c269a95398a18540c4d82c5,1Snjm1ipv6bNrYBJg7akJXwLCy8JeNnkNx1L2x,m2,946687936,5,298,4,0
306,00a6171c3df881ae4f56cac82eb8dac0cbb3668534cd9f6c4d684b39474306d7,1MR23ACVa8yHLyXnyiCzuh5NNcyYPcVjABvQX7,m1,946687945,9,297,4,0
307,003ee8de2980ed4b064f8f6799e730a5571501ccb0ab5bb28d235f3e1ac0be8a,1Snjm1ipv6bNrYBJg7akJXwLCy8JeNnkNx1L2x,m2,946687959,5,296,4,0
308,00281aa730f2ec1397e43dd39a326712a565f5dea10c88afc396e23ab4ee02b8,1Snjm1ipv6bNrYBJg7akJXwLCy8JeNnkNx1L2x,m2,946687972,5,295,4,0
309,00e73e79e1362ffaa39ea5ba007045901e62047e20254d77217876b22f760b2f,1MR23ACVa8yHLyXnyiCzuh5NNcyYPcVjABvQX7,m1,946687979,4,294,4,0
310,007aafe9c6a7f659e2911cb694249188d6285217266caa4c13b0acb452d8603d,1MR23ACVa8yHLyXnyiCzuh5NNcyYPcVjABvQX7,m1,946687991,7,293,4,0
311,005f5bbf5244ed0de3127d4235fcbd522c6ed78b93f7d7968b7f2e0306ace800,1MR23ACVa8yHLyXnyiCzuh5NNcyYPcVjABvQX7,m1,946688005,6,292,4,0
312,0059cd6d662a868557292b5edfaa106c3a0ee1260933563f02ce20b5e5d09106,1MR23ACVa8yHLyXnyiCzuh5NNcyYPcVjABvQX7,m1,946688011,2,291,4,0
313,0082b097cb33ebbc48ece4177c7c5c61a01e039387d256ec875991b31f087cf0,1MR23ACVa8yHLyXnyiCzuh5NNcyYPcVjABvQX7,m1,946688025,7,290,4,0
314,006c256b319eab88900fa797ed64d4b3090c11841f9dd011738641e75a8bcb77,1Snjm1ipv6bNrYBJg7akJXwLCy8JeNnkNx1L2x,m2,946688038,5,289,4,0
315,005e49ecf7adb778396478c9fe234590e8712cb0067a48b2b0891d8708929137,1Snjm1ipv6bNrYBJg7akJXwLCy8JeNnkNx1L2x,m2,946688044,3,288,4,0
316,00e499861415f019bef422f09a25fb49f87850e9add61e8da398f4f65452bd5f,1Snjm1ipv6bNrYBJg7akJXwLCy8JeNnkNx1L2x,m2,946688051,3,287,4,0
317,00c4e8cb87d8cc26611c7485de85a7d89c676795d302b9774956d3e3e8b51dd5,1Snjm1ipv6bNrYBJg7akJXwLCy8JeNnkNx1L2x,m2,946688064,6,286,4,0
318,0050a41194872b2e515722981f0222273350ce743b1699deac82628f026eacde,1MR23ACVa8yHLyXnyiCzuh5NNcyYPcVjABvQX7,m1,946688070,5,285,4,0
319,00c2085cd212e080bfe3927c9db461498a68943475c4ef6c30dbebef8210a526,1MR23ACVa8yHLyXnyiCzuh5NNcyYPcVjABvQX7,m1,946688085,5,284,4,0
320,0057474f559b3a3e7da58a613343d86dcf6ea9b6aef2f22642366daf26b7d417,1MR23ACVa8yHLyXnyiCzuh5NNcyYPcVjABvQX7,m1,946688093,5,283,4,0
321,00b945613e3ba6afd866393ba5a62462004ea4c963893ea18aa8a7e3721af5f4,1MR23ACVa8yHLyXnyiCzuh5NNcyYPcVjABvQX7,m1,946688099,1,282,4,0
322,00755443e0253e0c0c5eb72e5b22960d11dc8c0e3798a72bdc985cf87cc0fe54,1MR23ACVa8yHLyXnyiCzuh5NNcyYPcVjABvQX7,m1,946688112,6,281,4,0
323,004ba07ff4f3efda667901f375f7a6394b644afb00c890b0f2ce0fa2b47ae4bd,1Snjm1ipv6bNrYBJg7akJXwLCy8JeNnkNx1L2x,m2,946688127,7,280,4,0
324,006bbce1b765f3966b3248ad194455ddb9cb9fda5ef730bd188f4ec042367b0b,1MR23ACVa8yHLyXnyiCzuh5NNcyYPcVjABvQX7,m1,946688137,4,279,4,0
325,003ee0b0671d897e0a9e317c2773bf8a475b6d0b675421c91aa2b1b64a1439be,12FC8Zks2JqRt2BTkbvcKztQFVkCRaMjVC9Tu7,m3,946688151,7,278,4,0
326,009e9c407e84d610f9cb09c08551e6fc1019c20b72ad7328d314b529c98eb327,1MR23ACVa8yHLyXnyiCzuh5NNcyYPcVjABvQX7,m1,946688159,3,277,4,0
327,00fc2216b3ee6dd07c414711719951ecb6145ca89a12bb493384911414888e82,1MR23ACVa8yHLyXnyiCzuh5NNcyYPcVjABvQX7,m1,946688170,6,276,4,0
328,002d1b165c6d42e69f8dfd138d0de87a320d1dbe74dad101889be9741c4df25b,1MR23ACVa8yHLyXnyiCzuh5NNcyYPcVjABvQX7,m1,946688184,6,275,4,0
329,00cb78863c8293dca9f930c9e51f0180c9b6b5965fe6216fa61b5d8a9e6eed29,1MR23ACVa8yHLyXnyiCzuh5NNcyYPcVjABvQX7,m1,946688192,4,274,4,0
330,00e0aa88f940313f824c9831aab5e64221e89ef55911cb48a30f2135a064f05d,1MR23ACVa8yHLyXnyiCzuh5NNcyYPcVjABvQX7,m1,946688203,5,273,4,0
331,000c326a6d8157dff5ec7cdfaa5fa7564108e0a6bed478109776f616460cdbf4,12FC8Zks2JqRt2BTkbvcKztQFVkCRaMjVC9Tu7,m3,946688211,2,272,4,0
332,0085499059963c8c556f0b9c519a5ae7102cf5f385eae50ec3d5df6769b7a7b5,12FC8Zks2JqRt2BTkbvcKztQFVkCRaMjVC9Tu7,m3,946688225,8,271,4,0
333,00060fa988e1fbde8cc978b1c9e9d6cb03298a76e7b742bb6ed45d00fd0c97c2,12FC8Zks2JqRt2BTkbvcKztQFVkCRaMjVC9Tu7,m3,946688234,3,270,4,0
334,00dc1ae0650a5b9c9768b3ba73e9d5a7216b8ef590b98df19bed9974835a6fa3,1MR23ACVa8yHLyXnyiCzuh5NNcyYPcVjABvQX7,m1,946688245,7,269,4,0
335,00d4e1d2c8341de14e0e8b15b6e6f3660397079064deabb452391e08bfe5115f,1MR23ACVa8yHLyXnyiCzuh5NNcyYPcVjABvQX7,m1,946688256,3,268,4,0
336,009d4a5b5b06a0a53fb42975f5a8b4b49342de41c4268db1f641b71cd26b2fdc,1MR23ACVa8yHLyXnyiCzuh5NNcyYPcVjABvQX7,m1,946688270,7,267,4,0
337,00f32be6ead10fa37415e318cf21ac145aa2a631462eaa552adfce5cd3bc24f6,1MR23ACVa8yHLyXnyiCzuh5NNcyYPcVjABvQX7,m1,946688284,5,266,4,0
338,00a4471decb8fcc4cd0af7882c7617ccded065cdca0da75a81c2abefab2c3f01,1MR23ACVa8yHLyXnyiCzuh5NNcyYPcVjABvQX7,m1,946688292,5,265,4,0
339,00f3fd2edf2167f510defcbe64eb5cb976ef659a0310fde8aa52359246dc190f,1MR23ACVa8yHLyXnyiCzuh5NNcyYPcVjABvQX7,m1,946688297,4,264,4,0
340,00744e9dd9c15c92f3ebbb51d9085c3cb6147901c2a07c7468d874e56c2c4eb7,1MR23ACVa8yHLyXnyiCzuh5NNcyYPcVjABvQX7,m1,946688304,3,263,4,0
341,00cc937e3ecfce94a0ed307bae1698b8f8ec9b3ac5e45c48a7cf09ef9611c408,1MR23ACVa8yHLyXnyiCzuh5NNcyYPcVjABvQX7,m1,946688319,6,262,4,0
342,004ee9cb6227dc3602f3fd99f9164bbba291b44479edf50efb60c9634a6c9e72,1MR23ACVa8yHLyXnyiCzuh5NNcyYPcVjABvQX7,m1,946688332,5,261,4,0
343,00a3652a73846672b9008a570aebc3b302dec7c87585f7a60b8cb2e27508d211,1MR23ACVa8yHLyXnyiCzuh5NNcyYPcVjABvQX7,m1,946688347,8,260,4,0
344,004a048c2e1e708b9b17849d5e4499d46a5dab145f28dfd8f71259b61bd7df72,1MR23ACVa8yHLyXnyiCzuh5NNcyYPcVjABvQX7,m1,946688355,2,259,4,0
345,002ea5a3f3e0ce5b2f7b19bc07eb6aa5adc15cf1d6c41ec241cb8889b3c8bf55,1MR23ACVa8yHLyXnyiCzuh5NNcyYPcVjABvQX7,m1,946688370,8,258,4,0
346,00c50214ea62b75d568fe8572e67a7d89e88dbfe739127706aa8229e1e2807cc,1MR23ACVa8yHLyXnyiCzuh5NNcyYPcVjABvQX7,m1,946688385,6,257,4,0
347,00d1f2a54f2e6cd887d424ea6f28eeef5491992f416fc25edd621fdf593d8416,1MR23ACVa8yHLyXnyiCzuh5NNcyYPcVjABvQX7,m1,946688399,6,256,4,0
348,00209b80c70000ad2300c7c005ae0838240ad678edac7dfcb7dd8b68fbc85578,1MR23ACVa8yHLyXnyiCzuh5NNcyYPcVjABvQX7,m1,946688409,5,255,4,0
349,0007687fe9a6d0647f10cebc2fb8986542e556f6a4cef82021d24017f5b04dd9,1MR23ACVa8yHLyXnyiCzuh5NNcyYPcVjABvQX7,m1,946688420,4,254,4,0
350,000d456ccda5a432cf046d71127b5df3b4188fd8bb3da9a8920f0d373c9b9111,1MR23ACVa8yHLyXnyiCzuh5NNcyYPcVjABvQX7,m1,946688434,6,253,4,0
351,00bd72c1f4891878fba17e7546c2967b21b8b6c8995f23dd09537866ad810a01,1MR23ACVa8yHLyXnyiCzuh5NNcyYPcVjABvQX7,m1,946688445,6,252,4,0
352,0027775c4b659dd787fb8bb01f61d697cdcb25b0f67f6cb70779a2f46f95344e,12FC8Zks2JqRt2BTkbvcKztQFVkCRaMjVC9Tu7,m3,946688454,5,251,4,0
353,00dcf2ba2ba52165a766e4ca8abab605af5f1006b76d949bd01e7f22a42c7103,1MR23ACVa8yHLyXnyiCzuh5NNcyYPcVjABvQX7,m1,946688470,7,250,4,0
354,00d3261db7dda208e5f522114a6106408e6ab81e9313058f7be29b374bc32b50,1MR23ACVa8yHLyXnyiCzuh5NNcyYPcVjABvQX7,m1,946688479,3,249,4,0
355,005220958b73705a3b4eb981340388e919ba186bd77121b3612a8cc489c89f63,1MR23ACVa8yHLyXnyiCzuh5NNcyYPcVjABvQX7,m1,946688491,6,248,4,0
356,00bb43216dd3974a6029c48a26cf3c2779dc992082128cc26c58628b137b900c,1Snjm1ipv6bNrYBJg7akJXwLCy8JeNnkNx1L2x,m2,946688498,2,247,4,0
357,00d18e20a694c0d2c71be59d3be292a3974950928f27f6ab3dfca0244d97d1bd,1MR23ACVa8yHLyXnyiCzuh5NNcyYPcVjABvQX7,m1,946688506,5,246,4,0
358,00a6a2b367623af4e68abb34aa67a1d6f8eefd84039d9418367888dae2f071a5,1MR23ACVa8yHLyXnyiCzuh5NNcyYPcVjABvQX7,m1,946688517,5,245,4,0
359,006d48a05c02dd3c600c5f5631a2f88efb0164776489d4055728a2f244f774c5,1MR23ACVa8yHLyXnyiCzuh5NNcyYPcVjABvQX7,m1,946688533,5,244,4,0
360,00d2a8c2a0ba88ebdfe00364ffc0bb5950907d982eaaa1a126ec25578424be31,1MR23ACVa8yHLyXnyiCzuh5NNcyYPcVjABvQX7,m1,946688539,4,243,4,0
361,00c0cd57982d6be9239a781ed141501117166d0d43dd26571b73c2374a842fa9,1MR23ACVa8yHLyXnyiCzuh5NNcyYPcVjABvQX7,m1,946688546,4,242,4,0
362,0021e217ae63636fb1d12d6b864dd89bc6211c5ad4e5db7193a6bc124f7d8d72,1Snjm1ipv6bNrYBJg7akJXwLCy8JeNnkNx1L2x,m2,946688556,4,241,4,0
363,003589043ca2531407ed29a99ecac5f19d313db92b3378f9fa6f1082eea6c11a,1MR23ACVa8yHLyXnyiCzuh5NNcyYPcVjABvQX7,m1,946688569,7,240,4,0
364,0064fc2f2fb44c6eda1b446318f7a395ce6334e67060f718796e2d1ed667b663,1MR23ACVa8yHLyXnyiCzuh5NNcyYPcVjABvQX7,m1,946688578,3,239,4,0
365,00df80e5b313faf6e121abed967043dffdb50ee998aa633945064f5b0063bf58,1MR23ACVa8yHLyXnyiCzuh5NNcyYPcVjABvQX7,m1,946688587,5,238,4,0
366,00e45b5ad2f64046ce758a390f3525ca54957df846f323f9b07e798478989c7a,1Snjm1ipv6bNrYBJg7akJXwLCy8JeNnkNx1L2x,m2,946688598,6,237,4,0
367,00abca1a108ae96fa62ab6c07733fe638c9f66428c958e904828ce3fbad5b936,1Snjm1ipv6bNrYBJg7akJXwLCy8JeNnkNx1L2x,m2,946688607,3,236,4,0
368,00447ceba6ba87b08ef15814bfb5b08f5aab4b61327f7b29d3cc0196c61407ba,1Snjm1ipv6bNrYBJg7akJXwLCy8JeNnkNx1L2x,m2,946688617,5,235,4,0
369,0055af657dbf159263676ddcf5250ee3ecfb03ae98aa7afa9621feae106453dd,1MR23ACVa8yHLyXnyiCzuh5NNcyYPcVjABvQX7,m1,946688625,4,234,4,0
370,00b207a4305fd3a2c6596e370a1429adb3d25e108ca41df1aba51ed5c901a3ff,1MR23ACVa8yHLyXnyiCzuh5NNcyYPcVjABvQX7,m1,946688640,7,233,4,0
371,009947e3a28995c2a64a218e27145815da47225f18790667e9b65d9da4452781,1MR23ACVa8yHLyXnyiCzuh5NNcyYPcVjABvQX7,m1,946688656,5,232,4,0
372,006f42c6ee17784b145ff2e5618f4100ffe534ec8f9a6de72b268f4776afe479,1MR23ACVa8yHLyXnyiCzuh5NNcyYPcVjABvQX7,m1,946688664,5,231,4,0
373,00299abc783aa617f127766c192d928860a42adc8045e61f5fd97244643231b2,1MR23ACVa8yHLyXnyiCzuh5NNcyYPcVjABvQX7,m1,946688671,4,230,4,0
374,00f8896a465991ac654c72f82c2a47cc2b8c328936e414de25e3f410fd987482,1Snjm1ipv6bNrYBJg7akJXwLCy8JeNnkNx1L2x,m2,946688683,5,229,4,0
375,00bdab60f7af19918c51f1987e1d25f8779c5945aa053be194d303486210c094,1MR23ACVa8yHLyXnyiCzuh5NNcyYPcVjABvQX7,m1,946688696,6,228,4,0
376,00e4714e5bba972caafd66a395cc20e9e08e738b5b5bdfb039fdccf6f743a2c7,1Snjm1ipv6bNrYBJg7akJXwLCy8JeNnkNx1L2x,m2,946688705,3,227,4,0
377,003d87e194d01f100d44036f4ab2afe75df9c46ff2816de57b0e36aa7e0cc802,1MR23ACVa8yHLyXnyiCzuh5NNcyYPcVjABvQX7,m1,946688719,7,226,4,0
378,001a65f2fada2a29a41096f4cc18d44a5090db2c4455b4726bffb83ec2f68f10,1MR23ACVa8yHLyXnyiCzuh5NNcyYPcVjABvQX7,m1,946688732,5,225,4,0
379,008023ba2b65bed5f767739a334125889e20a9bd9871f4eb2f362138627afcda,1MR23ACVa8yHLyXnyiCzuh5NNcyYPcVjABvQX7,m1,946688747,7,224,4,0
380,00d0987ff6d26cb0e1d36f9bf93cc46b6e387c210c2fe71a3303b89e3ab885bd,1MR23ACVa8yHLyXnyiCzuh5NNcyYPcVjABvQX7,m1,946688756,3,223,4,0
381,009de4beaa54f8a5bb57c6902cf5cfcc7afccf477fc3cdff0d605b273cf5c50b,1MR23ACVa8yHLyXnyiCzuh5NNcyYPcVjABvQX7,m1,946688767,7,222,4,0
382,00c5d1b9ffcf3de134ce5d38b42510447c3e5c791e1d5f9cddd0a21fe2d51625,1MR23ACVa8yHLyXnyiCzuh5NNcyYPcVjABvQX7,m1,946688781,5,221,4,0
383,00fa8314009851ad955374a1579133c53060ed8a33ab840190a8452346c0e46f,1MR23ACVa8yHLyXnyiCzuh5NNcyYPcVjABvQX7,m1,946688791,6,220,4,0
384,00d47e0323d27e5e6b54b1f0edd4864f1132ea84394245fb959db1756561f267,1MR23ACVa8yHLyXnyiCzuh5NNcyYPcVjABvQX7,m1,946688798,2,219,4,0
385,00da711231a2538a278dfaa52d5a8d3fa0790f303fa932eb70fb8b83550cbc7d,1MR23ACVa8yHLyXnyiCzuh5NNcyYPcVjABvQX7,m1,946688813,6,218,4,0
386,00f3fb4d20f0fa81cc36256e3bcaee572e850f8a1c1987c9fc00f4a394917111,1MR23ACVa8yHLyXnyiCzuh5NNcyYPcVjABvQX7,m1,946688821,5,217,4,0
387,00611d036281029ed3014eb1e85d24ae8d1351fd341014c77adc8fa3ee4cdad9,1MR23ACVa8yHLyXnyiCzuh5NNcyYPcVjABvQX7,m1,946688834,4,216,4,0
388,005e2f84288a2df4e4935986dd7cb2d1ec2b99aaacf7d7ba12112f67aaa3aee0,1MR23ACVa8yHLyXnyiCzuh5NNcyYPcVjABvQX7,m1,946688846,7,215,4,0
389,002be03d57d454f1ff2aa9a9befc3baa592b4cd1c33d9cd21510264bc40554c9,1MR23ACVa8yHLyXnyiCzuh5NNcyYPcVjABvQX7,m1,946688861,5,214,4,0
390,0079f428a9fea5a1d1237557e7920a22b40408f29e4c49423e5a088ce389d7ce,1Snjm1ipv6bNrYBJg7akJXwLCy8JeNnkNx1L2x,m2,946688868,4,213,4,0
391,008bf042f323c806a8a7e6666427787133314bf440167418b70ad770e349f010,1MR23ACVa8yHLyXnyiCzuh5NNcyYPcVjABvQX7,m1,946688881,6,212,4,0
392,0045dc1bd19068ed267d2b3d96042e38eda781ead34ade04c14b941d6835a076,1MR23ACVa8yHLyXnyiCzuh5NNcyYPcVjABvQX7,m1,946688896,6,211,4,0
393,005835a19d1d3e81e30cab6336c038703e8f56c4a5f8c2cc0df699604934548c,1MR23ACVa8yHLyXnyiCzuh5NNcyYPcVjABvQX7,m1,946688901,4,210,4,0
394,0094b70da70ae0e3670e5675f7145c4b7e34458499812d469bbd6cc0c7981da4,1MR23ACVa8yHLyXnyiCzuh5NNcyYPcVjABvQX7,m1,946688911,4,209,4,0
395,000347ea2b046e5ee2601dfce71e701c90c95a8991cf55b3346bd0d2f6438a0e,1Snjm1ipv6bNrYBJg7akJXwLCy8JeNnkNx1L2x,m2,946688918,4,208,4,0
396,0079638705ef4eaee00adddaee0afe01e03a3a85c69552bd753e3ddb94419f3b,1MR23ACVa8yHLyXnyiCzuh5NNcyYPcVjABvQX7,m1,946688933,7,207,4,0
397,00ff67b4e29e0546406bde05fc5c5adc1c7248abac9b044571c8d7148db6b219,1MR23ACVa8yHLyXnyiCzuh5NNcyYPcVjABvQX7,m1,946688944,5,206,4,0
398,00b887bf4d3608c90129f3c39a16349d27de8d3aaea7de76a7f39f79bba7582b,1MR23ACVa8yHLyXnyiCzuh5NNcyYPcVjABvQX7,m1,946688955,4,205,4,0
399,005d697c1426310dfa49b0d7c4a3f558ab611bc90301c4523cfdc42df5d96d08,1MR23ACVa8yHLyXnyiCzuh5NNcyYPcVjABvQX7,m1,946688964,4,204,4,0
400,00b101414679b12fc1e432f926c5131a7ee6d7f845334077f0831bfccc9aa3bd,1MR23ACVa8yHLyXnyiCzuh5NNcyYPcVjABvQX7,m1,946688976,6,203,5,0
401,0084a8399dcaeb8fca37c231609517fe64aee414346d023c3425b5fdb608c3a1,1MR23ACVa8yHLyXnyiCzuh5NNcyYPcVjABvQX7,m1,946688989,8,202,5,0
402,00f36f82c9f8fbcff81383c98bc546154c81624b0a8244e8dd17817df5e1405a,12FC8Zks2JqRt2BTkbvcKztQFVkCRaMjVC9Tu7,m3,946688998,6,201,5,0
403,00702b21dfdd0499b3509bf082dea6711ae600c0986765822d8ee730fd900e7a,1Snjm1ipv6bNrYBJg7akJXwLCy8JeNnkNx1L2x,m2,946689009,6,200,5,0
404,005dd4e25ac08be7e6624891bd7e52f5903114f58e783bc9ea23b0151fe1438f,12FC8Zks2JqRt2BTkbvcKztQFVkCRaMjVC9Tu7,m3,946689015,3,199,5,0
405,0068fdb4329afa74ae5747d8fc9496f4ec90be957e2cdff4d688c902fa13ad5f,1Snjm1ipv6bNrYBJg7akJXwLCy8JeNnkNx1L2x,m2,946689027,5,198,5,0
406,0038f088b8546171d60bab9615c5541937a8a9102fc9c0aac7907ecc0ff0fbf4,1MR23ACVa8yHLyXnyiCzuh5NNcyYPcVjABvQX7,m1,946689034,6,197,5,0
407,00b247a1a71da6373f0d6c98e4f71657163037f9178df38579b2a875916eb879,1Snjm1ipv6bNrYBJg7akJXwLCy8JeNnkNx1L2x,m2,946689048,7,196,5,0
408,00ddd2cfb68613213107666fa6119d219f115c5b18fd19b7564e7ef5c41e1cfc,1Snjm1ipv6bNrYBJg7akJXwLCy8JeNnkNx1L2x,m2,946689063,6,195,5,0
409,00f8cc01991df90a614821d65bc9747b38ce68d96b7fecfa3a161516f0b38749,1Snjm1ipv6bNrYBJg7akJXwLCy8JeNnkNx1L2x,m2,946689075,4,194,5,0
410,002460228e4035432eec7d21e05f2264c7b955dc12ee735dac52f8304bcc85d9,1Snjm1ipv6bNrYBJg7akJXwLCy8JeNnkNx1L2x,m2,946689091,8,193,5,0
411,00851d67b14f62e4ac43c8342ecae6fac70d458decae4a4224142e1986e641b4,1Snjm1ipv6bNrYBJg7akJXwLCy8JeNnkNx1L2x,m2,946689103,6,192,5,0
412,008819f63d6855ac4528727114954ca2c449b9eee6b95b893830e3171045e9e4,1Snjm1ipv6bNrYBJg7akJXwLCy8JeNnkNx1L2x,m2,946689116,5,191,5,0
413,005afe250435688c9e828ff04228f315776b82090ba701fd35e971e69016ddf5,1MR23ACVa8yHLyXnyiCzuh5NNcyYPcVjABvQX7,m1,946689127,6,190,5,0
414,00acc98f0b2f36a230e04f4dfabacd59ab75e13bff812a05846c03ab50021913,1MR23ACVa8yHLyXnyiCzuh5NNcyYPcVjABvQX7,m1,946689133,2,189,5,0
415,00a0eb41ebdb18457e5041903142d7690ced16b878ae798cbecc7b4cb8d9bd78,1MR23ACVa8yHLyXnyiCzuh5NNcyYPcVjABvQX7,m1,946689141,6,188,5,0
416,0055eaac5d67eb9ceefb1965fe4cb6d30f355743ac1f9a57fee72c5fc2eb4f41,1MR23ACVa8yHLyXnyiCzuh5NNcyYPcVjABvQX7,m1,946689151,4,187,5,0
417,0075179b8d7501c4571643219a5ed47095da758befe0177b68811de20e0e6ee3,1MR23ACVa8yHLyXnyiCzuh5NNcyYPcVjABvQX7,m1,946689160,3,186,5,0
418,00ca5f6a05a6182c4748619e1b4ab6673297630fcda0735b64fe39b806d8ba7c,1MR23ACVa8yHLyXnyiCzuh5NNcyYPcVjABvQX7,m1,946689169,5,185,5,0
419,00f8508caf38b879e7fe8b599d3df39ed4436512240244f28761cfc334d56c2f,1MR23ACVa8yHLyXnyiCzuh5NNcyYPcVjABvQX7,m1,946689183,6,184,5,0
420,00d4e37bb1c5d4456ff6ffee58425bece5aa7980610fbe2dfa42b39f9375bf92,1MR23ACVa8yHLyXnyiCzuh5NNcyYPcVjABvQX7,m1,946689190,3,183,5,0
421,0060b9a12e62f6ac64765ffc1df10bd3e0d0bea512b306c8db35ed9cd8630dc1,1MR23ACVa8yHLyXnyiCzuh5NNcyYPcVjABvQX7,m1,946689197,4,182,5,0
422,00631678771adb81b43860578e14a9149d125e46d453ed78659caf3ae100cc65,12FC8Zks2JqRt2BTkbvcKztQFVkCRaMjVC9Tu7,m3,946689207,5,181,5,0
423,00a5ecf45c187be24edfe383fbbef6a8263f646d36372b221003f133a8dfcb40,1MR23ACVa8yHLyXnyiCzuh5NNcyYPcVjABvQX7,m1,946689220,4,180,5,0
424,0097f158902fcbea56bdf41f5820fb2c17b5760e42c155778bffb34e2b187ba7,1MR23ACVa8yHLyXnyiCzuh5NNcyYPcVjABvQX7,m1,946689235,7,179,5,0
425,0020e7088e5f2554c100a86de3b2b3a142a5b816ebeefb5ff97fca61c94bd5d2,1MR23ACVa8yHLyXnyiCzuh5NNcyYPcVjABvQX7,m1,946689241,5,178,5,0
426,00c62e251012e0863cf62ececd115ec5aba8f218f8bf0425fc7d6c1cc289d061,1MR23ACVa8yHLyXnyiCzuh5NNcyYPcVjABvQX7,m1,946689251,3,177,5,0
427,0028c37a91ec785ef285618b62ad3a5e549aa5a9eebb6603caa09b84fa4e9c68,1Snjm1ipv6bNrYBJg7akJXwLCy8JeNnkNx1L2x,m2,946689264,6,176,5,0
428,0020b476b9ece66e72ccbdd98e0ea24d7025ead9dcdd99a0f5ad15e5879fc772,1MR23ACVa8yHLyXnyiCzuh5NNcyYPcVjABvQX7,m1,946689272,5,175,5,0
429,00d3ae96400aa9d54e540bee79545cce4899e79a0555da3b4fda0078cec30e8c,1MR23ACVa8yHLyXnyiCzuh5NNcyYPcVjABvQX7,m1,946689288,6,174,5,0
430,0003c3afe6c0a387f7b784676ac0cc9819841af9af8bf9408329919ff4cb5756,1MR23ACVa8yHLyXnyiCzuh5NNcyYPcVjABvQX7,m1,946689302,7,173,5,0
431,0094ed46784f8105b13d7e224ad13fa69d9b8697dabaf523a92e7c677a028152,1MR23ACVa8yHLyXnyiCzuh5NNcyYPcVjABvQX7,m1,946689316,4,172,5,0
432,00bd81fc0adff26dde3e10e31f340dacc97e7684eee77e3259ec4043af43c8aa,1MR23ACVa8yHLyXnyiCzuh5NNcyYPcVjABvQX7,m1,946689324,5,171,5,0
433,00fbed5b92ed419ea4f8728e28afcd8bee4739a706ef79aa71b2aa7e44c7d128,1Snjm1ipv6bNrYBJg7akJXwLCy8JeNnkNx1L2x,m2,946689338,5,170,5,0
434,00242fd88904f5c8e1da28ad3d3078e301c1d2f4335d6dd9a90308b6e4562e9a,1MR23ACVa8yHLyXnyiCzuh5NNcyYPcVjABvQX7,m1,946689351,7,169,5,0
435,008ae20c0a3c2d426f03a0fb422af16b8f0f89c4d9b84d509d77d7ee7aad91ff,1MR23ACVa8yHLyXnyiCzuh5NNcyYPcVjABvQX7,m1,946689361,4,168,5,0
436,001f6e645ab573d9e2e4675b81d5361e52d029f858d3c4788461eac5facd22f7,1MR23ACVa8yHLyXnyiCzuh5NNcyYPcVjABvQX7,m1,946689368,5,167,5,0
437,001124fe985d946c35dad799f939e875956d43f01da2e0d263e16e6ec951eb40,1MR23ACVa8yHLyXnyiCzuh5NNcyYPcVjABvQX7,m1,946689381,5,166,5,0
438,007e5a5ea90359424002715488880b2d8aa8712de90c385b94026c2a6d2eafba,1MR23ACVa8yHLyXnyiCzuh5NNcyYPcVjABvQX7,m1,946689394,5,165,5,0
439,00357fd0d44279ef30947e4d86077501ce07c0967d3df8503898c61f2a942165,1MR23ACVa8yHLyXnyiCzuh5NNcyYPcVjABvQX7,m1,946689408,6,164,5,0
440,001dd76a38d79be117df96446c5722604097c642894e5b1c539e96b5f5a3f1d4,1Snjm1ipv6bNrYBJg7akJXwLCy8JeNnkNx1L2x,m2,946689421,6,163,5,0
441,00466ab3ab2373a2bef02e98d96c41f184e140565eaa62b9668e03dca3f18011,1MR23ACVa8yHLyXnyiCzuh5NNcyYPcVjABvQX7,m1,946689427,3,162,5,0
442,00fb0a9b162d67c04542f8029767adedf6b594a96d59c993f55edffd0ab1b868,1MR23ACVa8yHLyXnyiCzuh5NNcyYPcVjABvQX7,m1,946689441,6,161,5,0
443,0082029b0d0e4c669aaa7a0244751bdf7a0f312e837e0ce1bec0220fa4b7b2ff,1Snjm1ipv6bNrYBJg7akJXwLCy8JeNnkNx1L2x,m2,946689452,5,160,5,0
444,00ad92a8ecb8a17439fd7ed9c9c82f9b685cae295990aa30dc4f14618bbe84dc,1Snjm1ipv6bNrYBJg7akJXwLCy8JeNnkNx1L2x,m2,946689466,7,159,5,0
445,00b80477b22fd2ed5aa1aab12ec3785a4879d1f519ce089e5eb54e72db69ea31,1MR23ACVa8yHLyXnyiCzuh5NNcyYPcVjABvQX7,m1,946689475,3,158,5,0
446,00c593ee16e2f3261753d57e5c51bb117e2943e854a7e5c96060c13f4774c2e9,1MR23ACVa8yHLyXnyiCzuh5NNcyYPcVjABvQX7,m1,946689481,4,157,5,0
447,00520e62ae3df195bb3241d0896292d3f65b1b6c54537835c3dd06228247c499,1MR23ACVa8yHLyXnyiCzuh5NNcyYPcVjABvQX7,m1,946689488,3,156,5,0
448,004ef9884f618e62d4a52aa73f2e18652d090c631ef5194d90a2252733f57916,1MR23ACVa8yHLyXnyiCzuh5NNcyYPcVjABvQX7,m1,946689495,4,155,5,0
449,00ca9efc3bc7536c1c150ed797a332b7011c372879aa39c81e6c5f17a152cb6d,1MR23ACVa8yHLyXnyiCzuh5NNcyYPcVjABvQX7,m1,946689502,4,154,5,0
450,002855eef93fe8868bc630410ac0be9f4805da012e5242d50bcc68233d581e18,1Snjm1ipv6bNrYBJg7akJXwLCy8JeNnkNx1L2x,m2,946689512,4,153,5,0
451,007ffa41808806faec7fb1f42fb8eb5bbf0d5b1537745a458d0c5d6cc9f86f15,12FC8Zks2JqRt2BTkbvcKztQFVkCRaMjVC9Tu7,m3,946689526,6,152,5,0
452,00328e290bf82fbbd608376d7b5d5e27eea207a775bb82c7e0f47ff0cad8f271,1MR23ACVa8yHLyXnyiCzuh5NNcyYPcVjABvQX7,m1,946689535,4,151,5,0
453,00cf0e0df42f02933e106de51ca127ab101920341bb44cbd82ab2a0348eacf86,12FC8Zks2JqRt2BTkbvcKztQFVkCRaMjVC9Tu7,m3,946689549,6,150,5,0
454,00740f3c7ea855ba29984cd38a909cd5c0d53c39195cb3e8c65d8cd61a187c08,1Snjm1ipv6bNrYBJg7akJXwLCy8JeNnkNx1L2x,m2,946689556,2,149,5,0
455,00649a2051d0255dd4982bb53594d925df54a1c466e3bd33ccfd31dcc5161dab,1MR23ACVa8yHLyXnyiCzuh5NNcyYPcVjABvQX7,m1,946689564,5,148,5,0
456,00ed46c1e147b6009c2308c5ce05423940f0b3e6df8bbb85a598c3fe03a8cb10,1MR23ACVa8yHLyXnyiCzuh5NNcyYPcVjABvQX7,m1,946689579,6,147,5,0
457,008b0377de95c55f1bf0e50a884431e82a4c0330df1bbe68f306d20b59c0094d,1Snjm1ipv6bNrYBJg7akJXwLCy8JeNnkNx1L2x,m2,946689589,5,146,5,0
458,008d6c8a970ddf1cdd7eb3334874c8989e13b6c0d947fcc818c66605441dfb67,1MR23ACVa8yHLyXnyiCzuh5NNcyYPcVjABvQX7,m1,946689597,4,145,5,0
459,00b8d1c51f8bb84c27d9c708db73e888288046e7176075b3f2460c10dfab6702,1MR23ACVa8yHLyXnyiCzuh5NNcyYPcVjABvQX7,m1,946689608,6,144,5,0
460,00e4de91276c09ce5142621a7dd2104f59de660ccb287397618b2529fe87fe5e,1MR23ACVa8yHLyXnyiCzuh5NNcyYPcVjABvQX7,m1,946689623,7,143,5,0
461,00aac7ac3daefdf94681a73bbaca679d280db9a4140863ba0bd5f9e41f533822,1MR23ACVa8yHLyXnyiCzuh5NNcyYPcVjABvQX7,m1,946689629,1,142,5,0
462,00ba880c6daee0dcc9073174b9051247c4fa836aaa8fb275fad74a7c18fcbd49,1Snjm1ipv6bNrYBJg7akJXwLCy8JeNnkNx1L2x,m2,946689640,5,141,5,0
463,00e28ee0f407fc3a6a4384346bafd3d1768b0426ab833b9b26409a59031e1ee1,1Snjm1ipv6bNrYBJg7akJXwLCy8JeNnkNx1L2x,m2,946689655,8,140,5,0
464,009b7dcd9ce5284d35bd76858672ec4da5bb50bad003549ceb14e50bcf526280,12FC8Zks2JqRt2BTkbvcKztQFVkCRaMjVC9Tu7,m3,946689663,3,139,5,0
465,00872e95ca12ba8b27375528bd21222332b0a2809c4121a6ba0cdbb751d55fed,1MR23ACVa8yHLyXnyiCzuh5NNcyYPcVjABvQX7,m1,946689678,7,138,5,0
466,0026f98d98112d84865550bb4fa670ab3769c6c31deb1661e4069ea44408fee5,1MR23ACVa8yHLyXnyiCzuh5NNcyYPcVjABvQX7,m1,946689685,2,137,5,0
467,0002176c5352bd2b166161e427caabc6509a62aff18cfda494c4bbcc557b8fa4,1Snjm1ipv6bNrYBJg7akJXwLCy8JeNnkNx1L2x,m2,946689694,5,136,5,0
468,00c13986125c225b4750390842e84b60c5c19ef2f41dda202de6969d38826f0e,1MR23ACVa8yHLyXnyiCzuh5NNcyYPcVjABvQX7,m1,946689702,6,135,5,0
469,009731b4311d1b4a47e94d8584229bcd8dba41b27db5d66e457ec7badb8c503d,1MR23ACVa8yHLyXnyiCzuh5NNcyYPcVjABvQX7,m1,946689711,2,134,5,0
470,00c25e38a5ca22b105f1f1a171beb6f0416dacf1c5249677270e50f04d459bbd,1MR23ACVa8yHLyXnyiCzuh5NNcyYPcVjABvQX7,m1,946689718,5,133,5,0
471,008e8d6f611ff4cfb675585054cd5ebc01b99e04643d5ebf063118948e33a4ae,1MR23ACVa8yHLyXnyiCzuh5NNcyYPcVjABvQX7,m1,946689730,5,132,5,0
472,006cbb83d22924cb0e3dcbbecb5959b469e44f4b0abc8a2b13f6561938198e4f,1MR23ACVa8yHLyXnyiCzuh5NNcyYPcVjABvQX7,m1,946689738,4,131,5,0
473,00d22f9ebfcb1c5c8447e0f3a9ba3c1bb566d2eab9fc7fad13fd74758e7267d7,1MR23ACVa8yHLyXnyiCzuh5NNcyYPcVjABvQX7,m1,946689751,7,130,5,0
474,0073f6b6c7a0e71dd84b45dfddcb3ac35edfcda139cc2d9673fb2bb0497ae55c,1Snjm1ipv6bNrYBJg7akJXwLCy8JeNnkNx1L2x,m2,946689765,5,129,5,0
475,001c66023a1746eb5a846291bb0a49155d774eb8292e2eb70b4ebec59c79f574,1MR23ACVa8yHLyXnyiCzuh5NNcyYPcVjABvQX7,m1,946689772,3,128,5,0
476,00f81ed4bddfa98237295e5522cbfeb2790bdc1656a3fb445ccdd34fdf2fce92,1MR23ACVa8yHLyXnyiCzuh5NNcyYPcVjABvQX7,m1,946689786,7,127,5,0
477,009685c838a3bca299660ef9d875ad9400f84cda0721f5acd5cacb2ca5ce336c,1MR23ACVa8yHLyXnyiCzuh5NNcyYPcVjABvQX7,m1,946689796,3,126,5,0
478,006b09e8afb9952b60b1d33ae0221469169445b40a939ffe7054bfaa883ea984,1MR23ACVa8yHLyXnyiCzuh5NNcyYPcVjABvQX7,m1,946689810,7,125,5,0
479,006681e301870271d85ad96787185d7eb66aa97bcd40ffa607ec63258e3df958,1Snjm1ipv6bNrYBJg7akJXwLCy8JeNnkNx1L2x,m2,946689821,6,124,5,0
480,0069a7d10da8864a5b997c8b12ebdbd76b8e6ba954b31010c62a575109d873b4,1Snjm1ipv6bNrYBJg7akJXwLCy8JeNnkNx1L2x,m2,946689829,3,123,5,0
481,0087c9332cac292fe1aa026a75e1d4b2640ab5e19e7b4c82191a8ded0747294e,12FC8Zks2JqRt2BTkbvcKztQFVkCRaMjVC9Tu7,m3,946689844,6,122,5,0
482,00650366422fa49e079cb2f713baf2e86e6470760f5775403746ed1a400a9861,1MR23ACVa8yHLyXnyiCzuh5NNcyYPcVjABvQX7,m1,946689854,5,121,5,0
483,00d9dc51d91acd2ce395c0e4a5a93af69af62a94160de1bcc5b654222f6afef3,1MR23ACVa8yHLyXnyiCzuh5NNcyYPcVjABvQX7,m1,946689862,5,120,5,0
484,00ae68c1bff7b559fbb1555d697605f5b428cdb07cff8acab363bc434815abf8,1MR23ACVa8yHLyXnyiCzuh5NNcyYPcVjABvQX7,m1,946689870,3,119,5,0
485,0065d23f5323424fbf1151172bd56d7d0d90e28fae9915b4b648f25083a4576d,1MR23ACVa8yHLyXnyiCzuh5NNcyYPcVjABvQX7,m1,946689880,4,118,5,0
486,009eb05fd6e4862fa5bfe398d3331293cd9602f500fe3abd2e8b1fc309faf74c,1MR23ACVa8yHLyXnyiCzuh5NNcyYPcVjABvQX7,m1,946689895,8,117,5,0
487,002f5563bf8b2abd21c72a34f8b286a7be2bb2775e2fdecddeb75a39be25c280,1MR23ACVa8yHLyXnyiCzuh5NNcyYPcVjABvQX7,m1,946689908,4,116,5,0
488,008862a116103669a1ec83f132d1b02d23c7b0a228d95b410746260f49c3624d,12FC8Zks2JqRt2BTkbvcKztQFVkCRaMjVC9Tu7,m3,946689922,7,115,5,0
489,00d616d71a05f193070eecfb2792e8f1e0eb247c689ae49d8febe5a7cab2bcb7,12FC8Zks2JqRt2BTkbvcKztQFVkCRaMjVC9Tu7,m3,946689928,3,114,5,0
490,0073959c78ed28d988f89a307e1cda34c66c42c301803f0c56a6a3771f991d9f,1Snjm1ipv6bNrYBJg7akJXwLCy8JeNnkNx1L2x,m2,946689940,3,113,5,0
491,007634d790039ef24fe5f11321ea676bbf13607b4e53abbc7e3e0fbeeda70d54,1MR23ACVa8yHLyXnyiCzuh5NNcyYPcVjABvQX7,m1,946689953,8,112,5,0
492,00d48cf896cd0c25388a0333766e3c8930c062668ec3f0bab873a811c2d929b9,1Snjm1ipv6bNrYBJg7akJXwLCy8JeNnkNx1L2x,m2,946689963,4,111,5,0
493,0031eafb7dda19942846510c0a73c14ffbd7c5d3b55a7640db500c6fe63d4f5b,1Snjm1ipv6bNrYBJg7akJXwLCy8JeNnkNx1L2x,m2,946689970,4,110,5,0
494,00841fcf68ab436e1d350bb0653fca3a6f160519e0cffb058c5c52176ef11042,1Snjm1ipv6bNrYBJg7akJXwLCy8JeNnkNx1L2x,m2,946689984,6,109,5,0
495,0013be49c1d877e0f33ca2d6d2b29346273e602e04e3284c1130a8e7603a6da9,1MR23ACVa8yHLyXnyiCzuh5NNcyYPcVjABvQX7,m1,946689994,5,108,5,0
496,002d53d139470e90baa7885f68c19d7d9fd2864db0ea79ee896ff5b913a6ad4f,1MR23ACVa8yHLyXnyiCzuh5NNcyYPcVjABvQX7,m1,946690002,4,107,5,0
497,0094a4cd070e113298fe9f3ba123dc01e263bc2e88b84ca00a90541ef25b91e2,1MR23ACVa8yHLyXnyiCzuh5NNcyYPcVjABvQX7,m1,946690007,3,106,5,0
498,00d0a73d774db3303b631174a75700ddfad1fc94947459d5a4a53647b07c3e8e,1MR23ACVa8yHLyXnyiCzuh5NNcyYPcVjABvQX7,m1,946690022,6,105,5,0
499,00a84489be7530064b3862ee200ef7da23b76a8afc9e11182935eeaccb10ad5c,1MR23ACVa8yHLyXnyiCzuh5NNcyYPcVjABvQX7,m1,946690030,4,104,5,0
500,000ef6fb4bd87eab53efe12dcc15c9aa609d15b22ad3ba1e693f2ae156987bfc,1MR23ACVa8yHLyXnyiCzuh5NNcyYPcVjABvQX7,m1,946690044,6,103,6,0
501,0081865910f35b96bbe96bddfe24bd4a6675a6c1ccd84ea682a88c1eaafb343e,1MR23ACVa8yHLyXnyiCzuh5NNcyYPcVjABvQX7,m1,946690049,2,102,6,0
502,0077653f6409a45c184699dc3a4903761eda0805c8a0a7879837d3f27fc7caf3,1MR23ACVa8yHLyXnyiCzuh5NNcyYPcVjABvQX7,m1,946690061,11,101,6,0
503,007247948b026309ac99595f405bfae2954a373acf94c0229844ac87eb3c4bb1,1MR23ACVa8yHLyXnyiCzuh5NNcyYPcVjABvQX7,m1,946690073,6,100,6,0
504,00d3799b89db2fda19afd0d496561d42f278a6c0e1152b37deb7a539da55512f,1Snjm1ipv6bNrYBJg7akJXwLCy8JeNnkNx1L2x,m2,946690085,5,99,6,0
505,00a72d6f8fb5aa67c2964eb170a1aeb56b105233ad375ed2dbf3fb110fc2b51f,1MR23ACVa8yHLyXnyiCzuh5NNcyYPcVjABvQX7,m1,946690100,5,98,6,0
506,006f08372515598203ba07a8012d7d04b015136e03f20de11aa3a4d7ac1c02d6,1MR23ACVa8yHLyXnyiCzuh5NNcyYPcVjABvQX7,m1,946690114,9,97,6,0
507,0023eb4402a99932553634706b7d88a86b26ae4a7ee2698edc117d374c775230,1MR23ACVa8yHLyXnyiCzuh5NNcyYPcVjABvQX7,m1,946690127,7,96,6,0
508,00fe5a431cf56107b3bcb957b2a14c58b90a562c4248f2e03805366a49437f49,1MR23ACVa8yHLyXnyiCzuh5NNcyYPcVjABvQX7,m1,946690142,6,95,6,0
509,006d0815f630c74496bda0cbc71f9f83d0bc238736c26634ae9bead6dbcb9f16,1MR23ACVa8yHLyXnyiCzuh5NNcyYPcVjABvQX7,m1,946690148,3,94,6,0
510,007917177a3402736ca664930061994913f84808fe539fa3a794a43b494cc392,1Snjm1ipv6bNrYBJg7akJXwLCy8JeNnkNx1L2x,m2,946690158,5,93,6,0
511,00cfab14ebaf8e7d822e68bb8b584b728b1a1421817a7e593f6e871771ce8342,1MR23ACVa8yHLyXnyiCzuh5NNcyYPcVjABvQX7,m1,946690174,6,92,6,0
512,006fce3c18bde7f8e2aec078acda7147d6bb87e8cb7941fc927388c60c980a21,1MR23ACVa8yHLyXnyiCzuh5NNcyYPcVjABvQX7,m1,946690189,6,91,6,0
513,00fee2f78153d30321fa3938728fb05a6a416bb275a36e907574d7e1798d6963,1MR23ACVa8yHLyXnyiCzuh5NNcyYPcVjABvQX7,m1,946690203,7,90,6,0
514,00ae4cccc0adc50bf0584a10686f150ad466e9f59de80019903754a15e142538,1MR23ACVa8yHLyXnyiCzuh5NNcyYPcVjABvQX7,m1,946690210,3,89,6,0
515,0010fb86eb953300e998dff7b3000770651acc42191272b2d3b41da9fc7b6e6a,1MR23ACVa8yHLyXnyiCzuh5NNcyYPcVjABvQX7,m1,946690219,5,88,6,0
516,007ca4aa4e527e31f448c2fbd49cb5e6ba0af8cceba82afef70fbc45a0dd71b3,1MR23ACVa8yHLyXnyiCzuh5NNcyYPcVjABvQX7,m1,946690230,5,87,6,0
517,0005514c7e748711ef333a3ec8aad4698ac37c5bea1420a91407eb11d6b5b870,1MR23ACVa8yHLyXnyiCzuh5NNcyYPcVjABvQX7,m1,946690241,4,86,6,0
518,0055c050547fd56adc8e8f4ca3c6d661d998d7951cd193929558bbc7e98a4bac,1MR23ACVa8yHLyXnyiCzuh5NNcyYPcVjABvQX7,m1,946690250,5,85,6,0
519,006d9737dbcb999cc107113dc52ec1810fb07ff1e53d3146a1aa3792dabed898,1MR23ACVa8yHLyXnyiCzuh5NNcyYPcVjABvQX7,m1,946690256,3,84,6,0
520,00ae78ee2be3433922eeed20634d1c974ed85dee89e0cc33a888ac15b6cd5c6a,1MR23ACVa8yHLyXnyiCzuh5NNcyYPcVjABvQX7,m1,946690269,6,83,6,0
521,00cdb62eb2294b30a05a3802a3f0baea677a93e569453f8253c1024ecbed20ff,1MR23ACVa8yHLyXnyiCzuh5NNcyYPcVjABvQX7,m1,946690279,5,82,6,0
522,00000cc1c8b514183cfa327b3f140f5e458957f1681c65a6534c73d001acf8c2,1MR23ACVa8yHLyXnyiCzuh5NNcyYPcVjABvQX7,m1,946690289,3,81,6,0
523,000e54d1db9e8e16b3bf1accb82a633e898e30573a2a9d9b499749f704ddf145,1Snjm1ipv6bNrYBJg7akJXwLCy8JeNnkNx1L2x,m2,946690304,8,80,6,0
524,00c2eca5142605f9856a73b6981a24ec4f766a632d92782de0e26bf41dde90a8,1Snjm1ipv6bNrYBJg7akJXwLCy8JeNnkNx1L2x,m2,946690312,3,79,6,0
525,0098b88526050b0a1701042697b7d63ea1693713835b918def191d1ad42c4fc8,12FC8Zks2JqRt2BTkbvcKztQFVkCRaMjVC9Tu7,m3,946690320,4,78,6,0
526,006ecb58d21512f92536775a2aacd51988dc8bc0759a3fb6c416b9b61f57b23b,1Snjm1ipv6bNrYBJg7akJXwLCy8JeNnkNx1L2x,m2,946690329,5,77,6,0
527,00cbbb5a0f3bb281561cea61519cc58d77f5c14d2fffb854c1025e61dae19ceb,1Snjm1ipv6bNrYBJg7akJXwLCy8JeNnkNx1L2x,m2,946690344,7,76,6,0
528,00b4f0fcd9aed4ed17fa5e84abe224b1c5360b7558e60330508fc797968731e7,1MR23ACVa8yHLyXnyiCzuh5NNcyYPcVjABvQX7,m1,946690353,3,75,6,0
529,004c0cf98e38fb34955d021a8118761d44d8a6d2ca03f392ea3d7a9584845493,1Snjm1ipv6bNrYBJg7akJXwLCy8JeNnkNx1L2x,m2,946690361,3,74,6,0
530,009bbf6a4f35bf5066a2041ad5a763bc5309e5dafa07e3a764a61bb49a7c2a37,1MR23ACVa8yHLyXnyiCzuh5NNcyYPcVjABvQX7,m1,946690369,5,73,6,0
531,00661157b2a4cdd37b763794363056678414fd27c493f3fc2c9b0d2ffb0a7d8b,1MR23ACVa8yHLyXnyiCzuh5NNcyYPcVjABvQX7,m1,946690385,6,72,6,0
532,00225acfb48c9875af3046b99d68f21d0456c5ca109d25b1c52d8c9a2e59a13e,1MR23ACVa8yHLyXnyiCzuh5NNcyYPcVjABvQX7,m1,946690399,7,71,6,0
533,00a592874f1cd0676bd4483e2d5b64e8648daa1847be9124d78355016e59712f,1MR23ACVa8yHLyXnyiCzuh5NNcyYPcVjABvQX7,m1,946690412,5,70,6,0
534,00d40c4da80ba104e95cb23fb5d74f288a03694550096069682cbb32d7f69757,1MR23ACVa8yHLyXnyiCzuh5NNcyYPcVjABvQX7,m1,946690421,5,69,6,0
535,003f024406f81163fa3ce9ba4bf08878175cda33593affb225cc02b84f322e07,1MR23ACVa8yHLyXnyiCzuh5NNcyYPcVjABvQX7,m1,946690427,3,68,6,0
536,0035b7118d3422cf3f3eed2987647338744d515dfa7257524f75cba0eec256b3,1MR23ACVa8yHLyXnyiCzuh5NNcyYPcVjABvQX7,m1,946690442,7,67,6,0
537,007d6d28176ea6984a58575d124f61935ab2d49ac7d4b1415abcddeaadfb553a,1MR23ACVa8yHLyXnyiCzuh5NNcyYPcVjABvQX7,m1,946690454,6,66,6,0
538,009ccaffecdc941b066ffb372de9692498fa033e49347246200246f0685bf418,1MR23ACVa8yHLyXnyiCzuh5NNcyYPcVjABvQX7,m1,946690462,3,65,6,0
539,001914927922f97eb146cc549e4311316613d3963c4f3ebbc275332342afdb38,1MR23ACVa8yHLyXnyiCzuh5NNcyYPcVjABvQX7,m1,946690472,6,64,6,0
540,00762c43cfd47dea02813851a783ab3d47a344d72809fc4ae619a3f94bc2bded,1MR23ACVa8yHLyXnyiCzuh5NNcyYPcVjABvQX7,m1,946690480,2,63,6,0
541,008ce001b2951844805458a1363c007acbc86990e59e59b5b87714547fcec405,1MR23ACVa8yHLyXnyiCzuh5NNcyYPcVjABvQX7,m1,946690487,5,62,6,0
542,00ccc0d0f027dc66174d219aeedefe2cc31b9a8eac1f83cf33e62f108b1289da,1MR23ACVa8yHLyXnyiCzuh5NNcyYPcVjABvQX7,m1,946690503,7,61,6,0
543,009b85cf2694738f7f3895db4ef448757c7c5e8ed08e062b4c17302b65ad1a8f,1MR23ACVa8yHLyXnyiCzuh5NNcyYPcVjABvQX7,m1,946690509,2,60,6,0
544,001d91e79b723db1cb8b4f58359e3b49ef726f83d880d8b6f0bfc432f11abfa8,1MR23ACVa8yHLyXnyiCzuh5NNcyYPcVjABvQX7,m1,946690520,6,59,6,0
545,000e585ece80cd2803047a0cac853ff1bcc11f8ff220a0c60894b823ffd7ce58,1MR23ACVa8yHLyXnyiCzuh5NNcyYPcVjABvQX7,m1,946690532,4,58,6,0
546,007a389ef152d484da9876350796729f9b3729a93a5f04e23284acb1bd3d6763,1MR23ACVa8yHLyXnyiCzuh5NNcyYPcVjABvQX7,m1,946690538,3,57,6,0
547,0013da16bcd04b41d6d51d8e9daf52b9d3c49d402caa030a1642540875b30b3d,1MR23ACVa8yHLyXnyiCzuh5NNcyYPcVjABvQX7,m1,946690549,5,56,6,0
548,001c3c2adb2cf0c1ec5ceeb5b80d4c7da1f0ea16ccdcf1d4c8515a7f8137ac69,1Snjm1ipv6bNrYBJg7akJXwLCy8JeNnkNx1L2x,m2,946690561,5,55,6,0
549,001cec6ad96b29e1d439b18238bbca7e4e9348ee0fc3abd99f948e628c5220a7,1MR23ACVa8yHLyXnyiCzuh5NNcyYPcVjABvQX7,m1,946690569,6,54,6,0
550,002c64892c818e42fffe0029c27ad11a3b1e3a0b54d31da5c60510437df728f9,1MR23ACVa8yHLyXnyiCzuh5NNcyYPcVjABvQX7,m1,946690583,6,53,6,0
551,00898bc8c90625fe29eca060ee5ba07b43c843b6e319d7f15a5eb695d787b582,12FC8Zks2JqRt2BTkbvcKztQFVkCRaMjVC9Tu7,m3,946690597,5,52,6,0
552,006583a8e37c5fd31717d3e7e48909e9214c8d44240f9ec54497c8a01d666150,1MR23ACVa8yHLyXnyiCzuh5NNcyYPcVjABvQX7,m1,946690612,5,51,6,0
553,005e3a81ff203801b83602ec073ae0bc923400d4dac127a122905cdb1056b8f6,1MR23ACVa8yHLyXnyiCzuh5NNcyYPcVjABvQX7,m1,946690625,7,50,6,0
554,003b3e5e5e3b19714eaa55b7c354b120349d5d66f0a2bd3644c1af3fc54810b3,1MR23ACVa8yHLyXnyiCzuh5NNcyYPcVjABvQX7,m1,946690635,4,49,6,0
555,005c0d88cc282af3d60e58429cf8b0609dabfe94dad3b74cd07938f0ce380284,1MR23ACVa8yHLyXnyiCzuh5NNcyYPcVjABvQX7,m1,946690646,6,48,6,0
556,009c80e9203c85105a60f87c4baedc2e44363e2fd41895fcfe3587157bdc2567,1Snjm1ipv6bNrYBJg7akJXwLCy8JeNnkNx1L2x,m2,946690654,3,47,6,0
557,0084806b885992e1b1721dd8a375d913dca18596af0468e173ff9b81e47f5ceb,1MR23ACVa8yHLyXnyiCzuh5NNcyYPcVjABvQX7,m1,946690664,6,46,6,0
558,0083e58e2f06a3d84a809388327ba8091aadf24d1468b1421c03d9de486161b1,1MR23ACVa8yHLyXnyiCzuh5NNcyYPcVjABvQX7,m1,946690679,6,45,6,0
559,00ad1aff4925cb691e5bffedbc764db5491d2cf44a0c04ceb1ffb88f6e9b5a92,1MR23ACVa8yHLyXnyiCzuh5NNcyYPcVjABvQX7,m1,946690686,4,44,6,0
560,00fb592be9539a4e6f082d24bbb97c1ae11c8b70ddff39068392c6d26cec7d02,1Snjm1ipv6bNrYBJg7akJXwLCy8JeNnkNx1L2x,m2,946690702,6,43,6,0
561,00efd6176dffea5d440a761b72a7a4e356afea761d90dea1a26cc7b4b28c165c,1Snjm1ipv6bNrYBJg7akJXwLCy8JeNnkNx1L2x,m2,946690707,2,42,6,0
562,0071c06707ace4cc2ba8a7cdbb6ca4ce422c1663913f61553fe7db7e6bb9dd85,1MR23ACVa8yHLyXnyiCzuh5NNcyYPcVjABvQX7,m1,946690720,6,41,6,0
563,00a62e3e7340e9aae356f4a948516fa8d420473c1ee6d14cfa0fbd318fe53fb5,1MR23ACVa8yHLyXnyiCzuh5NNcyYPcVjABvQX7,m1,946690726,4,40,6,0
564,0053d1eeaa17822b67bd93f0511c58de7b14bb5b038d71a1b5e44ed993be6e4a,1MR23ACVa8yHLyXnyiCzuh5NNcyYPcVjABvQX7,m1,946690733,2,39,6,0
565,00bf77d5d11e9ced713a9ae986ad2ac54d0405358289c837d44524e28d70a138,1MR23ACVa8yHLyXnyiCzuh5NNcyYPcVjABvQX7,m1,946690746,8,38,6,0
566,00009271bcf3643366befc7e04eef1da10571452c35adb99aea81c64d8db88f3,1MR23ACVa8yHLyXnyiCzuh5NNcyYPcVjABvQX7,m1,946690759,5,37,6,0
567,00c648081891109e9d8822fd50503b5c5dd82a06d1ddf09f57f3f11579dd31ae,1MR23ACVa8yHLyXnyiCzuh5NNcyYPcVjABvQX7,m1,946690771,5,36,6,0
568,00a9f844cb06b010a273a940a2324994c38b44529ebd9409f221439c35c82a53,1MR23ACVa8yHLyXnyiCzuh5NNcyYPcVjABvQX7,m1,946690779,3,35,6,0
569,003c55e57227d4b1c18eb097cb952757b8118c5a8287caa80e5ccdcae4c0e076,1MR23ACVa8yHLyXnyiCzuh5NNcyYPcVjABvQX7,m1,946690786,4,34,6,0
570,005dc225001ce7465f9a9a72876733471502f167f3cfc0985b77696e0b01b1aa,1MR23ACVa8yHLyXnyiCzuh5NNcyYPcVjABvQX7,m1,946690793,4,33,6,0
571,00ae7db4aef1ad1e858d8db2d097d1297d0be4876086b71fde0c8003b7229a2c,1MR23ACVa8yHLyXnyiCzuh5NNcyYPcVjABvQX7,m1,946690800,3,32,6,0
572,001c58027f3a723ba6e57d9efe286d64fecae441c7b01405be8174c68fb73ab2,1MR23ACVa8yHLyXnyiCzuh5NNcyYPcVjABvQX7,m1,946690809,5,31,6,0
573,0098b7f1721e45936577afff35d21cac7e25202b80b1f6d22b84c7d3ad579657,1MR23ACVa8yHLyXnyiCzuh5NNcyYPcVjABvQX7,m1,946690824,7,30,6,0
574,00722bad438e971f5610d3688ebde0873dde417f2b04f07bc18900a9510f6554,1MR23ACVa8yHLyXnyiCzuh5NNcyYPcVjABvQX7,m1,946690832,3,29,6,0
575,00e7f322b20daad93993b22fe4faba74dd1ffd3d2c36634fbd3f2609069a4c71,1MR23ACVa8yHLyXnyiCzuh5NNcyYPcVjABvQX7,m1,946690841,3,28,6,0
576,00e726fb0c0405093e96842dd773d86d4d58c6b19c6f8ae711804de6587134ae,1Snjm1ipv6bNrYBJg7akJXwLCy8JeNnkNx1L2x,m2,946690850,5,27,6,0
577,009e87ceb9fefe5311734da710438baaf0cdc26eff1a37310838c4e148d13547,1Snjm1ipv6bNrYBJg7akJXwLCy8JeNnkNx1L2x,m2,946690864,6,26,6,0
578,0021348783da7f4a85bf2847982a2fd368e88cac795e20ddf1be06f8649e9de2,1Snjm1ipv6bNrYBJg7akJXwLCy8JeNnkNx1L2x,m2,946690871,5,25,6,0
579,00eca5bf6e2f91c579a7ae0afe2ab86d578ac520f5e411c0625544387341ad3e,1MR23ACVa8yHLyXnyiCzuh5NNcyYPcVjABvQX7,m1,946690878,2,24,6,0
580,00c77d5e87a4f62eb2ababbc7ea45b0e78f129eea334b480da54194b49cde749,1MR23ACVa8yHLyXnyiCzuh5NNcyYPcVjABvQX7,m1,946690889,5,23,6,0
581,005d056f5cc96d8ade1f99201bfa27dfeb7f42b15b769ccd405047bcef4975f6,1Snjm1ipv6bNrYBJg7akJXwLCy8JeNnkNx1L2x,m2,946690903,8,22,6,0
582,0093e8758a2653f0bdb8e73ae4bd6e63ae39b93aff01fa6394e7b422f9712df3,1MR23ACVa8yHLyXnyiCzuh5NNcyYPcVjABvQX7,m1,946690912,2,21,6,0
583,00fabf6de05cc14fb638e97ce22ddfb2573fee50cf81233c80494b0c7b9c39bf,1MR23ACVa8yHLyXnyiCzuh5NNcyYPcVjABvQX7,m1,946690923,6,20,6,0
584,00ddf84b245b025cfbcfa289ba4be15b0a131576e9c09439861493944f9ef26f,1MR23ACVa8yHLyXnyiCzuh5NNcyYPcVjABvQX7,m1,946690935,5,19,6,0
585,0031d75bd70ee91d169c65360627acff92906b9e4a1c1d7504daa2281275be8a,1MR23ACVa8yHLyXnyiCzuh5NNcyYPcVjABvQX7,m1,946690943,5,18,6,0
586,0054a12ec8ffa9d216db46d9584f491f26ab0cf8dd8659543e457848b69d0465,1MR23ACVa8yHLyXnyiCzuh5NNcyYPcVjABvQX7,m1,946690956,4,17,6,0
587,009ea360dab1cc6d094390bea5ccc928fc1976bbfb6a9a7ecb01a4e813307422,1MR23ACVa8yHLyXnyiCzuh5NNcyYPcVjABvQX7,m1,946690964,4,16,6,0
588,00ac3d5a571fc7da4961ccd1d7110ad9f67a7f6f57e72b6ae74f8e1728e48475,1MR23ACVa8yHLyXnyiCzuh5NNcyYPcVjABvQX7,m1,946690979,6,15,6,0
589,006c6e6b940292a80a1abced0b5f3407e62650bddb7486bfe246f64bd75e58e3,1MR23ACVa8yHLyXnyiCzuh5NNcyYPcVjABvQX7,m1,946690992,7,14,6,0
590,0051234945dec863ace9f2cc0396cd8b6dd5939826bc0dcecc920e7c62c4fe3a,1Snjm1ipv6bNrYBJg7akJXwLCy8JeNnkNx1L2x,m2,946691006,5,13,6,0
591,0087559664f536e3f3ed592f5f776dd0cb16271f4e76bdc7eb45b88d0097612c,1MR23ACVa8yHLyXnyiCzuh5NNcyYPcVjABvQX7,m1,946691019,6,12,6,0
592,00664eb3e3e725ce8fb85bad91c23a73b73b0e6b5d535cc27ba03710af479c18,1MR23ACVa8yHLyXnyiCzuh5NNcyYPcVjABvQX7,m1,946691028,4,11,6,0
593,008c4390e8471fb8d72e3c091c8217b210da7b118a7bb9fd20931ea877c3c908,1Snjm1ipv6bNrYBJg7akJXwLCy8JeNnkNx1L2x,m2,946691039,5,10,6,0
594,002d89dd80cecb0decd0b79bd8d323bd64536ff1a510b4e0566d256ff71411f9,1MR23ACVa8yHLyXnyiCzuh5NNcyYPcVjABvQX7,m1,946691047,6,9,6,0
595,00091a29b84282ded1e4170904bfbba49492c65e0e6a2f4344bf154be6593390,1MR23ACVa8yHLyXnyiCzuh5NNcyYPcVjABvQX7,m1,946691062,5,8,6,0
596,0047fc7c8928fc713d3cf5365f71e4582486c51955617615ccc7362509deb697,1Snjm1ipv6bNrYBJg7akJXwLCy8JeNnkNx1L2x,m2,946691070,4,7,6,0
597,00e4a8ee5e4993056983abc00d9d059fe01a370363a529faed03a7e7b5b16172,1Snjm1ipv6bNrYBJg7akJXwLCy8JeNnkNx1L2x,m2,946691082,7,6,6,0
598,00d52bbbd019b2ae1ddcd1d5c96a0d463512deaee212264376b04a7012375c54,1MR23ACVa8yHLyXnyiCzuh5NNcyYPcVjABvQX7,m1,946691089,2,5,6,0
599,00b372943cdef95614f7119824d00356665f95c5041facfde3fc4ee27f1674d2,1MR23ACVa8yHLyXnyiCzuh5NNcyYPcVjABvQX7,m1,946691096,5,4,6,0
600,00cc3ad161966e11fcd46f7c7511a231506804a395f7feb3e41408ada4bae282,1MR23ACVa8yHLyXnyiCzuh5NNcyYPcVjABvQX7,m1,946691103,3,3,7,0
601,0072b2274e7c6a61ea27f2193bda5059d6404eaf5ba13633726783287496d19d,1MR23ACVa8yHLyXnyiCzuh5NNcyYPcVjABvQX7,m1,946691111,7,2,7,0
602,004d97bb3d2b94bbd157c1ec5de82a1743775cb41ca4b6908821f7270ef15b15,1MR23ACVa8yHLyXnyiCzuh5NNcyYPcVjABvQX7,m1,946691127,8,1,7,0
