run_id,livello,tbt,height_invio,height_conferma,epoca,nodo_publisher,indirizzo,miner_cluster,seq,esito,dettaglio_errore,txid
run5-tbt-2s/nazionale,nazionale,2,160,161,14,c2,1LffcfYRs8mVNfNV493VbkxS6mD9UAuc8gvhGz,m1,1,ok,,c73ee7c0851273bc0934d355789ce484e7080bbcd1e5f2ff9d79838fc0eba71b
run5-tbt-2s/nazionale,nazionale,2,160,161,14,c4,15MfkrDvfK6QQHJVoqzG9HgScKc8XrzWYXa7Sk,m2,1,ok,,2f55d48952767b146916e3f25e14db6763c65ccc78183f4b2f2815c68bf029c9
run5-tbt-2s/nazionale,nazionale,2,160,161,14,c3,1NxMuHRzQZoNq73HEYjXVA5qpYJV4MZDtF25sq,m2,1,ok,,14566d0f84a6573ce7829811b2258eca92114b3200974335c39fe3ece2b25a32
run5-tbt-2s/nazionale,nazionale,2,160,161,14,c5,1aVSyFhFdvV1dbdL22neKvqvCFxQX4rx68z1NL,m3,1,ok,,a8dcfefca5a709833ae9b996fbb6255dcb8b90ca651bb20fb42fe0d19d02d05d
run5-tbt-2s/nazionale,nazionale,2,160,161,14,c1,16RTwvjtNu8oaPEx44dk78wbLYzWZCaTwHkKxd,m1,1,ok,,626b7b11cb2555605086509582b75d48fddfa9d5a6fd8f05b02603d2a8e3a047
run5-tbt-2s/nazionale,nazionale,2,163,165,14,c1,16RTwvjtNu8oaPEx44dk78wbLYzWZCaTwHkKxd,m1,2,ok,,453daeac8dd53dc84320981e67a60364500b2a93ce372657e3c12f5b52b16074
run5-tbt-2s/nazionale,nazionale,2,165,166,14,c2,1LffcfYRs8mVNfNV493VbkxS6mD9UAuc8gvhGz,m1,2,ok,,f28f63470260be0ffdc5fa80884d87aa9c2abe494f2fd218cc432471a19894f6
run5-tbt-2s/nazionale,nazionale,2,167,169,15,c3,1NxMuHRzQZoNq73HEYjXVA5qpYJV4MZDtF25sq,m2,2,ok,,15b7263aa18fbdf0cd2823ebfbc9ee384e9077302a345dadc66d14b9090af013
run5-tbt-2s/nazionale,nazionale,2,167,169,15,c1,16RTwvjtNu8oaPEx44dk78wbLYzWZCaTwHkKxd,m1,3,ok,,fd6c2994913ce38b010a481855169d585c7cbf906c837264013a83e1ac2e066d
run5-tbt-2s/nazionale,nazionale,2,169,171,15,c4,15MfkrDvfK6QQHJVoqzG9HgScKc8XrzWYXa7Sk,m2,2,ok,,f5f1141bcd4f57c25fa27fbc4013efcfc0f7890f5e9e3115bef0db4b13696e85
run5-tbt-2s/nazionale,nazionale,2,172,173,15,c2,1LffcfYRs8mVNfNV493VbkxS6mD9UAuc8gvhGz,m1,3,ok,,7062347057d04bde0b2e7d2f060e01c322f79fbaa921416a94280d73fd02dd3f
run5-tbt-2s/nazionale,nazionale,2,172,173,15,c1,16RTwvjtNu8oaPEx44dk78wbLYzWZCaTwHkKxd,m1,4,ok,,7d22f948d314afc95515cb3abf47bb039626cfdaa7189feb9e102f8411db3005
run5-tbt-2s/nazionale,nazionale,2,172,173,15,c5,1aVSyFhFdvV1dbdL22neKvqvCFxQX4rx68z1NL,m3,2,ok,,749aa655760d1566c03c5893e6945d8c2eea7ccd3f8dd427132e2fd664440522
run5-tbt-2s/nazionale,nazionale,2,175,176,15,c3,1NxMuHRzQZoNq73HEYjXVA5qpYJV4MZDtF25sq,m2,3,ok,,15227ada3fafbca6b7cc4ed47604355e63c6cc9c03a68340fa37fb0605f60de8
run5-tbt-2s/nazionale,nazionale,2,175,176,15,c1,16RTwvjtNu8oaPEx44dk78wbLYzWZCaTwHkKxd,m1,5,ok,,a5e7ad54103f38d040aceb6d6c27bc194fd91309483288ab3647e445d6c8bf5a
run5-tbt-2s/nazionale,nazionale,2,177,178,15,c2,1LffcfYRs8mVNfNV493VbkxS6mD9UAuc8gvhGz,m1,4,ok,,c158ed53b085cd2fd1fd3713c2add53f68e9eab1c51d582bc6eafd2e604ffeab
run5-tbt-2s/nazionale,nazionale,2,179,180,16,c4,15MfkrDvfK6QQHJVoqzG9HgScKc8XrzWYXa7Sk,m2,3,ok,,f52609b0d0b49353381e768be59074def21d26dec5df9a3ed3ec9ccc39793b97
run5-tbt-2s/nazionale,nazionale,2,179,180,16,c1,16RTwvjtNu8oaPEx44dk78wbLYzWZCaTwHkKxd,m1,6,ok,,9943b03fcdc33f76e9bf5b26b81398e7091a574c782918a2df2fefc5ff8ece07
run5-tbt-2s/nazionale,nazionale,2,182,184,16,c3,1NxMuHRzQZoNq73HEYjXVA5qpYJV4MZDtF25sq,m2,4,ok,,2d574f91a1b8dfba2b3c40964c869b782ea72c40cc024225b8e46992e56edd71
run5-tbt-2s/nazionale,nazionale,2,182,184,16,c2,1LffcfYRs8mVNfNV493VbkxS6mD9UAuc8gvhGz,m1,5,ok,,0a88ba434ab57f0573d6f69de038c0e5069455d16288d74cbcf99a41925a7998
run5-tbt-2s/nazionale,nazionale,2,182,184,16,c1,16RTwvjtNu8oaPEx44dk78wbLYzWZCaTwHkKxd,m1,7,ok,,08bab55a50e7533e169c744624ead46c9a382cec4ae77fb15c0dd58b0621aa68
run5-tbt-2s/nazionale,nazionale,2,183,185,16,c5,1aVSyFhFdvV1dbdL22neKvqvCFxQX4rx68z1NL,m3,3,ok,,511b0b856ddb549371652184f221b7982ec19654c68b51bf8a01864f298b6bae
run5-tbt-2s/nazionale,nazionale,2,186,188,16,c1,16RTwvjtNu8oaPEx44dk78wbLYzWZCaTwHkKxd,m1,8,ok,,5b0e538d29d28b1e310ed751078de44487e0246d13e309d4299b8b3ae8b19588
run5-tbt-2s/nazionale,nazionale,2,188,190,16,c4,15MfkrDvfK6QQHJVoqzG9HgScKc8XrzWYXa7Sk,m2,4,ok,,3eac446b02e854767442d8eae0ac2f411727615bd9101a6806a1ea85d36a1a5c
run5-tbt-2s/nazionale,nazionale,2,188,190,16,c2,1LffcfYRs8mVNfNV493VbkxS6mD9UAuc8gvhGz,m1,6,ok,,bf6f9fd4ba15f2b70c7409cfc52ca4fd9d589fd42b39574141fc02a0139def78
run5-tbt-2s/nazionale,nazionale,2,190,191,16,c3,1NxMuHRzQZoNq73HEYjXVA5qpYJV4MZDtF25sq,m2,5,ok,,028cfc0aa8d605846080d429401db4911bcb119661b2cf5567878fadd87a8eae
run5-tbt-2s/nazionale,nazionale,2,190,191,16,c1,16RTwvjtNu8oaPEx44dk78wbLYzWZCaTwHkKxd,m1,9,ok,,5bfe655576023dae3b7f11dc2cffa0f6d1b1ecb8bddca7324c3a4800326313c7
run5-tbt-2s/nazionale,nazionale,2,194,195,17,c2,1LffcfYRs8mVNfNV493VbkxS6mD9UAuc8gvhGz,m1,7,ok,,3a6313f4a6506dbc82474588e9eb4f16b3a79f91442ab2ecd5819b5028c1a788
run5-tbt-2s/nazionale,nazionale,2,194,195,17,c1,16RTwvjtNu8oaPEx44dk78wbLYzWZCaTwHkKxd,m1,10,ok,,46000b9e29a5c153be3eed984194eb514d032f01bc283c33171decd8e0041d1f
run5-tbt-2s/nazionale,nazionale,2,195,197,17,c5,1aVSyFhFdvV1dbdL22neKvqvCFxQX4rx68z1NL,m3,4,ok,,235981a6b510564d47e9375e0e47f433ef3e0eca822d54db6a2081bf187405c0
run5-tbt-2s/nazionale,nazionale,2,198,199,17,c4,15MfkrDvfK6QQHJVoqzG9HgScKc8XrzWYXa7Sk,m2,5,ok,,fabb003e9dfea5ab395821a3cda24dc0cf9637a78605020eb939ba26c47f35e1
run5-tbt-2s/nazionale,nazionale,2,198,199,17,c3,1NxMuHRzQZoNq73HEYjXVA5qpYJV4MZDtF25sq,m2,6,ok,,9f833bae39fd65b45a3e238aed8341c3bd32d7b466a439bb7703160ae9fd3d5b
run5-tbt-2s/nazionale,nazionale,2,198,199,17,c1,16RTwvjtNu8oaPEx44dk78wbLYzWZCaTwHkKxd,m1,11,ok,,2810413685f14a9cae87827406790f91173b2abab6afe47158e416ba70a25780
run5-tbt-2s/nazionale,nazionale,2,199,200,17,c2,1LffcfYRs8mVNfNV493VbkxS6mD9UAuc8gvhGz,m1,8,ok,,736dc7d839aea1405893abfbfed01ca6362cf3ee968457bd39530398374b21b4
run5-tbt-2s/nazionale,nazionale,2,200,201,17,c1,16RTwvjtNu8oaPEx44dk78wbLYzWZCaTwHkKxd,m1,12,ok,,6b0ede12b48733b4a12bb2e791f5e924cbdd67807f03fb355ed1d7b173f36a53
run5-tbt-2s/nazionale,nazionale,2,203,204,18,c3,1NxMuHRzQZoNq73HEYjXVA5qpYJV4MZDtF25sq,m2,7,ok,,223d9cf2756f0e0574a2abb446a160a8f3e84167757ab3b119e7ae188ad8bf4f
run5-tbt-2s/nazionale,nazionale,2,203,204,18,c2,1LffcfYRs8mVNfNV493VbkxS6mD9UAuc8gvhGz,m1,9,ok,,394f17baf9416218db298995b84ddac582079216e45b8f44c95e6e1d3e0159e9
run5-tbt-2s/nazionale,nazionale,2,203,204,18,c1,16RTwvjtNu8oaPEx44dk78wbLYzWZCaTwHkKxd,m1,13,ok,,731115a48caa76c49ec3e8ed366a53f8c672b435ef52c047a7b5d7fbd05c1ddf
run5-tbt-2s/nazionale,nazionale,2,204,205,18,c5,1aVSyFhFdvV1dbdL22neKvqvCFxQX4rx68z1NL,m3,5,ok,,a64b2ad9fa7e3ba281be8294dbed8cf6591eebdd6c53a493d4e449b3bc59cb16
run5-tbt-2s/nazionale,nazionale,2,204,205,18,c4,15MfkrDvfK6QQHJVoqzG9HgScKc8XrzWYXa7Sk,m2,6,ok,,be8acf6acc3b10d81df42fe6b489c03980867c84d0ad2aef9e7afcc8515cc97e
run5-tbt-2s/nazionale,nazionale,2,205,207,18,c1,16RTwvjtNu8oaPEx44dk78wbLYzWZCaTwHkKxd,m1,14,ok,,fe316e774e5459cdf8bda619e43b1aa8522af45c73f307b93a92935049852d23
run5-tbt-2s/nazionale,nazionale,2,207,208,18,c2,1LffcfYRs8mVNfNV493VbkxS6mD9UAuc8gvhGz,m1,10,ok,,b5e16dda524ea5d9204cf494e319e16bc9c8fd7bef5c239a8a5c44a76e287e43
run5-tbt-2s/nazionale,nazionale,2,208,209,18,c3,1NxMuHRzQZoNq73HEYjXVA5qpYJV4MZDtF25sq,m2,8,ok,,e011e152f3acbee0757fef8ccbb048cef9eb7d79ddbd54f4f8057ee00eb6b2f7
run5-tbt-2s/nazionale,nazionale,2,208,209,18,c1,16RTwvjtNu8oaPEx44dk78wbLYzWZCaTwHkKxd,m1,15,ok,,c221497510afb5ed55c541f21ce4d74b7d3aaee65be25a3324569c7cb076bef1
run5-tbt-2s/nazionale,nazionale,2,211,212,18,c4,15MfkrDvfK6QQHJVoqzG9HgScKc8XrzWYXa7Sk,m2,7,ok,,091d5917cbd4b58b5d8bd58bfa6f692de89519a8ca5b9748391bb43005a6004d
run5-tbt-2s/nazionale,nazionale,2,211,212,18,c2,1LffcfYRs8mVNfNV493VbkxS6mD9UAuc8gvhGz,m1,11,ok,,9c078748f748e7bedd4bd8d4c6330c0d2fb08452fcf817edae76c7d34edd3310
run5-tbt-2s/nazionale,nazionale,2,211,212,18,c1,16RTwvjtNu8oaPEx44dk78wbLYzWZCaTwHkKxd,m1,16,ok,,2d1503fae92b070a213bd3c0f317dabe38ef7928922b4ab1cd4f707b630a2f07
run5-tbt-2s/nazionale,nazionale,2,213,214,18,c5,1aVSyFhFdvV1dbdL22neKvqvCFxQX4rx68z1NL,m3,6,ok,,7555e2da66752bed06b1f4499b39f168137147d62be45a728abac139947d010e
run5-tbt-2s/nazionale,nazionale,2,214,215,18,c3,1NxMuHRzQZoNq73HEYjXVA5qpYJV4MZDtF25sq,m2,9,ok,,c95a6a0c085e8b3e1592802bfd684ff5aadf984922324279cb8723d995d2d131
run5-tbt-2s/nazionale,nazionale,2,214,215,18,c1,16RTwvjtNu8oaPEx44dk78wbLYzWZCaTwHkKxd,m1,17,ok,,d2e5eb1b64819ec331030ba670b617cec617583dbdd8ae5e77bcb0e389b2858e
run5-tbt-2s/nazionale,nazionale,2,215,216,19,c2,1LffcfYRs8mVNfNV493VbkxS6mD9UAuc8gvhGz,m1,12,ok,,f5af809c742ac071d509bc1c7c724b856c3c8b49c5ef3414f34f859547ab950e
run5-tbt-2s/nazionale,nazionale,2,216,218,19,c1,16RTwvjtNu8oaPEx44dk78wbLYzWZCaTwHkKxd,m1,18,ok,,c48817c473ad7d2ce34f52e058c0f1830360f78480e058207a326d85e1e0c52e
run5-tbt-2s/nazionale,nazionale,2,218,220,19,c4,15MfkrDvfK6QQHJVoqzG9HgScKc8XrzWYXa7Sk,m2,8,ok,,3c0ff70c71c58be02bee23078891ca0905e06b90a4d7d98c716a7b8c25509464
run5-tbt-2s/nazionale,nazionale,2,219,221,19,c3,1NxMuHRzQZoNq73HEYjXVA5qpYJV4MZDtF25sq,m2,10,ok,,4e1c03b7f1c00dec152f319e126fb69d704b6ec761bbdbdbc8f7324f409c2929
run5-tbt-2s/nazionale,nazionale,2,220,221,19,c2,1LffcfYRs8mVNfNV493VbkxS6mD9UAuc8gvhGz,m1,13,ok,,f836963034ba75810cf6080698dbb5c302da71bd41af9d6d8825ad022659b934
run5-tbt-2s/nazionale,nazionale,2,219,221,19,c1,16RTwvjtNu8oaPEx44dk78wbLYzWZCaTwHkKxd,m1,19,ok,,07e3e199e5fbc7896b84bc9e8a225e0210d2cd759ecbadbcd4599eb43b561ea4
run5-tbt-2s/nazionale,nazionale,2,222,223,19,c5,1aVSyFhFdvV1dbdL22neKvqvCFxQX4rx68z1NL,m3,7,ok,,fc4ae76e322147a937bd86be343b9ee8f1f8a33c58452bbc68244de5f6596695
run5-tbt-2s/nazionale,nazionale,2,223,224,19,c1,16RTwvjtNu8oaPEx44dk78wbLYzWZCaTwHkKxd,m1,20,ok,,882fde58ebfb08b8c0deff4881ce1c9011da81c67ba2497fbc085cb800d3f9b9
run5-tbt-2s/nazionale,nazionale,2,224,226,19,c2,1LffcfYRs8mVNfNV493VbkxS6mD9UAuc8gvhGz,m1,14,ok,,33f45f65143f1be325a383e2ed58f7d6671531814796fcb8fc117e20a79bbab9
run5-tbt-2s/nazionale,nazionale,2,226,228,20,c4,15MfkrDvfK6QQHJVoqzG9HgScKc8XrzWYXa7Sk,m2,9,ok,,85f635a9d0206fdb8fb8f10600cf535dba5be177a44d3dc84c2449970d0fbda5
run5-tbt-2s/nazionale,nazionale,2,226,228,20,c3,1NxMuHRzQZoNq73HEYjXVA5qpYJV4MZDtF25sq,m2,11,ok,,638a1bb414ea019e2622ff33ef2b8d25a137fecc7756deaa8dfc1195b0705617
run5-tbt-2s/nazionale,nazionale,2,226,228,20,c1,16RTwvjtNu8oaPEx44dk78wbLYzWZCaTwHkKxd,m1,21,ok,,6488d5cc0ec8bccecb6e4f17cb5d9ccd56beb6fd64fe4671b2e5df9831825edb
run5-tbt-2s/nazionale,nazionale,2,230,231,20,c2,1LffcfYRs8mVNfNV493VbkxS6mD9UAuc8gvhGz,m1,15,ok,,ad52181b48a7d64fcee6e4380f0559d9697e6f3545af407af38d35cdb056f266
run5-tbt-2s/nazionale,nazionale,2,230,231,20,c1,16RTwvjtNu8oaPEx44dk78wbLYzWZCaTwHkKxd,m1,22,ok,,21cb84d9bb201cad2334c4776d10792905e54a813e2e7b778cd0fdec078c70ff
run5-tbt-2s/nazionale,nazionale,2,233,234,20,c5,1aVSyFhFdvV1dbdL22neKvqvCFxQX4rx68z1NL,m3,8,ok,,6ed1d3fee4825d609eaf79f9a191fa6577fc5554f07a54d1aed0c1c12ae79ef1
run5-tbt-2s/nazionale,nazionale,2,233,235,20,c3,1NxMuHRzQZoNq73HEYjXVA5qpYJV4MZDtF25sq,m2,12,ok,,bbb03bd97f0b4fb2f33d66d51f984fa25e182111c4110fa062682a048895c172
run5-tbt-2s/nazionale,nazionale,2,233,235,20,c1,16RTwvjtNu8oaPEx44dk78wbLYzWZCaTwHkKxd,m1,23,ok,,035c73f1367ba7f999c8c3ac884ed1bf6d927fae43d11953147cbf3cad27e74b
run5-tbt-2s/nazionale,nazionale,2,235,236,20,c4,15MfkrDvfK6QQHJVoqzG9HgScKc8XrzWYXa7Sk,m2,10,ok,,28a2703a8e6be03e0600997270eab8f324cb90accd5b11194de5ceab67b73eab
run5-tbt-2s/nazionale,nazionale,2,235,236,20,c2,1LffcfYRs8mVNfNV493VbkxS6mD9UAuc8gvhGz,m1,16,ok,,ab87a2fcabe381d9b983bedf340eb60b987211e561951ed140cbb0413439b8c4
run5-tbt-2s/nazionale,nazionale,2,236,237,20,c1,16RTwvjtNu8oaPEx44dk78wbLYzWZCaTwHkKxd,m1,24,ok,,866bedb929acd9ebd625635002f8a49dc573ff047e7b778ceffdcff62724d27a
run5-tbt-2s/nazionale,nazionale,2,239,240,21,c3,1NxMuHRzQZoNq73HEYjXVA5qpYJV4MZDtF25sq,m2,13,ok,,0cff523ca4d9b0aea62bff10b82b8f8a0ffcf2205b9aa195b437ebe5aaf7b5f6
run5-tbt-2s/nazionale,nazionale,2,239,240,21,c2,1LffcfYRs8mVNfNV493VbkxS6mD9UAuc8gvhGz,m1,17,ok,,6e48f2bbb7c9913400984cc1ab6b249764eaae800776a0cec1ab4e23c0b98724
run5-tbt-2s/nazionale,nazionale,2,239,240,21,c1,16RTwvjtNu8oaPEx44dk78wbLYzWZCaTwHkKxd,m1,25,ok,,2621d5056d63ff7efb17251abeddef12032f145a05aa1a7f8f60acbdb32224f2
run5-tbt-2s/nazionale,nazionale,2,243,244,21,c5,1aVSyFhFdvV1dbdL22neKvqvCFxQX4rx68z1NL,m3,9,ok,,7158b00718d7165291ee5ad64970e76547abc12c4a31a6c2b240534abefec9c5
run5-tbt-2s/nazionale,nazionale,2,243,244,21,c4,15MfkrDvfK6QQHJVoqzG9HgScKc8XrzWYXa7Sk,m2,11,ok,,98619863fa124bf3fa14e5022199ce94637118e2750cac64cbdbff14b06cd8a9
run5-tbt-2s/nazionale,nazionale,2,243,244,21,c1,16RTwvjtNu8oaPEx44dk78wbLYzWZCaTwHkKxd,m1,26,ok,,9bcc47164de2accf9c08947fe5b546b647fe78c0aaa07fd9943042685aa16625
run5-tbt-2s/nazionale,nazionale,2,244,246,21,c2,1LffcfYRs8mVNfNV493VbkxS6mD9UAuc8gvhGz,m1,18,ok,,43b78c4831ed14872c8a0b49cc446784321483d356e1ad6de1c4d8d8b19976e6
run5-tbt-2s/nazionale,nazionale,2,246,247,21,c3,1NxMuHRzQZoNq73HEYjXVA5qpYJV4MZDtF25sq,m2,14,ok,,9c81a873029fef5e053494b4d5ec275675d5dc95bad48f8dbe9cea9b8f29524a
run5-tbt-2s/nazionale,nazionale,2,246,247,21,c1,16RTwvjtNu8oaPEx44dk78wbLYzWZCaTwHkKxd,m1,27,ok,,3e304155b7f41f675990e6bfea4e7855b063cddfdc610ad01d8d9a7bac49c1c9
run5-tbt-2s/nazionale,nazionale,2,249,250,21,c2,1LffcfYRs8mVNfNV493VbkxS6mD9UAuc8gvhGz,m1,19,ok,,ad388abd702ec0d4e2dd31b8cf5f702448f8a0764273484f944da1c538a38707
run5-tbt-2s/nazionale,nazionale,2,249,250,21,c1,16RTwvjtNu8oaPEx44dk78wbLYzWZCaTwHkKxd,m1,28,ok,,df91cd159e8924915ff8a62c165cfc3dc0d3a82b283671667112d8be5fd9df0f
run5-tbt-2s/nazionale,nazionale,2,250,252,22,c4,15MfkrDvfK6QQHJVoqzG9HgScKc8XrzWYXa7Sk,m2,12,ok,,c58301dd1a8abd51c56136c2dc40ecab4eccd03a3b4b942358e07959245f8e7c
run5-tbt-2s/nazionale,nazionale,2,252,254,22,c3,1NxMuHRzQZoNq73HEYjXVA5qpYJV4MZDtF25sq,m2,15,ok,,0af1ce1b67096da2bba617a07a4a81a1694ed0eefaaa59446da3d939f85417a4
run5-tbt-2s/nazionale,nazionale,2,252,254,22,c1,16RTwvjtNu8oaPEx44dk78wbLYzWZCaTwHkKxd,m1,29,ok,,14e52e5fc888edb39bfa39f1b7edc715ae52e255ceea32372556cb2dff7799bc
run5-tbt-2s/nazionale,nazionale,2,253,254,22,c5,1aVSyFhFdvV1dbdL22neKvqvCFxQX4rx68z1NL,m3,10,ok,,fe7895916c2b5a91893bb98e26e0cb6d9d71b350654e73f004e7fe6db0dcaa1c
run5-tbt-2s/nazionale,nazionale,2,254,255,22,c2,1LffcfYRs8mVNfNV493VbkxS6mD9UAuc8gvhGz,m1,20,ok,,47236816a61cbd21579fa495608c080e9cb6b46115558c6dea4298111dd85998
run5-tbt-2s/nazionale,nazionale,2,255,256,22,c1,16RTwvjtNu8oaPEx44dk78wbLYzWZCaTwHkKxd,m1,30,ok,,07ba97fb29f47e28d20136882a8d994ba2a6dbcd496aa89a5aea29120f86a0b0
run5-tbt-2s/nazionale,nazionale,2,258,259,22,c4,15MfkrDvfK6QQHJVoqzG9HgScKc8XrzWYXa7Sk,m2,13,ok,,c77007dd950ccffcf9b8952134271d008b5a065c0dd7b762545c6935c1e4d72a
run5-tbt-2s/nazionale,nazionale,2,258,259,22,c3,1NxMuHRzQZoNq73HEYjXVA5qpYJV4MZDtF25sq,m2,16,ok,,83445fa3111f51abbb7e4bbe5691a51dcdbe57e99f27517e586f7d1befae072f
run5-tbt-2s/nazionale,nazionale,2,258,259,22,c2,1LffcfYRs8mVNfNV493VbkxS6mD9UAuc8gvhGz,m1,21,ok,,6738c54566d0b0764dfcb534bacb41001ae7cd56cd136fa7126d684e32f25d35
run5-tbt-2s/nazionale,nazionale,2,258,259,22,c1,16RTwvjtNu8oaPEx44dk78wbLYzWZCaTwHkKxd,m1,31,ok,,00127c099fe1d33a8c82390a9cd7f86f3a2dcf3c7e56e8e9e38730402bec0358
run5-tbt-2s/nazionale,nazionale,2,261,262,22,c1,16RTwvjtNu8oaPEx44dk78wbLYzWZCaTwHkKxd,m1,32,ok,,1b0b279a0d06fcd9aa0227d62cf503861fdffc1d75f4fbcbe1c62f755d82ddef
run5-tbt-2s/nazionale,nazionale,2,261,263,22,c5,1aVSyFhFdvV1dbdL22neKvqvCFxQX4rx68z1NL,m3,11,ok,,cc4e0615d0c542682f85096ee866a5a16339159d07d1c5f7037c626c294130c7
run5-tbt-2s/nazionale,nazionale,2,262,263,22,c2,1LffcfYRs8mVNfNV493VbkxS6mD9UAuc8gvhGz,m1,22,ok,,75ce9326916f5782efbbb442e553be4819450c9f493be9edfb699058a7b0bd5f
run5-tbt-2s/nazionale,nazionale,2,264,265,23,c3,1NxMuHRzQZoNq73HEYjXVA5qpYJV4MZDtF25sq,m2,17,ok,,ff273eabf3aa76798d121d95df63b426bbb39010bf0b78cff9c3534a3a476ea2
run5-tbt-2s/nazionale,nazionale,2,264,265,23,c1,16RTwvjtNu8oaPEx44dk78wbLYzWZCaTwHkKxd,m1,33,ok,,ff48fc9016048af50139c9d7cd858958e70e20a378a06d9a6193fbebde44e089
run5-tbt-2s/nazionale,nazionale,2,265,267,23,c4,15MfkrDvfK6QQHJVoqzG9HgScKc8XrzWYXa7Sk,m2,14,ok,,025d80a623909cc7643c0a2f30c5b6c1b43ae77e5db5fe3240f2e36d1cb1cfe2
run5-tbt-2s/nazionale,nazionale,2,267,269,23,c2,1LffcfYRs8mVNfNV493VbkxS6mD9UAuc8gvhGz,m1,23,ok,,15c755c42944bb0cf7caf2289ab17920c19d32144f2a93779f0926b6bbf1cb12
run5-tbt-2s/nazionale,nazionale,2,267,269,23,c1,16RTwvjtNu8oaPEx44dk78wbLYzWZCaTwHkKxd,m1,34,ok,,ea7bb2466d542d68f771e45202cc8ed194952c2a3ce50008893d3b94594ea615
run5-tbt-2s/nazionale,nazionale,2,270,272,23,c3,1NxMuHRzQZoNq73HEYjXVA5qpYJV4MZDtF25sq,m2,18,ok,,dbca893826c4dff7acc4c0e91543587ee8d448013505205203538e8cc7b58f33
run5-tbt-2s/nazionale,nazionale,2,270,272,23,c1,16RTwvjtNu8oaPEx44dk78wbLYzWZCaTwHkKxd,m1,35,ok,,82d3a07e459f33971ed9e64c19b5022e2d8b744e02ff62e2839dc33367e40fb3
run5-tbt-2s/nazionale,nazionale,2,272,273,23,c5,1aVSyFhFdvV1dbdL22neKvqvCFxQX4rx68z1NL,m3,12,ok,,d23b6ff74e587c9a16be55a5a7c8b461b498288060ea5ccf07a7eb58d7e3dc71
run5-tbt-2s/nazionale,nazionale,2,272,274,23,c2,1LffcfYRs8mVNfNV493VbkxS6mD9UAuc8gvhGz,m1,24,ok,,8fd4d7380e52ec8ac956da611c5b41e33be31d1b4b7d31b869637836f72ce24c
run5-tbt-2s/nazionale,nazionale,2,274,275,23,c4,15MfkrDvfK6QQHJVoqzG9HgScKc8XrzWYXa7Sk,m2,15,ok,,45d12b049ff5c670815b267ee83253be3c957893753b80cd4fb827c3c011529b
run5-tbt-2s/nazionale,nazionale,2,274,275,23,c1,16RTwvjtNu8oaPEx44dk78wbLYzWZCaTwHkKxd,m1,36,ok,,6c44b2a16233c6a20d9f5206065d3d5ac3cc0cc038ea21b6ae0efba74ff8898e
run5-tbt-2s/nazionale,nazionale,2,277,278,24,c3,1NxMuHRzQZoNq73HEYjXVA5qpYJV4MZDtF25sq,m2,19,ok,,faf1237945ff62fac4c957cac457b5567759268e120f21c4f12a77f58d3f0f80
run5-tbt-2s/nazionale,nazionale,2,277,278,24,c2,1LffcfYRs8mVNfNV493VbkxS6mD9UAuc8gvhGz,m1,25,ok,,19155deca6d6db9f8bc4c9052952526ba9ba1bdaef49b920989c15b10762fb4e
run5-tbt-2s/nazionale,nazionale,2,277,278,24,c1,16RTwvjtNu8oaPEx44dk78wbLYzWZCaTwHkKxd,m1,37,ok,,2a5b0a8eb3e2e79cb6f2fda98447f5e4f4adf690d59a0ce0a8d224299007db6e
run5-tbt-2s/nazionale,nazionale,2,280,281,24,c1,16RTwvjtNu8oaPEx44dk78wbLYzWZCaTwHkKxd,m1,38,ok,,3ee8761f68f49e34147c4745f39e619a58639fdf255d020f898231ee7adc3bfe
run5-tbt-2s/nazionale,nazionale,2,281,282,24,c5,1aVSyFhFdvV1dbdL22neKvqvCFxQX4rx68z1NL,m3,13,ok,,837a567d10cafbd138bd3df13a48d1ba4653c715f0968415c1473f889fefdc3b
run5-tbt-2s/nazionale,nazionale,2,281,282,24,c4,15MfkrDvfK6QQHJVoqzG9HgScKc8XrzWYXa7Sk,m2,16,ok,,b32894a460858b61f3922d2b7ef8ee3b5f2dfd2a0ababa230297d61d6f289021
run5-tbt-2s/nazionale,nazionale,2,281,282,24,c2,1LffcfYRs8mVNfNV493VbkxS6mD9UAuc8gvhGz,m1,26,ok,,af7c48b9ad634975d7728bbdb41550fbeb3d55e543e34415d8a4d326a1cc6e94
run5-tbt-2s/nazionale,nazionale,2,282,283,24,c3,1NxMuHRzQZoNq73HEYjXVA5qpYJV4MZDtF25sq,m2,20,ok,,799c05c42e996e489a82d123015840fc8ab0fc60bbc608a78fe8e2b976813cbd
run5-tbt-2s/nazionale,nazionale,2,282,283,24,c1,16RTwvjtNu8oaPEx44dk78wbLYzWZCaTwHkKxd,m1,39,ok,,e5e0a57358ef7880b59b308f7294b3502b3cf204e5f44f1f2c20515ae227ab5c
run5-tbt-2s/nazionale,nazionale,2,285,286,24,c2,1LffcfYRs8mVNfNV493VbkxS6mD9UAuc8gvhGz,m1,27,ok,,779ecc9344bd2aca28dbb997de4a120fda2b2633d3996d9cf54e2133365a493b
run5-tbt-2s/nazionale,nazionale,2,285,286,24,c1,16RTwvjtNu8oaPEx44dk78wbLYzWZCaTwHkKxd,m1,40,ok,,197f08e60f135b13e49575c64616b3eb11f8060cf0ffe32cbb19b4e21faad5ee
run5-tbt-2s/nazionale,nazionale,2,289,290,25,c4,15MfkrDvfK6QQHJVoqzG9HgScKc8XrzWYXa7Sk,m2,17,ok,,0b2b0b1f3b78075707e6b4fea2602cde3f95c6e586b4625ca0f4cc3baea2b45d
run5-tbt-2s/nazionale,nazionale,2,289,290,25,c3,1NxMuHRzQZoNq73HEYjXVA5qpYJV4MZDtF25sq,m2,21,ok,,69d34075d8a66a6848d2461b7b42a3e5ceaafe0447510821e23778685c76785a
run5-tbt-2s/nazionale,nazionale,2,289,290,25,c1,16RTwvjtNu8oaPEx44dk78wbLYzWZCaTwHkKxd,m1,41,ok,,c5fc74bbc8b681c9a0982de6dd3a0580c542e846bc95db0ec794b164f386fdfc
run5-tbt-2s/nazionale,nazionale,2,290,292,25,c2,1LffcfYRs8mVNfNV493VbkxS6mD9UAuc8gvhGz,m1,28,ok,,6562da266e49410b7aa70e8987776a79249507d43d79611a941ff58af91cb40e
run5-tbt-2s/nazionale,nazionale,2,291,292,25,c5,1aVSyFhFdvV1dbdL22neKvqvCFxQX4rx68z1NL,m3,14,ok,,8b7d3e11426dd83c890d36c6ba63b1c03afc80705058dc1898b443024026f130
run5-tbt-2s/nazionale,nazionale,2,292,293,25,c1,16RTwvjtNu8oaPEx44dk78wbLYzWZCaTwHkKxd,m1,42,ok,,bf5ba364dbbd10846268dba25644fe798dd005f660c9e922f70f304fa4358372
run5-tbt-2s/nazionale,nazionale,2,294,296,25,c3,1NxMuHRzQZoNq73HEYjXVA5qpYJV4MZDtF25sq,m2,22,ok,,678a4472e0ffefa87d41271c724602f9d94ed4995d990f01fe289c2a35cbb5d4
run5-tbt-2s/nazionale,nazionale,2,295,296,25,c2,1LffcfYRs8mVNfNV493VbkxS6mD9UAuc8gvhGz,m1,29,ok,,92ff7c42e7a6b5cb249a1a6f63953725abcada167b24a866d49cdcd535cd6d56
run5-tbt-2s/nazionale,nazionale,2,295,296,25,c1,16RTwvjtNu8oaPEx44dk78wbLYzWZCaTwHkKxd,m1,43,ok,,b360931e8ff42f1fd8ff71303de4b8406e2d30b30d48181e9c810fbfd61af0b4
run5-tbt-2s/nazionale,nazionale,2,296,297,25,c4,15MfkrDvfK6QQHJVoqzG9HgScKc8XrzWYXa7Sk,m2,18,ok,,5bbf77bc1d5c4876275973a70447f78a4ac0a4ecd12102dc1be138bdd5b0891f
run5-tbt-2s/nazionale,nazionale,2,297,298,25,c1,16RTwvjtNu8oaPEx44dk78wbLYzWZCaTwHkKxd,m1,44,ok,,bd416410dc61d114892155c72ca27a4b528fff502d193fc25574c046b0cd893f
run5-tbt-2s/nazionale,nazionale,2,299,300,26,c2,1LffcfYRs8mVNfNV493VbkxS6mD9UAuc8gvhGz,m1,30,ok,,33ef7ebff5ce497ef505800e24960a652d4644a8067b1d4c0fff1b5aecb4fa40
run5-tbt-2s/nazionale,nazionale,2,299,301,26,c5,1aVSyFhFdvV1dbdL22neKvqvCFxQX4rx68z1NL,m3,15,ok,,020c3c3af2bd92b1d96a4c8b24e8fc863ed6c53dd38c67d90ce6ee47315cc71f
run5-tbt-2s/nazionale,nazionale,2,300,302,26,c3,1NxMuHRzQZoNq73HEYjXVA5qpYJV4MZDtF25sq,m2,23,ok,,465f65fd2e60c1faecf1ddb6217c6d4fb088bbe3992df194d3ce71cbd33dbc05
run5-tbt-2s/nazionale,nazionale,2,300,302,26,c1,16RTwvjtNu8oaPEx44dk78wbLYzWZCaTwHkKxd,m1,45,ok,,53169576f784a26c04feca487e3104d196503c393eee3fff35fb8f12173b696c
run5-tbt-2s/nazionale,nazionale,2,304,305,26,c4,15MfkrDvfK6QQHJVoqzG9HgScKc8XrzWYXa7Sk,m2,19,ok,,2fcc011abd0f96eacf08454f3bc691de385008f0ae979a0ddb4bbd0191ef56a6
run5-tbt-2s/nazionale,nazionale,2,304,305,26,c2,1LffcfYRs8mVNfNV493VbkxS6mD9UAuc8gvhGz,m1,31,ok,,d517f88dd2a413fcd78775905d34081012502f0a6580b1763f8508b1cb135930
run5-tbt-2s/nazionale,nazionale,2,304,305,26,c1,16RTwvjtNu8oaPEx44dk78wbLYzWZCaTwHkKxd,m1,46,ok,,6c2db3bacd5d12e6ed818d4281bd1730758396c73cefb28f5b10c786ae14f8d6
run5-tbt-2s/nazionale,nazionale,2,307,308,26,c3,1NxMuHRzQZoNq73HEYjXVA5qpYJV4MZDtF25sq,m2,24,ok,,bd15bc775ceb679f35a3026eaced5f3d2ccf35141f88d6c9d0cd83fc71318e4e
run5-tbt-2s/nazionale,nazionale,2,307,308,26,c1,16RTwvjtNu8oaPEx44dk78wbLYzWZCaTwHkKxd,m1,47,ok,,7e0ff996de22b04ed85c9d1c79e4ac12a6ad5badc42c0068dcf1f9a54651dcf2
run5-tbt-2s/nazionale,nazionale,2,309,310,26,c2,1LffcfYRs8mVNfNV493VbkxS6mD9UAuc8gvhGz,m1,32,ok,,a3c835f176404813edaa3fc8fe20401f83d78dfcb24669477e8b8e4ce7955d3d
run5-tbt-2s/nazionale,nazionale,2,310,311,26,c5,1aVSyFhFdvV1dbdL22neKvqvCFxQX4rx68z1NL,m3,16,ok,,a4a0c59bb7712f09eed84250ece00cc55617a8660fe8c9670ba87d02d9fbe132
run5-tbt-2s/nazionale,nazionale,2,311,312,27,c1,16RTwvjtNu8oaPEx44dk78wbLYzWZCaTwHkKxd,m1,48,ok,,96625f9dd67d95e467f321ab0dbce132dc44daf15f1f7efbeaea0640b8c4b1b7
run5-tbt-2s/nazionale,nazionale,2,312,314,27,c4,15MfkrDvfK6QQHJVoqzG9HgScKc8XrzWYXa7Sk,m2,20,ok,,4e1964b5142d15c387dd8b67ba9d9107f4981ecc7fa65c2e2f97421dde1391eb
run5-tbt-2s/nazionale,nazionale,2,314,315,27,c3,1NxMuHRzQZoNq73HEYjXVA5qpYJV4MZDtF25sq,m2,25,ok,,751231045f54a9c5dc5d60eb5ad42bd011ba640f6d80406200cbd7d0768a7e38
run5-tbt-2s/nazionale,nazionale,2,314,315,27,c2,1LffcfYRs8mVNfNV493VbkxS6mD9UAuc8gvhGz,m1,33,ok,,ecb60e36424693affe3fc9962c1059bcb1d0c433f80122a084a4c1bcae619a3b
run5-tbt-2s/nazionale,nazionale,2,314,315,27,c1,16RTwvjtNu8oaPEx44dk78wbLYzWZCaTwHkKxd,m1,49,ok,,fe770e9010c0c1948367dad03ab21e6a243edec48a6e20b013d6564650eda1a9
run5-tbt-2s/nazionale,nazionale,2,317,318,27,c1,16RTwvjtNu8oaPEx44dk78wbLYzWZCaTwHkKxd,m1,50,ok,,3f1dd3d4a0a099b55a05343f5d611f375fd1c93d318ec15ba506a61051c6d636
run5-tbt-2s/nazionale,nazionale,2,318,319,27,c2,1LffcfYRs8mVNfNV493VbkxS6mD9UAuc8gvhGz,m1,34,ok,,a997021bcbf3c93b48f10a5f6f29f44b4a5b52f3953738cad5ba8b8a5bef7266
run5-tbt-2s/nazionale,nazionale,2,319,321,27,c5,1aVSyFhFdvV1dbdL22neKvqvCFxQX4rx68z1NL,m3,17,ok,,6f9bd9a037e02863382d60913cd46a4a1e2d4cb16ea8d83b7fc7fa53b1492149
run5-tbt-2s/nazionale,nazionale,2,319,321,27,c4,15MfkrDvfK6QQHJVoqzG9HgScKc8XrzWYXa7Sk,m2,21,ok,,23a008e13b9cecf84e03bcc2c196ffd6e5c0247d26c10602dd50b5a660678cee
run5-tbt-2s/nazionale,nazionale,2,319,321,27,c3,1NxMuHRzQZoNq73HEYjXVA5qpYJV4MZDtF25sq,m2,26,ok,,9abf0a8e608265c798f15e09a5511ce518c53537bfa5791ff6d3b02c587cb43f
run5-tbt-2s/nazionale,nazionale,2,319,321,27,c1,16RTwvjtNu8oaPEx44dk78wbLYzWZCaTwHkKxd,m1,51,ok,,679ca898154ee1b6402d60ff79b57d52e15d0f9f818d7f8bafb04c0a1afd3ab1
run5-tbt-2s/nazionale,nazionale,2,323,324,28,c2,1LffcfYRs8mVNfNV493VbkxS6mD9UAuc8gvhGz,m1,35,ok,,f22cdc608d358c417fe08da5817657f3e0cacdbf07dcc7ea0da6930b44c6d00a
run5-tbt-2s/nazionale,nazionale,2,323,324,28,c1,16RTwvjtNu8oaPEx44dk78wbLYzWZCaTwHkKxd,m1,52,ok,,aa2531f43bf27691a1cd299996ab94f92fa8bb5e296146235d7252fed674ee11
run5-tbt-2s/nazionale,nazionale,2,325,326,28,c3,1NxMuHRzQZoNq73HEYjXVA5qpYJV4MZDtF25sq,m2,27,ok,,a8c2f5a865652d32d03339313a34c9ceb7cb29e2a5a0a30c19e42d900f3c53b8
run5-tbt-2s/nazionale,nazionale,2,325,326,28,c1,16RTwvjtNu8oaPEx44dk78wbLYzWZCaTwHkKxd,m1,53,ok,,696104eb53c3e59e2acaeef805faadcf3ae771d6899bfce96217b75e710a2d60
run5-tbt-2s/nazionale,nazionale,2,327,328,28,c4,15MfkrDvfK6QQHJVoqzG9HgScKc8XrzWYXa7Sk,m2,22,ok,,d9f5872a3830866b2c6bbb96d6082c7e6f5e9a477dd05bae610b37dbea8cb998
run5-tbt-2s/nazionale,nazionale,2,327,328,28,c2,1LffcfYRs8mVNfNV493VbkxS6mD9UAuc8gvhGz,m1,36,ok,,158670383354a5b7ee04a9c925c1d8f637115f3a1920f2882ac631f73102f496
run5-tbt-2s/nazionale,nazionale,2,329,330,28,c1,16RTwvjtNu8oaPEx44dk78wbLYzWZCaTwHkKxd,m1,54,ok,,cffdb7ce689d02f01b19af441a8414b25666a2b10ba4274577c78e31de916c2f
run5-tbt-2s/nazionale,nazionale,2,329,330,28,c5,1aVSyFhFdvV1dbdL22neKvqvCFxQX4rx68z1NL,m3,18,ok,,c0cb134d9f1e2ad269c072e8212a0d81c4f17f8520d59bc868cd60f931362513
run5-tbt-2s/nazionale,nazionale,2,332,333,28,c3,1NxMuHRzQZoNq73HEYjXVA5qpYJV4MZDtF25sq,m2,28,ok,,6a30e686b2ed7e53455c7484ba5e8c350343d274a48631f8f20066218252e0c9
run5-tbt-2s/nazionale,nazionale,2,332,333,28,c2,1LffcfYRs8mVNfNV493VbkxS6mD9UAuc8gvhGz,m1,37,ok,,044456cee3e4e84c3bc5c6ab8d915e929ef51c1e927abb1a3b94713306c28633
run5-tbt-2s/nazionale,nazionale,2,332,333,28,c1,16RTwvjtNu8oaPEx44dk78wbLYzWZCaTwHkKxd,m1,55,ok,,35d854d23594ef055392308588a4d5cc3703455c0522441c055e2adfe3380118
run5-tbt-2s/nazionale,nazionale,2,336,337,29,c4,15MfkrDvfK6QQHJVoqzG9HgScKc8XrzWYXa7Sk,m2,23,ok,,fa962a04a27a5e8504f94f461851e1fef4a7af6cc98d024de76339dbf417531d
run5-tbt-2s/nazionale,nazionale,2,336,337,29,c1,16RTwvjtNu8oaPEx44dk78wbLYzWZCaTwHkKxd,m1,56,ok,,495aafc21d1804d9b949322e90e7e433d9c6de4834eb6241975a387b559db490
run5-tbt-2s/nazionale,nazionale,2,337,339,29,c2,1LffcfYRs8mVNfNV493VbkxS6mD9UAuc8gvhGz,m1,38,ok,,2cb9f059019c8c76c287758d97fe908057aa224d11878673bd3f84b8cbace229
run5-tbt-2s/nazionale,nazionale,2,339,340,29,c3,1NxMuHRzQZoNq73HEYjXVA5qpYJV4MZDtF25sq,m2,29,ok,,30f42a6fd59fe5e64ac8aaac6153d39a7a1a5b61893600a8351c6171cd2e18ea
run5-tbt-2s/nazionale,nazionale,2,339,340,29,c1,16RTwvjtNu8oaPEx44dk78wbLYzWZCaTwHkKxd,m1,57,ok,,7db6a68baceac47237250b18bb3a41ab328ec3a79c9569e0b51ec0cbdec8c023
run5-tbt-2s/nazionale,nazionale,2,339,341,29,c5,1aVSyFhFdvV1dbdL22neKvqvCFxQX4rx68z1NL,m3,19,ok,,aba5233a6d63dca4eb21ae4b666c410df477a0bdddb2577ffb4328aa95e4a88f
run5-tbt-2s/nazionale,nazionale,2,341,343,29,c2,1LffcfYRs8mVNfNV493VbkxS6mD9UAuc8gvhGz,m1,39,ok,,a24bafb091dd6a4d5551817c7853ac93a6bf8be1551ebecb4932312489d753ef
run5-tbt-2s/nazionale,nazionale,2,341,343,29,c1,16RTwvjtNu8oaPEx44dk78wbLYzWZCaTwHkKxd,m1,58,ok,,869306c8435c51ca034a3e9ef812f1038c287b83d71afc573bb7f2f1d81cb3ca
run5-tbt-2s/nazionale,nazionale,2,343,344,29,c4,15MfkrDvfK6QQHJVoqzG9HgScKc8XrzWYXa7Sk,m2,24,ok,,c614edf74b62832415414682afda63e41cc5f3ee0bf23bafa4faebb8edf619e1
run5-tbt-2s/nazionale,nazionale,2,344,346,29,c3,1NxMuHRzQZoNq73HEYjXVA5qpYJV4MZDtF25sq,m2,30,ok,,c288e100ceb3f2092a63ffd8bb445953cab9c3f91deeccd7fa7dfe094d0e419e
run5-tbt-2s/nazionale,nazionale,2,344,346,29,c1,16RTwvjtNu8oaPEx44dk78wbLYzWZCaTwHkKxd,m1,59,ok,,e6d0f6d4b4581999b7d51c0708d6dfeabb502171f3ded1fe6b908cc15cd27ce5
run5-tbt-2s/nazionale,nazionale,2,346,347,29,c2,1LffcfYRs8mVNfNV493VbkxS6mD9UAuc8gvhGz,m1,40,ok,,c56225a06e3096dfd389861cd578e9a3fe553827e01ddf6f39bdef6862454486
run5-tbt-2s/nazionale,nazionale,2,347,349,30,c1,16RTwvjtNu8oaPEx44dk78wbLYzWZCaTwHkKxd,m1,60,ok,,87f00e5c20bc9de0d74bd43f5054919bbb2947355e284b8f394a34e21ec70f18
run5-tbt-2s/nazionale,nazionale,2,349,350,30,c5,1aVSyFhFdvV1dbdL22neKvqvCFxQX4rx68z1NL,m3,20,ok,,889b0ad9526542dff3c32a8315e709ad0e5f2822abfea661d416c1770100885f
run5-tbt-2s/nazionale,nazionale,2,350,352,30,c4,15MfkrDvfK6QQHJVoqzG9HgScKc8XrzWYXa7Sk,m2,25,ok,,861b0d6a96f6643904a10388d7f9a49294e4f4ff49efa7a44c5e50a2139e1e86
run5-tbt-2s/nazionale,nazionale,2,350,352,30,c3,1NxMuHRzQZoNq73HEYjXVA5qpYJV4MZDtF25sq,m2,31,ok,,2a4c2327682e629df71f6c0b88440672f481175e88ad3d9ef45762ee52cbab5c
run5-tbt-2s/nazionale,nazionale,2,350,352,30,c2,1LffcfYRs8mVNfNV493VbkxS6mD9UAuc8gvhGz,m1,41,ok,,2ed0fba396517a9629c8c0fd739b6a485114d51fb3e9c1e0435a962cfbf453c8
run5-tbt-2s/nazionale,nazionale,2,350,352,30,c1,16RTwvjtNu8oaPEx44dk78wbLYzWZCaTwHkKxd,m1,61,ok,,aefc2fba2761f0ae31396d8f8c0e4597276ee73207a7f6602cea1380627e1ed0
run5-tbt-2s/nazionale,nazionale,2,354,355,30,c1,16RTwvjtNu8oaPEx44dk78wbLYzWZCaTwHkKxd,m1,62,ok,,03b464a49a24bb4e238e615711ace4fbe6d32de33958ac77cab1ecc45f24e5ed
run5-tbt-2s/nazionale,nazionale,2,356,358,30,c2,1LffcfYRs8mVNfNV493VbkxS6mD9UAuc8gvhGz,m1,42,ok,,ccea2c4c17e9b08ee00447cdbe8018bc86f1e8ef4a7acc916face9e7d2533271
run5-tbt-2s/nazionale,nazionale,2,358,359,30,c3,1NxMuHRzQZoNq73HEYjXVA5qpYJV4MZDtF25sq,m2,32,ok,,f2e74ef4477ee657922950dbeb5e193d2c5de960c996fa1a89f206ad54420a04
run5-tbt-2s/nazionale,nazionale,2,358,359,30,c1,16RTwvjtNu8oaPEx44dk78wbLYzWZCaTwHkKxd,m1,63,ok,,b6040bb136771a11c4af505b84fd81c15e34e130530f50219d919cabc3e94de8
run5-tbt-2s/nazionale,nazionale,2,360,361,31,c5,1aVSyFhFdvV1dbdL22neKvqvCFxQX4rx68z1NL,m3,21,ok,,e570a02fc5caa24c463aeb89085be784b997ea6c52946f534c96d0ce4d91dc41
run5-tbt-2s/nazionale,nazionale,2,360,361,31,c4,15MfkrDvfK6QQHJVoqzG9HgScKc8XrzWYXa7Sk,m2,26,ok,,7c69d224777fd7e7dd9b3b28304a5be3c0a578d4d0c5f3cc4ac2aa25be3f55f6
run5-tbt-2s/nazionale,nazionale,2,361,362,31,c2,1LffcfYRs8mVNfNV493VbkxS6mD9UAuc8gvhGz,m1,43,ok,,f8033a6b50e0679899fd94d7c59eac1dc17cc00cbbbb3eedc46806649db80efc
run5-tbt-2s/nazionale,nazionale,2,361,362,31,c1,16RTwvjtNu8oaPEx44dk78wbLYzWZCaTwHkKxd,m1,64,ok,,67cd59fa0ae63080c863f4426158bbc00aa2517361c7050a6add723fe71f4c01
run5-tbt-2s/nazionale,nazionale,2,364,365,31,c3,1NxMuHRzQZoNq73HEYjXVA5qpYJV4MZDtF25sq,m2,33,ok,,6fa03fcf347c7a9911ed3d46f9cd20d178a1dd71d4568efa797a13b0cb3b1276
run5-tbt-2s/nazionale,nazionale,2,364,365,31,c1,16RTwvjtNu8oaPEx44dk78wbLYzWZCaTwHkKxd,m1,65,ok,,d1f73d61825b2513c92a5fae7a2fa8803d1fb173099857d36c55dcd54251b5fe
run5-tbt-2s/nazionale,nazionale,2,366,367,31,c2,1LffcfYRs8mVNfNV493VbkxS6mD9UAuc8gvhGz,m1,44,ok,,e8ee4231f9c9e1cb0946a62d24389f62dc04399f9f0094932e1f5dbeefa77073
run5-tbt-2s/nazionale,nazionale,2,367,368,31,c4,15MfkrDvfK6QQHJVoqzG9HgScKc8XrzWYXa7Sk,m2,27,ok,,96de41eda792e78342888dd82b0235639c7e9815826bd20b52f00a7a629a5c16
run5-tbt-2s/nazionale,nazionale,2,367,368,31,c1,16RTwvjtNu8oaPEx44dk78wbLYzWZCaTwHkKxd,m1,66,ok,,2c6e455ece5622b2a5ef160bbd3fa2f61932f46a0a28f1ab4a288f897b866c08
run5-tbt-2s/nazionale,nazionale,2,369,370,31,c5,1aVSyFhFdvV1dbdL22neKvqvCFxQX4rx68z1NL,m3,22,ok,,13eb412fb9c975bc7b4c327e3cd5a1fe855ebe75606673f50012960d80a133e0
run5-tbt-2s/nazionale,nazionale,2,370,371,31,c3,1NxMuHRzQZoNq73HEYjXVA5qpYJV4MZDtF25sq,m2,34,ok,,e6c92f8caaeeea235e1fb0b168ef3f48ae4d3ea5c4ff65a8b72219fd4f0780a3
run5-tbt-2s/nazionale,nazionale,2,370,371,31,c2,1LffcfYRs8mVNfNV493VbkxS6mD9UAuc8gvhGz,m1,45,ok,,74fb32533731697d1a70ed0ae7905e45641fb3edcc7c3070451566b54d8190fc
run5-tbt-2s/nazionale,nazionale,2,370,371,31,c1,16RTwvjtNu8oaPEx44dk78wbLYzWZCaTwHkKxd,m1,67,ok,,4804a88e7308c885a0f75b4e9a36b8a92a35fe7ed5262fc43cc1ef372588f164
run5-tbt-2s/nazionale,nazionale,2,373,375,32,c1,16RTwvjtNu8oaPEx44dk78wbLYzWZCaTwHkKxd,m1,68,ok,,84b4aa80ef5b9352452c7101edeaa3e4ee346f4e0b8d12d6e5b075b55cdb1ef1
run5-tbt-2s/nazionale,nazionale,2,374,376,32,c4,15MfkrDvfK6QQHJVoqzG9HgScKc8XrzWYXa7Sk,m2,28,ok,,95249a88e5f67cf7bce2bf3073d417248edc3b0fd43bbbef4d9e2bd4295a614d
run5-tbt-2s/nazionale,nazionale,2,374,376,32,c2,1LffcfYRs8mVNfNV493VbkxS6mD9UAuc8gvhGz,m1,46,ok,,06c1da67ba4bd0aa5dfc21ea082dcdce4b6c024458f935f2d6c35ad6c2e829c8
run5-tbt-2s/nazionale,nazionale,2,376,377,32,c3,1NxMuHRzQZoNq73HEYjXVA5qpYJV4MZDtF25sq,m2,35,ok,,8124aad1d9af1de7db5a0a695f18517ba6c25f5c4e92bca21365e562a8eaf25f
run5-tbt-2s/nazionale,nazionale,2,376,378,32,c1,16RTwvjtNu8oaPEx44dk78wbLYzWZCaTwHkKxd,m1,69,ok,,a9658fe38409b365600e10e78bfe50ac82242cfd1033374eda99ad563b34eac8
run5-tbt-2s/nazionale,nazionale,2,378,379,32,c5,1aVSyFhFdvV1dbdL22neKvqvCFxQX4rx68z1NL,m3,23,ok,,ce766f23192644ac946ec6d64b32c121721e90245388fa1d1952115a5a880d03
run5-tbt-2s/nazionale,nazionale,2,379,380,32,c2,1LffcfYRs8mVNfNV493VbkxS6mD9UAuc8gvhGz,m1,47,ok,,ca22d93b30f76d69520a56a0ae05031a7998edd5756fef7072d26e78b2c4f863
run5-tbt-2s/nazionale,nazionale,2,379,380,32,c1,16RTwvjtNu8oaPEx44dk78wbLYzWZCaTwHkKxd,m1,70,ok,,d80ce4e21d8ffb5d1b17da5cc49318cb3cada5e5b5aecb4dbed2342b5b30d868
run5-tbt-2s/nazionale,nazionale,2,382,383,32,c4,15MfkrDvfK6QQHJVoqzG9HgScKc8XrzWYXa7Sk,m2,29,ok,,a5bcb4a8260043052e08802b06d6f389c4922fd530da7bf21d7a5f777968e9a5
run5-tbt-2s/nazionale,nazionale,2,382,383,32,c3,1NxMuHRzQZoNq73HEYjXVA5qpYJV4MZDtF25sq,m2,36,ok,,6f26e6ff76df4011fe9c890398c0b1f2ba659e54633b886a2b491e1d1ff209bc
run5-tbt-2s/nazionale,nazionale,2,382,383,32,c1,16RTwvjtNu8oaPEx44dk78wbLYzWZCaTwHkKxd,m1,71,ok,,e7bc3cf33ef161a75256a871cae60a5f046fed6a9254018d1f5251a869641423
run5-tbt-2s/nazionale,nazionale,2,383,385,33,c2,1LffcfYRs8mVNfNV493VbkxS6mD9UAuc8gvhGz,m1,48,ok,,b0fac457b5abc8cc9aa7bdf46e1b14687249708989a0f731393b61f5a7f0c580
run5-tbt-2s/nazionale,nazionale,2,385,387,33,c1,16RTwvjtNu8oaPEx44dk78wbLYzWZCaTwHkKxd,m1,72,ok,,ed7d032acdd2e4235040099f3eaee8c1ea334857886f586664d12cb855edbc73
run5-tbt-2s/nazionale,nazionale,2,387,389,33,c5,1aVSyFhFdvV1dbdL22neKvqvCFxQX4rx68z1NL,m3,24,ok,,ff78625b00f0eb106805209a5ebe89a1a4b5aa2ef2d6b4a99026c1d2247eca1b
run5-tbt-2s/nazionale,nazionale,2,388,389,33,c3,1NxMuHRzQZoNq73HEYjXVA5qpYJV4MZDtF25sq,m2,37,ok,,06a71eab243e78a025dc4a1598314fe12d94ad143e2a89ab9a7a3b416dcf3c93
run5-tbt-2s/nazionale,nazionale,2,388,389,33,c2,1LffcfYRs8mVNfNV493VbkxS6mD9UAuc8gvhGz,m1,49,ok,,5c0f6f99ba3ac9d200e2e28ea17fae3f6e3fa72cc32d941bb7086bee631aa8b7
run5-tbt-2s/nazionale,nazionale,2,388,389,33,c1,16RTwvjtNu8oaPEx44dk78wbLYzWZCaTwHkKxd,m1,73,ok,,3099b9908897b2c9f678019873f7d92dbf4bded7fb835a650e6585a3b435a495
run5-tbt-2s/nazionale,nazionale,2,389,391,33,c4,15MfkrDvfK6QQHJVoqzG9HgScKc8XrzWYXa7Sk,m2,30,ok,,bb104c2623b6facd95b537d5332bd13abb0ce88408bf39103bbae224aeb148e6
run5-tbt-2s/nazionale,nazionale,2,391,392,33,c1,16RTwvjtNu8oaPEx44dk78wbLYzWZCaTwHkKxd,m1,74,ok,,3d0b096ac8c15e420c2ada2337d3dea43e3e8bdb30f714637aa895fccc5a71a4
run5-tbt-2s/nazionale,nazionale,2,392,394,33,c2,1LffcfYRs8mVNfNV493VbkxS6mD9UAuc8gvhGz,m1,50,ok,,23ae322a522cbc5655cbf316765291f6ffb63fab1d963c6a103208a45b8660c3
run5-tbt-2s/nazionale,nazionale,2,394,395,33,c3,1NxMuHRzQZoNq73HEYjXVA5qpYJV4MZDtF25sq,m2,38,ok,,6a29b43c63faa65ddb99427dcc1793ba7101c8de88041f12ec50602b974c6eb5
run5-tbt-2s/nazionale,nazionale,2,394,395,33,c1,16RTwvjtNu8oaPEx44dk78wbLYzWZCaTwHkKxd,m1,75,ok,,0b31c7ec1a0892d8794e8054fc7e9da082e24f7139c99c0452dd4ff1b9382554
run5-tbt-2s/nazionale,nazionale,2,397,398,34,c5,1aVSyFhFdvV1dbdL22neKvqvCFxQX4rx68z1NL,m3,25,ok,,e7226cdba81c3997af0af391f30a6c2e7ecf8d95b97d62c2144132efc4b79532
run5-tbt-2s/nazionale,nazionale,2,397,398,34,c4,15MfkrDvfK6QQHJVoqzG9HgScKc8XrzWYXa7Sk,m2,31,ok,,66d32712c6fc4b3e7f23a555559cdab48e3da1d82fa8508993eec6a43295e557
run5-tbt-2s/nazionale,nazionale,2,397,398,34,c2,1LffcfYRs8mVNfNV493VbkxS6mD9UAuc8gvhGz,m1,51,ok,,6afec6f0e4e75dda901c62b963bd4e244df617aa77f6a9edc410162df5bdd9d2
run5-tbt-2s/nazionale,nazionale,2,397,398,34,c1,16RTwvjtNu8oaPEx44dk78wbLYzWZCaTwHkKxd,m1,76,ok,,0bf6774754afe85cac0bb1a83c02b49fcd42af58c52bda59107d114284b6e27e
run5-tbt-2s/nazionale,nazionale,2,401,402,34,c3,1NxMuHRzQZoNq73HEYjXVA5qpYJV4MZDtF25sq,m2,39,ok,,214af35cfa7cbe3923a70ab549748132231cd0c2ee777c34c8e8b64f127bd88f
run5-tbt-2s/nazionale,nazionale,2,401,402,34,c1,16RTwvjtNu8oaPEx44dk78wbLYzWZCaTwHkKxd,m1,77,ok,,2cd08a5e537ce1e86c1d049b4e31e4f84ca71e770f14e0b2b2d7a9d18ce92c64
run5-tbt-2s/nazionale,nazionale,2,402,404,34,c2,1LffcfYRs8mVNfNV493VbkxS6mD9UAuc8gvhGz,m1,52,ok,,5f3622f50e2d62aa1ab358178ff3d255e31249b225a2ea12b820b02e31cb3355
run5-tbt-2s/nazionale,nazionale,2,404,405,34,c1,16RTwvjtNu8oaPEx44dk78wbLYzWZCaTwHkKxd,m1,78,ok,,3305a37e279a3042e0f63ebcb0a78aef8dd63305a66c1934b78ce62512176e52
run5-tbt-2s/nazionale,nazionale,2,406,407,34,c4,15MfkrDvfK6QQHJVoqzG9HgScKc8XrzWYXa7Sk,m2,32,ok,,3fd5cef622c73ea195045bd14cafc4ab6448f4111dbc7dec9a7d1f6bd9dadc05
run5-tbt-2s/nazionale,nazionale,2,407,408,35,c3,1NxMuHRzQZoNq73HEYjXVA5qpYJV4MZDtF25sq,m2,40,ok,,0e9e3f4040139b87aed06169f5260513e66d806dad053e21b67c464771bdd4da
run5-tbt-2s/nazionale,nazionale,2,407,408,35,c2,1LffcfYRs8mVNfNV493VbkxS6mD9UAuc8gvhGz,m1,53,ok,,95b3ba0bfd9d935b9eadacd533bcf7283561b9af86657c35c634b8a9bf6b9fb9
run5-tbt-2s/nazionale,nazionale,2,407,408,35,c1,16RTwvjtNu8oaPEx44dk78wbLYzWZCaTwHkKxd,m1,79,ok,,b941005b14319a06ee908c41ceb0298f417cf8d60dd356ec1f84d04a5f5a17c2
run5-tbt-2s/nazionale,nazionale,2,407,408,35,c5,1aVSyFhFdvV1dbdL22neKvqvCFxQX4rx68z1NL,m3,26,ok,,74de9f1f2b1f1ed01c33d512579326dbaeaaec9589b52e7c8c32fa81845eba4e
run5-tbt-2s/nazionale,nazionale,2,410,411,35,c1,16RTwvjtNu8oaPEx44dk78wbLYzWZCaTwHkKxd,m1,80,ok,,c23befc690b94a0f1e265ddcd4de6603c2f5a24231e575ce183255a390f8aac7
run5-tbt-2s/nazionale,nazionale,2,412,413,35,c2,1LffcfYRs8mVNfNV493VbkxS6mD9UAuc8gvhGz,m1,54,ok,,d129a59c7a3d683ad89d0750eae639dfc9de25dc1eb6a7daa03d49b18345f601
run5-tbt-2s/nazionale,nazionale,2,413,414,35,c4,15MfkrDvfK6QQHJVoqzG9HgScKc8XrzWYXa7Sk,m2,33,ok,,80a0b3c5406582496908d26e2a9724e07faeaf661085b3eed4af1dd5dd1a811a
run5-tbt-2s/nazionale,nazionale,2,413,414,35,c3,1NxMuHRzQZoNq73HEYjXVA5qpYJV4MZDtF25sq,m2,41,ok,,eb05b593e4b42f9d26389f1abdf9c470d2d21a8024432bc0f830e8cef3aa87a0
run5-tbt-2s/nazionale,nazionale,2,413,414,35,c1,16RTwvjtNu8oaPEx44dk78wbLYzWZCaTwHkKxd,m1,81,ok,,1ea5ad1ab014e0ae9e10fd9ec465057c6f6e90c2da33ba1e7bdfc089b5665a9e
run5-tbt-2s/nazionale,nazionale,2,416,417,35,c2,1LffcfYRs8mVNfNV493VbkxS6mD9UAuc8gvhGz,m1,55,ok,,3819187b1a212cfc85fae49a21e67e298e017fb6e7dfd9aa9eddeeb9fc17167b
run5-tbt-2s/nazionale,nazionale,2,416,417,35,c1,16RTwvjtNu8oaPEx44dk78wbLYzWZCaTwHkKxd,m1,82,ok,,570928ca620aedc2efd551cb8cf4fe85061e174a51b151debf22d57ae0ae3acc
run5-tbt-2s/nazionale,nazionale,2,417,418,35,c5,1aVSyFhFdvV1dbdL22neKvqvCFxQX4rx68z1NL,m3,27,ok,,ec49306478e4df5fa214b041f6e2273b2f39a0dee18af07a44b35ae156a4d105
run5-tbt-2s/nazionale,nazionale,2,419,420,36,c3,1NxMuHRzQZoNq73HEYjXVA5qpYJV4MZDtF25sq,m2,42,ok,,8efcc64bd6cbc46cadc5908c635a7c12c566532327e838b763f2267750fda71a
run5-tbt-2s/nazionale,nazionale,2,419,420,36,c1,16RTwvjtNu8oaPEx44dk78wbLYzWZCaTwHkKxd,m1,83,ok,,7aac83731ca1f1122233889265f518a218ed8e4fdc312f2ae92cbbd2244b6762
run5-tbt-2s/nazionale,nazionale,2,420,422,36,c4,15MfkrDvfK6QQHJVoqzG9HgScKc8XrzWYXa7Sk,m2,34,ok,,13b573dfe27bcfdbc36bcd6333877ca42fedfa9c6a8f7401c0a6c7fd2b808d97
run5-tbt-2s/nazionale,nazionale,2,420,422,36,c2,1LffcfYRs8mVNfNV493VbkxS6mD9UAuc8gvhGz,m1,56,ok,,ca3267ec47ce3bf92b52a33f758439c6eb2d81ee0f75cab9c7d8685df0236d48
run5-tbt-2s/nazionale,nazionale,2,422,423,36,c1,16RTwvjtNu8oaPEx44dk78wbLYzWZCaTwHkKxd,m1,84,ok,,2ad45b37754a8d024f2e09082925ec3197e1a1ec278edd40f991e67afbed03a8
run5-tbt-2s/nazionale,nazionale,2,424,426,36,c3,1NxMuHRzQZoNq73HEYjXVA5qpYJV4MZDtF25sq,m2,43,ok,,7455bc5416e1b067baa884600ffa35d271a60763764da91146963a9688ad9ee0
run5-tbt-2s/nazionale,nazionale,2,424,426,36,c2,1LffcfYRs8mVNfNV493VbkxS6mD9UAuc8gvhGz,m1,57,ok,,9a65f329d527ab5fe9d5c012f1b1d8f171e33f3ea458461e6fd76d484c5acd2e
run5-tbt-2s/nazionale,nazionale,2,424,426,36,c1,16RTwvjtNu8oaPEx44dk78wbLYzWZCaTwHkKxd,m1,85,ok,,606b125a8a54d3671447cda6ddbce5d2222cb6a3888ac6cf7d8a4a0a4bcf49f4
run5-tbt-2s/nazionale,nazionale,2,425,427,36,c5,1aVSyFhFdvV1dbdL22neKvqvCFxQX4rx68z1NL,m3,28,ok,,c2e5244e6ef9562de68026ce21968544584ecd1ba429d37a9074b47e3926c844
run5-tbt-2s/nazionale,nazionale,2,427,428,36,c4,15MfkrDvfK6QQHJVoqzG9HgScKc8XrzWYXa7Sk,m2,35,ok,,778d60b130168ffba6a1160b419ec081eabfe25d01c6faccbf1a2eeb0fcd5236
run5-tbt-2s/nazionale,nazionale,2,427,428,36,c1,16RTwvjtNu8oaPEx44dk78wbLYzWZCaTwHkKxd,m1,86,ok,,1a9135840b46f344eb1354079009c8bf42ff20cc17ce6158e30e5d8dfa5074fc
run5-tbt-2s/nazionale,nazionale,2,428,430,36,c2,1LffcfYRs8mVNfNV493VbkxS6mD9UAuc8gvhGz,m1,58,ok,,86bc31d56151c27578fdee45c420b352e7c384e8cd9b4346839da2f26b9ce09e
run5-tbt-2s/nazionale,nazionale,2,430,431,36,c3,1NxMuHRzQZoNq73HEYjXVA5qpYJV4MZDtF25sq,m2,44,ok,,7b5bc880517242263478f73f142dfc0df788a1cb851173b4892d9c125aae6bb6
run5-tbt-2s/nazionale,nazionale,2,430,431,36,c1,16RTwvjtNu8oaPEx44dk78wbLYzWZCaTwHkKxd,m1,87,ok,,b5a250a492f42ff61f8b01972cefbc5baf245a8c257c898eebec4bcecdaa969d
run5-tbt-2s/nazionale,nazionale,2,434,435,37,c2,1LffcfYRs8mVNfNV493VbkxS6mD9UAuc8gvhGz,m1,59,ok,,66addadcb912c7b5d3b43641c2f93451849f5a35015106735d1482b7d994dba7
run5-tbt-2s/nazionale,nazionale,2,433,435,37,c1,16RTwvjtNu8oaPEx44dk78wbLYzWZCaTwHkKxd,m1,88,ok,,d8decbf29edc1d3eb3ae9e614b7f6554c271c685cd4306a97ba9eb5e0f4c2cf7
run5-tbt-2s/nazionale,nazionale,2,436,437,37,c5,1aVSyFhFdvV1dbdL22neKvqvCFxQX4rx68z1NL,m3,29,ok,,f010fbcf82e8921647f4d2b809824725d142b1833fb956372ad9616fc9cee373
run5-tbt-2s/nazionale,nazionale,2,436,437,37,c4,15MfkrDvfK6QQHJVoqzG9HgScKc8XrzWYXa7Sk,m2,36,ok,,d1782209259d29e6578d58f7af08be21f502f7f64c956cc25b4848c48637de6d
run5-tbt-2s/nazionale,nazionale,2,437,438,37,c3,1NxMuHRzQZoNq73HEYjXVA5qpYJV4MZDtF25sq,m2,45,ok,,7a2c4965c7b3e05425c9b5e35728cce772529f39953c21b636cbd747e9bfa4e8
run5-tbt-2s/nazionale,nazionale,2,437,438,37,c1,16RTwvjtNu8oaPEx44dk78wbLYzWZCaTwHkKxd,m1,89,ok,,b3ddeae64ca507822778617f6d7b690f6670e895140e1fbe8e1daab8e411aa8a
run5-tbt-2s/nazionale,nazionale,2,438,440,37,c2,1LffcfYRs8mVNfNV493VbkxS6mD9UAuc8gvhGz,m1,60,ok,,fc7530fe7670ab26efe1cbf5a6a69eaa0db3e7baf2cf85ac82bacb457e1a9fa4
run5-tbt-2s/nazionale,nazionale,2,440,441,37,c1,16RTwvjtNu8oaPEx44dk78wbLYzWZCaTwHkKxd,m1,90,ok,,fc23f8e92dc97ed7fac4dd266d094b3c43a7f7962bb6c0189472487341f6c800
run5-tbt-2s/nazionale,nazionale,2,443,444,38,c4,15MfkrDvfK6QQHJVoqzG9HgScKc8XrzWYXa7Sk,m2,37,ok,,06b6d4a72f18044377082fe283a93da0972053072435de7298cd1b90227a4746
run5-tbt-2s/nazionale,nazionale,2,443,444,38,c3,1NxMuHRzQZoNq73HEYjXVA5qpYJV4MZDtF25sq,m2,46,ok,,3b9b126015538b5ef4c0000437a6fde420ed1738219291f915508d96fa5d0c29
run5-tbt-2s/nazionale,nazionale,2,443,444,38,c2,1LffcfYRs8mVNfNV493VbkxS6mD9UAuc8gvhGz,m1,61,ok,,1cda5b31f3006f0d34902ad390aec668b4daa64e94033c663144620ce7df8457
run5-tbt-2s/nazionale,nazionale,2,443,444,38,c1,16RTwvjtNu8oaPEx44dk78wbLYzWZCaTwHkKxd,m1,91,ok,,3eb1c93c7e2bd6caa92893bffabae5f8d726c90cf03f8827e22f462c78f30cf4
run5-tbt-2s/nazionale,nazionale,2,445,446,38,c5,1aVSyFhFdvV1dbdL22neKvqvCFxQX4rx68z1NL,m3,30,ok,,292f0d5f9879e06caa8381bb9f7c192de40741f7399ca4e24394998afa193f5e
run5-tbt-2s/nazionale,nazionale,2,446,447,38,c1,16RTwvjtNu8oaPEx44dk78wbLYzWZCaTwHkKxd,m1,92,ok,,44ed451878cec8046e2fedb172a851254946a82568ceb94d137f7da8db06664c
run5-tbt-2s/nazionale,nazionale,2,448,449,38,c2,1LffcfYRs8mVNfNV493VbkxS6mD9UAuc8gvhGz,m1,62,ok,,5afdcf992d426ade58602c728a8c30d49f71681f151ebe34481936561b0da259
run5-tbt-2s/nazionale,nazionale,2,449,450,38,c3,1NxMuHRzQZoNq73HEYjXVA5qpYJV4MZDtF25sq,m2,47,ok,,51b6b76d97d9874b4919a86acac1f2ead9dda6c1569afd12f07b637bdfd0d179
run5-tbt-2s/nazionale,nazionale,2,449,450,38,c1,16RTwvjtNu8oaPEx44dk78wbLYzWZCaTwHkKxd,m1,93,ok,,3c64d39b1d05a839177dd08cb230446078a3fa81355ddba9f049ffea34caf7fe
run5-tbt-2s/nazionale,nazionale,2,450,452,38,c4,15MfkrDvfK6QQHJVoqzG9HgScKc8XrzWYXa7Sk,m2,38,ok,,2be7aeede75d9dd914e7dd1df0345f0b6649862791cfc54e39f10aa645085aa3
run5-tbt-2s/nazionale,nazionale,2,451,453,38,c2,1LffcfYRs8mVNfNV493VbkxS6mD9UAuc8gvhGz,m1,63,ok,,facff80a0601c3c3e739a965bfabdc7afb38c8e4e2ae2de575da3050b56b1cfe
run5-tbt-2s/nazionale,nazionale,2,451,453,38,c1,16RTwvjtNu8oaPEx44dk78wbLYzWZCaTwHkKxd,m1,94,ok,,7d731194ce0f4e182622f22fe3882b327453dbae744681f6a33216a350ff8873
run5-tbt-2s/nazionale,nazionale,2,455,456,39,c5,1aVSyFhFdvV1dbdL22neKvqvCFxQX4rx68z1NL,m3,31,ok,,9681b15db281bff93a778ad1f162f4006f274a6b23b43b355814cdd6d22e1eaa
run5-tbt-2s/nazionale,nazionale,2,455,456,39,c3,1NxMuHRzQZoNq73HEYjXVA5qpYJV4MZDtF25sq,m2,48,ok,,d01f411bad4abe83af18530d2bc3ac23cdeff858446ef3a9d2ab24e2ad768ca3
run5-tbt-2s/nazionale,nazionale,2,455,457,39,c1,16RTwvjtNu8oaPEx44dk78wbLYzWZCaTwHkKxd,m1,95,ok,,26dcf2a66ddbd30e689613f37453cfc23112315e60b721fce8b398ea407855b4
run5-tbt-2s/nazionale,nazionale,2,457,458,39,c2,1LffcfYRs8mVNfNV493VbkxS6mD9UAuc8gvhGz,m1,64,ok,,9a770eefe1ef0d13bb081be39522f102d9723df8d14f25cee5fa76efedb1a1fd
run5-tbt-2s/nazionale,nazionale,2,459,460,39,c4,15MfkrDvfK6QQHJVoqzG9HgScKc8XrzWYXa7Sk,m2,39,ok,,19d2be9b7bc891434496daa61e3532c8593dd89e76803a995b4bd3f0e6c009da
run5-tbt-2s/nazionale,nazionale,2,459,460,39,c1,16RTwvjtNu8oaPEx44dk78wbLYzWZCaTwHkKxd,m1,96,ok,,50aefd38fc87ae7eda20451ff3b3d80d27dc89db97472b5b1da840cdd95be582
run5-tbt-2s/nazionale,nazionale,2,462,463,39,c3,1NxMuHRzQZoNq73HEYjXVA5qpYJV4MZDtF25sq,m2,49,ok,,a201aa8bf0c736dd879d616efddf5d2fb69e18b4854435e7fa5eeec5dc721bb6
run5-tbt-2s/nazionale,nazionale,2,462,463,39,c2,1LffcfYRs8mVNfNV493VbkxS6mD9UAuc8gvhGz,m1,65,ok,,7517814d4795631ef2c5b17f82ed2f0c7718751191f31de83439e1bfeb22b98d
run5-tbt-2s/nazionale,nazionale,2,462,463,39,c1,16RTwvjtNu8oaPEx44dk78wbLYzWZCaTwHkKxd,m1,97,ok,,a8929a0ca87a77e4f18e768b34d0058135af26da198ea40f4faf680cc4445ea1
run5-tbt-2s/nazionale,nazionale,2,464,465,39,c5,1aVSyFhFdvV1dbdL22neKvqvCFxQX4rx68z1NL,m3,32,ok,,68c85efea89e0445872bb5979051ccd8b212c1fcbfff6868174a19e2b4eccff8
run5-tbt-2s/nazionale,nazionale,2,465,466,39,c1,16RTwvjtNu8oaPEx44dk78wbLYzWZCaTwHkKxd,m1,98,ok,,fe8a7ae3b6aa21f9025a2771f34507c66061f3dc0fad74dde362fdfc1e8bcd34
run5-tbt-2s/nazionale,nazionale,2,466,467,39,c4,15MfkrDvfK6QQHJVoqzG9HgScKc8XrzWYXa7Sk,m2,40,ok,,6e900331ade3c172a0591621ed98e07126045a3ca6a01417fe0ccba2325756bf
run5-tbt-2s/nazionale,nazionale,2,466,467,39,c2,1LffcfYRs8mVNfNV493VbkxS6mD9UAuc8gvhGz,m1,66,ok,,2ae9c602128431ee97d2386fd0f154a91a8a6825bff65efb2c6bb203c4aa272c
run5-tbt-2s/nazionale,nazionale,2,468,469,40,c3,1NxMuHRzQZoNq73HEYjXVA5qpYJV4MZDtF25sq,m2,50,ok,,3329a2e3c9b3d363f794bde02ea61574926ea3f094afde251cbe920d1ecd5516
run5-tbt-2s/nazionale,nazionale,2,468,469,40,c1,16RTwvjtNu8oaPEx44dk78wbLYzWZCaTwHkKxd,m1,99,ok,,6a42cc81eded125146e9e3db6dc2d8dd42584be0987e39eb8c4040f074643083
run5-tbt-2s/nazionale,nazionale,2,471,472,40,c2,1LffcfYRs8mVNfNV493VbkxS6mD9UAuc8gvhGz,m1,67,ok,,f4c90068164e3bbdf26c511a17c1f514ca881838aa54729e2eb1e03c5576a082
run5-tbt-2s/nazionale,nazionale,2,471,472,40,c1,16RTwvjtNu8oaPEx44dk78wbLYzWZCaTwHkKxd,m1,100,ok,,765a0df34942ea013f4236658278f5a8b4943bfa35b9f8e7a9cc6a2de6becffd
run5-tbt-2s/nazionale,nazionale,2,473,475,40,c5,1aVSyFhFdvV1dbdL22neKvqvCFxQX4rx68z1NL,m3,33,ok,,4fc1b094e6c094bba76a5d34e37eb59383582b61a0fcdff47e0c93e596d2546a
run5-tbt-2s/nazionale,nazionale,2,473,475,40,c4,15MfkrDvfK6QQHJVoqzG9HgScKc8XrzWYXa7Sk,m2,41,ok,,d619b4a0b6628ca14948e04c7a889d941f7d31e498dd97b834258c9cf432f798
run5-tbt-2s/nazionale,nazionale,2,473,475,40,c3,1NxMuHRzQZoNq73HEYjXVA5qpYJV4MZDtF25sq,m2,51,ok,,0b1e5f50e99963d234d1eb199566906b4bea326edabfd0bbc8a62bef865a6bea
run5-tbt-2s/nazionale,nazionale,2,473,475,40,c1,16RTwvjtNu8oaPEx44dk78wbLYzWZCaTwHkKxd,m1,101,ok,,80fb4e1405e22035a4806fffff39029bf3b876b91aee88b54aa410ded44697b8
run5-tbt-2s/nazionale,nazionale,2,475,477,40,c2,1LffcfYRs8mVNfNV493VbkxS6mD9UAuc8gvhGz,m1,68,ok,,5abbf84a03cb1837266e766e9500d20700920dd217fa9c61a151f9803d3d2429
run5-tbt-2s/nazionale,nazionale,2,477,478,40,c1,16RTwvjtNu8oaPEx44dk78wbLYzWZCaTwHkKxd,m1,102,ok,,d9ff5ea7ae4384cc71b8e27f82e14e5a4e50b00a780cfc92df5180f1fbde8a82
run5-tbt-2s/nazionale,nazionale,2,479,480,41,c3,1NxMuHRzQZoNq73HEYjXVA5qpYJV4MZDtF25sq,m2,52,ok,,5d85f2b8f389f616effc5a42bda24aeedcee5cf999af18aaf35373af1ba54ac1
run5-tbt-2s/nazionale,nazionale,2,479,480,41,c2,1LffcfYRs8mVNfNV493VbkxS6mD9UAuc8gvhGz,m1,69,ok,,a72a6f373b747a0c21bb7cdea641ae23ec67618d3c4d546be977e5f6302dffac
run5-tbt-2s/nazionale,nazionale,2,479,480,41,c1,16RTwvjtNu8oaPEx44dk78wbLYzWZCaTwHkKxd,m1,103,ok,,20cbde896d1e36b2f41b0c66a4ed7a4f86bdf36f2669562ee0cc89977c221302
run5-tbt-2s/nazionale,nazionale,2,480,482,41,c4,15MfkrDvfK6QQHJVoqzG9HgScKc8XrzWYXa7Sk,m2,42,ok,,0930d38541f5c71d25946834acfa667cf4ff4c8c820c9621f30078080f2d6233
run5-tbt-2s/nazionale,nazionale,2,482,483,41,c1,16RTwvjtNu8oaPEx44dk78wbLYzWZCaTwHkKxd,m1,104,ok,,2011540838391969e27d9039f81326ff35b045e311b3a52f5938af36f4a24c99
run5-tbt-2s/nazionale,nazionale,2,482,484,41,c5,1aVSyFhFdvV1dbdL22neKvqvCFxQX4rx68z1NL,m3,34,ok,,84cd7fdb6d2e14b54d9653317717ade5bd1df79a9da7cd5d91c3aa0ee318c384
run5-tbt-2s/nazionale,nazionale,2,484,485,41,c2,1LffcfYRs8mVNfNV493VbkxS6mD9UAuc8gvhGz,m1,70,ok,,b94aefde15c444afb8558f2c5a8fe4006a0d61273a201858f600882e2f75381c
run5-tbt-2s/nazionale,nazionale,2,485,487,41,c3,1NxMuHRzQZoNq73HEYjXVA5qpYJV4MZDtF25sq,m2,53,ok,,e82aa28dc375cd4ea5fc84feecec88943eeb15c79a8c3ecb879291c213e70272
run5-tbt-2s/nazionale,nazionale,2,485,487,41,c1,16RTwvjtNu8oaPEx44dk78wbLYzWZCaTwHkKxd,m1,105,ok,,c9e5fff619bd62056789d03317b3143092f5f27d166dd4b88edd8d0895bac328
run5-tbt-2s/nazionale,nazionale,2,488,490,41,c4,15MfkrDvfK6QQHJVoqzG9HgScKc8XrzWYXa7Sk,m2,43,ok,,181ab2dba58dd92196685467963f361524d1897fb18cb9619b92f2abba3bd609
run5-tbt-2s/nazionale,nazionale,2,489,490,41,c2,1LffcfYRs8mVNfNV493VbkxS6mD9UAuc8gvhGz,m1,71,ok,,fba998aa441cecf041160d60690d28676a74e32b47b888e4a8dd8d685be210bd
run5-tbt-2s/nazionale,nazionale,2,489,490,41,c1,16RTwvjtNu8oaPEx44dk78wbLYzWZCaTwHkKxd,m1,106,ok,,b41c2693c9c6ca55b74ec906fa1113f9b23e1421d43c7b1f01946b4e3ffb2820
run5-tbt-2s/nazionale,nazionale,2,492,493,42,c3,1NxMuHRzQZoNq73HEYjXVA5qpYJV4MZDtF25sq,m2,54,ok,,7776118870e1231f642e83b284a0951f33f62cc51cda37ee5930f1ba65b095f2
run5-tbt-2s/nazionale,nazionale,2,492,493,42,c1,16RTwvjtNu8oaPEx44dk78wbLYzWZCaTwHkKxd,m1,107,ok,,d6cad004e309864114d925da47f990abe01486e991cbf2ffcc3936e2f9ad3833
run5-tbt-2s/nazionale,nazionale,2,493,494,42,c5,1aVSyFhFdvV1dbdL22neKvqvCFxQX4rx68z1NL,m3,35,ok,,9430b10d7f6ccc0b982ba49f8392fdb5f0400ee4caafbacf31fe6aa06ac9fb3a
run5-tbt-2s/nazionale,nazionale,2,493,494,42,c2,1LffcfYRs8mVNfNV493VbkxS6mD9UAuc8gvhGz,m1,72,ok,,b9e30c4dc453110b15469be5210dfaefb6890cb18fd5dbcf8e6b891572f88f18
run5-tbt-2s/nazionale,nazionale,2,495,496,42,c1,16RTwvjtNu8oaPEx44dk78wbLYzWZCaTwHkKxd,m1,108,ok,,ecc27fdc75ed8fb3f4a98c5098bae568076a53e4b729adafb3310761f9320c7e
run5-tbt-2s/nazionale,nazionale,2,496,497,42,c4,15MfkrDvfK6QQHJVoqzG9HgScKc8XrzWYXa7Sk,m2,44,ok,,240e4add7ae9426511d11a398112db05f04cbb3b0f51f96c3c6042874c63dfab
run5-tbt-2s/nazionale,nazionale,2,497,499,42,c3,1NxMuHRzQZoNq73HEYjXVA5qpYJV4MZDtF25sq,m2,55,ok,,fa1096c55af58348bf61ea55a461f532aa9fdbf096fb1937bdd82f02c7b735ed
run5-tbt-2s/nazionale,nazionale,2,497,499,42,c2,1LffcfYRs8mVNfNV493VbkxS6mD9UAuc8gvhGz,m1,73,ok,,9c00ea39b91de8a10ad3e96a9b266d2bef0526923ab13f74267fe1ac76dd32e2
run5-tbt-2s/nazionale,nazionale,2,498,499,42,c1,16RTwvjtNu8oaPEx44dk78wbLYzWZCaTwHkKxd,m1,109,ok,,c8322cd0431471c985ad619acb8b995d9cb0737b9818a97a24a0c131c2b0f98d
run5-tbt-2s/nazionale,nazionale,2,501,502,42,c1,16RTwvjtNu8oaPEx44dk78wbLYzWZCaTwHkKxd,m1,110,ok,,3ac8d6c1891fcd1cfe44e503f33eb5f8a8488fc5175d07a69c38859566529d88
run5-tbt-2s/nazionale,nazionale,2,502,503,42,c5,1aVSyFhFdvV1dbdL22neKvqvCFxQX4rx68z1NL,m3,36,ok,,a4312f2875a8c33811413b7f94b5b5acb163c4944d7339c92dab349840ddca64
run5-tbt-2s/nazionale,nazionale,2,502,503,42,c2,1LffcfYRs8mVNfNV493VbkxS6mD9UAuc8gvhGz,m1,74,ok,,b5d5674e225e32172a3696cde1efe59e90266d7cd67778cf6ea90ce9dc909f72
run5-tbt-2s/nazionale,nazionale,2,504,505,43,c4,15MfkrDvfK6QQHJVoqzG9HgScKc8XrzWYXa7Sk,m2,45,ok,,cb8e6a732279d6749c8fd8cf4b13cc168325a9e498b98e76441d247bf265c06c
run5-tbt-2s/nazionale,nazionale,2,504,505,43,c3,1NxMuHRzQZoNq73HEYjXVA5qpYJV4MZDtF25sq,m2,56,ok,,0cfd4e5c0365394c08e480c00127969530040003a18896b66fc2ec19d014253a
run5-tbt-2s/nazionale,nazionale,2,504,505,43,c1,16RTwvjtNu8oaPEx44dk78wbLYzWZCaTwHkKxd,m1,111,ok,,57e1107e86012ccc20988df6f8164f5d80618d7d9c499e89601b5640e0ab8af5
run5-tbt-2s/nazionale,nazionale,2,507,508,43,c2,1LffcfYRs8mVNfNV493VbkxS6mD9UAuc8gvhGz,m1,75,ok,,4f11e28f1d935cdffa46dc36473e2b1be25756101b8841e4fc824580cc761704
run5-tbt-2s/nazionale,nazionale,2,507,508,43,c1,16RTwvjtNu8oaPEx44dk78wbLYzWZCaTwHkKxd,m1,112,ok,,401cce9507c47e9b52a03ee17b8c6bb04d359c817e034f94eb2812b7c484b30c
run5-tbt-2s/nazionale,nazionale,2,510,511,43,c3,1NxMuHRzQZoNq73HEYjXVA5qpYJV4MZDtF25sq,m2,57,ok,,a67ea5aec3a94d5adf80fcf254e09dbf09578a6e699497660c122767232f3c32
run5-tbt-2s/nazionale,nazionale,2,510,511,43,c1,16RTwvjtNu8oaPEx44dk78wbLYzWZCaTwHkKxd,m1,113,ok,,f3ce8f13726113ce486c7f7a429b73e19977f8c4bfae6935ee036efc76707251
run5-tbt-2s/nazionale,nazionale,2,511,512,43,c5,1aVSyFhFdvV1dbdL22neKvqvCFxQX4rx68z1NL,m3,37,ok,,c0d26d0eaad92b4c5f249a33c59e348ff9b2139b6c57a3148453b0ed2d8081c4
run5-tbt-2s/nazionale,nazionale,2,511,512,43,c4,15MfkrDvfK6QQHJVoqzG9HgScKc8XrzWYXa7Sk,m2,46,ok,,46c345481b5c600a6ba6f6270d94e576ecfed0c2f9c837efd9ce48fff79c38c6
run5-tbt-2s/nazionale,nazionale,2,511,512,43,c2,1LffcfYRs8mVNfNV493VbkxS6mD9UAuc8gvhGz,m1,76,ok,,fa1337dbe448c89173bbc210799aab153fe7c17f761a2fe85f8d5ad638b6ad0d
run5-tbt-2s/nazionale,nazionale,2,513,514,43,c1,16RTwvjtNu8oaPEx44dk78wbLYzWZCaTwHkKxd,m1,114,ok,,e8950837db42935132a3500b74dea07f3717bb12f8f667441093de1432a5a746
run5-tbt-2s/nazionale,nazionale,2,516,517,44,c3,1NxMuHRzQZoNq73HEYjXVA5qpYJV4MZDtF25sq,m2,58,ok,,f7f3aa54ef516f098b74044548c37e16e612952fd6ff927a0949b74734256539
run5-tbt-2s/nazionale,nazionale,2,516,517,44,c2,1LffcfYRs8mVNfNV493VbkxS6mD9UAuc8gvhGz,m1,77,ok,,f8ae6ca5a5361357faeb2772155717f76a5bb4e310935f4f37e8ee53ad7dbd03
run5-tbt-2s/nazionale,nazionale,2,516,517,44,c1,16RTwvjtNu8oaPEx44dk78wbLYzWZCaTwHkKxd,m1,115,ok,,d27b4d22dbfd060160c244939f535520d35ff7b5429fc7a354486701f3c6625f
run5-tbt-2s/nazionale,nazionale,2,518,520,44,c4,15MfkrDvfK6QQHJVoqzG9HgScKc8XrzWYXa7Sk,m2,47,ok,,09807e398c651902d2fa1c506d9525c845fdf88e535fdfa320c213f11d2eb85c
run5-tbt-2s/nazionale,nazionale,2,518,520,44,c1,16RTwvjtNu8oaPEx44dk78wbLYzWZCaTwHkKxd,m1,116,ok,,01bc542a148dc0b6c1205f5a52d24c037306570152943eb579e3b453cd10b385
run5-tbt-2s/nazionale,nazionale,2,520,521,44,c2,1LffcfYRs8mVNfNV493VbkxS6mD9UAuc8gvhGz,m1,78,ok,,6698b11e7b016e872092c8f2ffae7e39b39bc42be985617dabad3c96622da80a
run5-tbt-2s/nazionale,nazionale,2,520,521,44,c5,1aVSyFhFdvV1dbdL22neKvqvCFxQX4rx68z1NL,m3,38,ok,,ec14b652c3aadf496b3be800e02103415ede11b3ebcd45246d232de55f6d9bb8
run5-tbt-2s/nazionale,nazionale,2,521,523,44,c3,1NxMuHRzQZoNq73HEYjXVA5qpYJV4MZDtF25sq,m2,59,ok,,2ccbb406716cad987f0e90f94c01300bc8d9aa766c07cba31a8e2ba4075f0676
run5-tbt-2s/nazionale,nazionale,2,521,523,44,c1,16RTwvjtNu8oaPEx44dk78wbLYzWZCaTwHkKxd,m1,117,ok,,c9d51449399a0e41ff64f79abe679c2cfe6ecc0861cc58771a8debbe0423d3bf
run5-tbt-2s/nazionale,nazionale,2,525,526,44,c2,1LffcfYRs8mVNfNV493VbkxS6mD9UAuc8gvhGz,m1,79,ok,,a84f468e4a74dfd064eb8bc1ea85bead0fd4bc4cd27a20dbfb34d6842799becc
run5-tbt-2s/nazionale,nazionale,2,525,526,44,c1,16RTwvjtNu8oaPEx44dk78wbLYzWZCaTwHkKxd,m1,118,ok,,aaae833b59af954afc2741300a7216106e6fb74c27732bb4bd5f7ba209918dd8
run5-tbt-2s/nazionale,nazionale,2,526,528,45,c4,15MfkrDvfK6QQHJVoqzG9HgScKc8XrzWYXa7Sk,m2,48,ok,,5e6e9e84ea8514d3da8b1c6e116c2772328eacde461cf94c850d2faf75326a64
run5-tbt-2s/nazionale,nazionale,2,528,529,45,c3,1NxMuHRzQZoNq73HEYjXVA5qpYJV4MZDtF25sq,m2,60,ok,,ad6a592f669e370d4611e57bfed27cf51074282a3ce49314d36cae2db66dc72a
run5-tbt-2s/nazionale,nazionale,2,528,529,45,c1,16RTwvjtNu8oaPEx44dk78wbLYzWZCaTwHkKxd,m1,119,ok,,4480ff605f8aa1cf812aecdbb5351c064407c97b4790aaac17e61568bd004255
run5-tbt-2s/nazionale,nazionale,2,529,530,45,c2,1LffcfYRs8mVNfNV493VbkxS6mD9UAuc8gvhGz,m1,80,ok,,56b342a87aaf17f7060fb4d224ead8697a920c2f3fb9bd1be9ceb579b75b166c
run5-tbt-2s/nazionale,nazionale,2,530,531,45,c5,1aVSyFhFdvV1dbdL22neKvqvCFxQX4rx68z1NL,m3,39,ok,,8b2c5622769c4fa4e56550ac9fbc294b730093d83cc66218470dbe32e775a7a5
run5-tbt-2s/nazionale,nazionale,2,531,532,45,c1,16RTwvjtNu8oaPEx44dk78wbLYzWZCaTwHkKxd,m1,120,ok,,5a71fbb19c029d7e0e8855848ebcdf419a57647ab6a27a80de3477a942b5419f
run5-tbt-2s/nazionale,nazionale,2,533,535,45,c4,15MfkrDvfK6QQHJVoqzG9HgScKc8XrzWYXa7Sk,m2,49,ok,,2bc3f7afe77b928e250db7cffd01130248b6708e857e2295bcbc22d0aef3f790
run5-tbt-2s/nazionale,nazionale,2,533,535,45,c3,1NxMuHRzQZoNq73HEYjXVA5qpYJV4MZDtF25sq,m2,61,ok,,7f50df9ab696ac95f98ee299570d6c6682d32a0d84ab41b6a0b708fc995b7df5
run5-tbt-2s/nazionale,nazionale,2,533,535,45,c2,1LffcfYRs8mVNfNV493VbkxS6mD9UAuc8gvhGz,m1,81,ok,,3911b645cc821807aacfd315f8a2429ace722c2c1d20517f35b66300fa776f93
run5-tbt-2s/nazionale,nazionale,2,533,535,45,c1,16RTwvjtNu8oaPEx44dk78wbLYzWZCaTwHkKxd,m1,121,ok,,010ec5caf6c9a9bf6ba77df0da46f275a0e53167e54d5ec23590b8e55f47dd08
run5-tbt-2s/nazionale,nazionale,2,536,537,45,c1,16RTwvjtNu8oaPEx44dk78wbLYzWZCaTwHkKxd,m1,122,ok,,b8eeba86a90faa02f24549cafac9b38bb7bdcb59d55072c06872a7d4e94da5d8
run5-tbt-2s/nazionale,nazionale,2,538,539,45,c2,1LffcfYRs8mVNfNV493VbkxS6mD9UAuc8gvhGz,m1,82,ok,,4d550174285808c40229fd83b7d515ce4e00ee5daa0e02d88f342d1b2f205c66
run5-tbt-2s/nazionale,nazionale,2,539,540,46,c5,1aVSyFhFdvV1dbdL22neKvqvCFxQX4rx68z1NL,m3,40,ok,,556f401937eda3616483eeba8bfd79d38b32ba57168e49fc60bfbc7fccf8a54a
run5-tbt-2s/nazionale,nazionale,2,539,541,46,c3,1NxMuHRzQZoNq73HEYjXVA5qpYJV4MZDtF25sq,m2,62,ok,,e00bc8ecb25d45f0a7fff2ea4e04ae85ea4bed8e51edf9f090af9851e9592673
run5-tbt-2s/nazionale,nazionale,2,539,541,46,c1,16RTwvjtNu8oaPEx44dk78wbLYzWZCaTwHkKxd,m1,123,ok,,ed0227be471b55e11d0441cede900bc7a5d5ca21d9738f133b0d6f91f49ba10b
run5-tbt-2s/nazionale,nazionale,2,541,542,46,c4,15MfkrDvfK6QQHJVoqzG9HgScKc8XrzWYXa7Sk,m2,50,ok,,8d0c18c1b0a8d4214dfe08a7f5aeb0542bc0511e054aa263bd125d6351dce1b2
run5-tbt-2s/nazionale,nazionale,2,543,545,46,c2,1LffcfYRs8mVNfNV493VbkxS6mD9UAuc8gvhGz,m1,83,ok,,e2832797a15931512b6953a5cee691803186cfd74cec07d1dace4814fe29fecc
run5-tbt-2s/nazionale,nazionale,2,543,545,46,c1,16RTwvjtNu8oaPEx44dk78wbLYzWZCaTwHkKxd,m1,124,ok,,143ad7dfc6375896de640dc912a76a90a9bd6cbffdd73d654f3223d7e51b4295
run5-tbt-2s/nazionale,nazionale,2,546,547,46,c3,1NxMuHRzQZoNq73HEYjXVA5qpYJV4MZDtF25sq,m2,63,ok,,ac07e8bb42a040f8b1035ec90c35c99b09aebca075c582787576682755839272
run5-tbt-2s/nazionale,nazionale,2,546,547,46,c1,16RTwvjtNu8oaPEx44dk78wbLYzWZCaTwHkKxd,m1,125,ok,,036cf33a253ca022723a5015685c9743986f488003f3d8ad45016b8faa515bf3
run5-tbt-2s/nazionale,nazionale,2,547,549,46,c2,1LffcfYRs8mVNfNV493VbkxS6mD9UAuc8gvhGz,m1,84,ok,,af34554a4e4c32b75953715842f54f2d7cfe44a9ae0a6315bf3dc8cb5662fbbf
run5-tbt-2s/nazionale,nazionale,2,549,550,46,c5,1aVSyFhFdvV1dbdL22neKvqvCFxQX4rx68z1NL,m3,41,ok,,b922464e2dacf2f4381ea6fa7a3086491277000f04be45d4d06e65af5ab16a06
run5-tbt-2s/nazionale,nazionale,2,549,550,46,c4,15MfkrDvfK6QQHJVoqzG9HgScKc8XrzWYXa7Sk,m2,51,ok,,9050b62925b6b5d621d8655d6c32f50a03511d3797ddab7c35a816cdf4906625
run5-tbt-2s/nazionale,nazionale,2,549,550,46,c1,16RTwvjtNu8oaPEx44dk78wbLYzWZCaTwHkKxd,m1,126,ok,,9a8fb60421e9986c760db7664dbd595126ea53b056fe4d7d3bae4851a278f321
run5-tbt-2s/nazionale,nazionale,2,553,554,47,c3,1NxMuHRzQZoNq73HEYjXVA5qpYJV4MZDtF25sq,m2,64,ok,,92cb45c414e4e790e873c82c0c207e249e79ff502659bce641f14aad6c85c157
run5-tbt-2s/nazionale,nazionale,2,553,554,47,c2,1LffcfYRs8mVNfNV493VbkxS6mD9UAuc8gvhGz,m1,85,ok,,2ff92f84a1689826922c1b702420f18406a9d310c5e6945f1ff3a2c8f0b0601f
run5-tbt-2s/nazionale,nazionale,2,553,554,47,c1,16RTwvjtNu8oaPEx44dk78wbLYzWZCaTwHkKxd,m1,127,ok,,8ba0f92e221b75e807961f4bb24c551e67e31ddf1cf3bc434c1692dfe110553b
run5-tbt-2s/nazionale,nazionale,2,556,558,47,c1,16RTwvjtNu8oaPEx44dk78wbLYzWZCaTwHkKxd,m1,128,ok,,7506e4742f57ebad7b551271d3790c245bfd449720ccaf752e16c19dfcb90c73
run5-tbt-2s/nazionale,nazionale,2,558,559,47,c4,15MfkrDvfK6QQHJVoqzG9HgScKc8XrzWYXa7Sk,m2,52,ok,,55271dc7d994e3bb3514fab540526533aa7c7847f482c38b27a06ed50eaff154
run5-tbt-2s/nazionale,nazionale,2,558,559,47,c2,1LffcfYRs8mVNfNV493VbkxS6mD9UAuc8gvhGz,m1,86,ok,,ad2d32fb93df0f0ac55ffc2244e5946a173f80a86070c083f793ae7996268577
run5-tbt-2s/nazionale,nazionale,2,559,560,47,c3,1NxMuHRzQZoNq73HEYjXVA5qpYJV4MZDtF25sq,m2,65,ok,,c622985a6c4116790c70d6e68d5187670186826e2a9c1a87993dd584c83f1c61
run5-tbt-2s/nazionale,nazionale,2,559,560,47,c1,16RTwvjtNu8oaPEx44dk78wbLYzWZCaTwHkKxd,m1,129,ok,,7bfcbeaf33bdfac5755f3e7d86895496c451d0e49de5ac4790bb1f1e6bd5008b
run5-tbt-2s/nazionale,nazionale,2,559,561,47,c5,1aVSyFhFdvV1dbdL22neKvqvCFxQX4rx68z1NL,m3,42,ok,,2539c6d3ae6173243e60911571815ce849042ed691a53ddfa73c49913d976f85
run5-tbt-2s/nazionale,nazionale,2,562,563,47,c2,1LffcfYRs8mVNfNV493VbkxS6mD9UAuc8gvhGz,m1,87,ok,,7813e0632fa967c11c61cd987273d7cddfd833043d4ad12f91e8367c01e92a94
run5-tbt-2s/nazionale,nazionale,2,562,563,47,c1,16RTwvjtNu8oaPEx44dk78wbLYzWZCaTwHkKxd,m1,130,ok,,638e2d5525b55a4f27464c4edb9bd1cb2973f1f7e3c109ac039be360009774d0
run5-tbt-2s/nazionale,nazionale,2,565,566,48,c4,15MfkrDvfK6QQHJVoqzG9HgScKc8XrzWYXa7Sk,m2,53,ok,,e24473b6f46ef0a4dbde861697a108151113e44955e77e8c1c29c37775a8914a
run5-tbt-2s/nazionale,nazionale,2,565,567,48,c3,1NxMuHRzQZoNq73HEYjXVA5qpYJV4MZDtF25sq,m2,66,ok,,4bbf7405fc8a605c5d3d7aa6532458504a0d1857164222ae22a5ca9e5dc6a974
run5-tbt-2s/nazionale,nazionale,2,565,567,48,c1,16RTwvjtNu8oaPEx44dk78wbLYzWZCaTwHkKxd,m1,131,ok,,20cb61cc49207a7b3873e59894162777ebb32c7f35aa9e99f9bb129c3e44028f
run5-tbt-2s/nazionale,nazionale,2,567,568,48,c2,1LffcfYRs8mVNfNV493VbkxS6mD9UAuc8gvhGz,m1,88,ok,,7b8b5065fba9e98d513d340a18c786026a71c318fa8630dd5d3b7ce1dfcf62d3
run5-tbt-2s/nazionale,nazionale,2,569,570,48,c1,16RTwvjtNu8oaPEx44dk78wbLYzWZCaTwHkKxd,m1,132,ok,,dfc330e4615b03e12ab34fc55e2a5a1752e6434d556cc89ef6d6071073cd3588
run5-tbt-2s/nazionale,nazionale,2,570,571,48,c5,1aVSyFhFdvV1dbdL22neKvqvCFxQX4rx68z1NL,m3,43,ok,,569ac05af8201d4af5922c8eb53119ea69551c933d6d043e947520903ae86dcd
run5-tbt-2s/nazionale,nazionale,2,572,573,48,c3,1NxMuHRzQZoNq73HEYjXVA5qpYJV4MZDtF25sq,m2,67,ok,,652dad297bb333786603df61aade10b0522f1ba2515df9f308f849bc1dcf4de4
run5-tbt-2s/nazionale,nazionale,2,572,573,48,c2,1LffcfYRs8mVNfNV493VbkxS6mD9UAuc8gvhGz,m1,89,ok,,9f0d47091c998a41bcb55537775ec23ce837c3a9f901e87706420d576cae572b
run5-tbt-2s/nazionale,nazionale,2,572,573,48,c1,16RTwvjtNu8oaPEx44dk78wbLYzWZCaTwHkKxd,m1,133,ok,,0a784919a5baa908e8677b42857af21ac740286b326651119c54c84fac5bbacd
run5-tbt-2s/nazionale,nazionale,2,574,575,48,c4,15MfkrDvfK6QQHJVoqzG9HgScKc8XrzWYXa7Sk,m2,54,ok,,58c42fae90b45eece1bc165d6682f53c2c87226242cf2026c56034b719d13783
run5-tbt-2s/nazionale,nazionale,2,576,577,49,c1,16RTwvjtNu8oaPEx44dk78wbLYzWZCaTwHkKxd,m1,134,ok,,d394fa6e8fa994b8df860d648cc5ae9c31eac91947b52577dc8a1a3e60b1d5ae
run5-tbt-2s/nazionale,nazionale,2,577,579,49,c2,1LffcfYRs8mVNfNV493VbkxS6mD9UAuc8gvhGz,m1,90,ok,,b7d5f137663ad13077dd42c39f489e3b84aa4001753990c1aa4d1326f0e67c5b
run5-tbt-2s/nazionale,nazionale,2,579,580,49,c3,1NxMuHRzQZoNq73HEYjXVA5qpYJV4MZDtF25sq,m2,68,ok,,e8522c2a107fa496c91072eca4477ad545944b5f61cb41380d128ed619b4af63
run5-tbt-2s/nazionale,nazionale,2,579,580,49,c1,16RTwvjtNu8oaPEx44dk78wbLYzWZCaTwHkKxd,m1,135,ok,,9be99cb0aa11139175c7f4c25e1041f52683149dc6b8a8d98ab35801aa4b15ff
run5-tbt-2s/nazionale,nazionale,2,580,581,49,c5,1aVSyFhFdvV1dbdL22neKvqvCFxQX4rx68z1NL,m3,44,ok,,7daf6f992f685182a3d3a430c1f814fae64a354fa8a69e57c49bb80f3104d69b
run5-tbt-2s/nazionale,nazionale,2,581,583,49,c4,15MfkrDvfK6QQHJVoqzG9HgScKc8XrzWYXa7Sk,m2,55,ok,,d43e8444f3e014bfadde4445c9b67108b3f07ef83fc10007c6f76a4196b95ff3
run5-tbt-2s/nazionale,nazionale,2,581,583,49,c2,1LffcfYRs8mVNfNV493VbkxS6mD9UAuc8gvhGz,m1,91,ok,,3cb57441b439be3afadac8ef9675025e307bf6eda218136f1dc4dc6aeaeca617
run5-tbt-2s/nazionale,nazionale,2,581,583,49,c1,16RTwvjtNu8oaPEx44dk78wbLYzWZCaTwHkKxd,m1,136,ok,,bc46c687e86b5a2bc4b7e138d54c91801670e01770d40166de78feec7ebcc3e3
run5-tbt-2s/nazionale,nazionale,2,584,586,49,c3,1NxMuHRzQZoNq73HEYjXVA5qpYJV4MZDtF25sq,m2,69,ok,,14cca2edeffefa07f80caef936c483f83293966783840861146ffb49199fafed
run5-tbt-2s/nazionale,nazionale,2,585,586,49,c1,16RTwvjtNu8oaPEx44dk78wbLYzWZCaTwHkKxd,m1,137,ok,,3c670b4a295c4bea278644cf1063592aad3bf06f2f66aef020da95598c9910f6
run5-tbt-2s/nazionale,nazionale,2,586,588,50,c2,1LffcfYRs8mVNfNV493VbkxS6mD9UAuc8gvhGz,m1,92,ok,,2b35d6bdfbec0ac3cf3eb0534a10ac9694d013b6cc9d3d781e6fecb49a0517c7
run5-tbt-2s/nazionale,nazionale,2,588,589,50,c1,16RTwvjtNu8oaPEx44dk78wbLYzWZCaTwHkKxd,m1,138,ok,,7e786520eed5b396e4574fcb0c2adfd48e988825b4661ae3f66b74f7c1ec1761
run5-tbt-2s/nazionale,nazionale,2,590,591,50,c5,1aVSyFhFdvV1dbdL22neKvqvCFxQX4rx68z1NL,m3,45,ok,,7aa35a33f50d0c332788c0180976d40b2c361ce665aea60034c59710df2c42f9
run5-tbt-2s/nazionale,nazionale,2,590,591,50,c4,15MfkrDvfK6QQHJVoqzG9HgScKc8XrzWYXa7Sk,m2,56,ok,,80a1d71e622d9dbc6f577d79a826ba4f8169a49979ece9677690da44d12ca084
run5-tbt-2s/nazionale,nazionale,2,591,593,50,c3,1NxMuHRzQZoNq73HEYjXVA5qpYJV4MZDtF25sq,m2,70,ok,,893cf79fabb180c8c8e827d6c4b172ee7090c3597042e6793902c427d99668df
run5-tbt-2s/nazionale,nazionale,2,591,592,50,c2,1LffcfYRs8mVNfNV493VbkxS6mD9UAuc8gvhGz,m1,93,ok,,f65ba3312d4c7e7181b625c2cda55bcf54d770240baada68460ceaad509e0948
run5-tbt-2s/nazionale,nazionale,2,591,593,50,c1,16RTwvjtNu8oaPEx44dk78wbLYzWZCaTwHkKxd,m1,139,ok,,101c2f113096f3bf34de41f80864bf4f2dca0f6b0de3a0559f71e29e3891601e
run5-tbt-2s/nazionale,nazionale,2,595,596,50,c1,16RTwvjtNu8oaPEx44dk78wbLYzWZCaTwHkKxd,m1,140,ok,,521c1d7275ff6e44d7b2cc1cc1e5c418f2e57f9c9a15c831344bc3f03fb77bd8
run5-tbt-2s/nazionale,nazionale,2,596,597,50,c2,1LffcfYRs8mVNfNV493VbkxS6mD9UAuc8gvhGz,m1,94,ok,,7d815e045318580066a8301261c794288c6b5b592eeff6414a80890e248ff25d
run5-tbt-2s/nazionale,nazionale,2,597,598,50,c4,15MfkrDvfK6QQHJVoqzG9HgScKc8XrzWYXa7Sk,m2,57,ok,,d93b3062ef7d673dce629b78ab325bb79fed0fa499758aadc5781dda0905d434
run5-tbt-2s/nazionale,nazionale,2,597,598,50,c3,1NxMuHRzQZoNq73HEYjXVA5qpYJV4MZDtF25sq,m2,71,ok,,4dbe6fa59b09d6217bede4fa6a1bf6416789cb0ff521473ec6411a33987c5482
run5-tbt-2s/nazionale,nazionale,2,597,599,50,c1,16RTwvjtNu8oaPEx44dk78wbLYzWZCaTwHkKxd,m1,141,ok,,2946d5f0dc5ff05be7aa02425c26c4c9ed3187110858e76c26ac0950cad86b69
run5-tbt-2s/nazionale,nazionale,2,600,601,51,c5,1aVSyFhFdvV1dbdL22neKvqvCFxQX4rx68z1NL,m3,46,ok,,da7e7e30cf8557f6775c8041651454666be50b5e41bcde222e5a24c7f78a5d5a
run5-tbt-2s/nazionale,nazionale,2,601,602,51,c2,1LffcfYRs8mVNfNV493VbkxS6mD9UAuc8gvhGz,m1,95,ok,,57bd0fb22084f3ef93bd33f56de6e3906afb979691d9d2aa87ba9f67edaba987
run5-tbt-2s/nazionale,nazionale,2,601,602,51,c1,16RTwvjtNu8oaPEx44dk78wbLYzWZCaTwHkKxd,m1,142,ok,,0a98c4a8b441d3f5a39a4077964c55a66f0ca604d06b98c68b54cacd606619df
run5-tbt-2s/nazionale,nazionale,2,604,605,51,c3,1NxMuHRzQZoNq73HEYjXVA5qpYJV4MZDtF25sq,m2,72,ok,,8190ea4f7f95dd8d1598610078ddfbfdedd682aee8da6963a4b7dd6f65dfcc9f
run5-tbt-2s/nazionale,nazionale,2,604,605,51,c1,16RTwvjtNu8oaPEx44dk78wbLYzWZCaTwHkKxd,m1,143,ok,,9f79456002e8357d92362dffa6930407ffaac32eefa0c2f826c3f69dab0892f8
run5-tbt-2s/nazionale,nazionale,2,605,607,51,c4,15MfkrDvfK6QQHJVoqzG9HgScKc8XrzWYXa7Sk,m2,58,ok,,91f36719deeb582ba1ae3745e99f6a16d952d3982ffe4528668e7dd021495ba2
run5-tbt-2s/nazionale,nazionale,2,605,607,51,c2,1LffcfYRs8mVNfNV493VbkxS6mD9UAuc8gvhGz,m1,96,ok,,56c94e41074bb74fe7a7754e91099b5eda42d9dbd15187ce6d4afe304256e84f
run5-tbt-2s/nazionale,nazionale,2,607,608,51,c1,16RTwvjtNu8oaPEx44dk78wbLYzWZCaTwHkKxd,m1,144,ok,,eb971167f9aafc7a57fa52169a5938768c8112d9adacf03f62ae1a4b7b87c237
run5-tbt-2s/nazionale,nazionale,2,609,610,51,c5,1aVSyFhFdvV1dbdL22neKvqvCFxQX4rx68z1NL,m3,47,ok,,521ab1e9563fd02973428ee93dc2b4f8197c863db37a1289f4f211dc70b22fee
run5-tbt-2s/nazionale,nazionale,2,610,611,51,c3,1NxMuHRzQZoNq73HEYjXVA5qpYJV4MZDtF25sq,m2,73,ok,,0018ad85075f229715f93ddba7df7e19050a48349f875c6b27be6794303230ae
run5-tbt-2s/nazionale,nazionale,2,610,611,51,c2,1LffcfYRs8mVNfNV493VbkxS6mD9UAuc8gvhGz,m1,97,ok,,49f74b4d790c1d527556533a02cece19778d392aa448ac309e336cef47ff0182
run5-tbt-2s/nazionale,nazionale,2,610,611,51,c1,16RTwvjtNu8oaPEx44dk78wbLYzWZCaTwHkKxd,m1,145,ok,,d3966ccf2125ebad73e5db028d8a3e22e54ac0f27013bea2ade30ce75bde621b
run5-tbt-2s/nazionale,nazionale,2,612,613,52,c4,15MfkrDvfK6QQHJVoqzG9HgScKc8XrzWYXa7Sk,m2,59,ok,,4eb2495585d6b9804dab980e50fd1332ea4348aaf64724dd63be87cabb9ee2f6
run5-tbt-2s/nazionale,nazionale,2,612,613,52,c1,16RTwvjtNu8oaPEx44dk78wbLYzWZCaTwHkKxd,m1,146,ok,,9ac6811eb938418adbd6100250e685ea692ffd250361d17d0ff852d5e5b0ee60
run5-tbt-2s/nazionale,nazionale,2,613,615,52,c2,1LffcfYRs8mVNfNV493VbkxS6mD9UAuc8gvhGz,m1,98,ok,,f2a7d5ea920e935a6aa1d85efdd1bc630303e50ee6a022d1088507ce82344253
run5-tbt-2s/nazionale,nazionale,2,615,617,52,c3,1NxMuHRzQZoNq73HEYjXVA5qpYJV4MZDtF25sq,m2,74,ok,,2e33838ad1ad23f37c62e5effa3bde560aec1650dec902f4395b2ed585f8aa04
run5-tbt-2s/nazionale,nazionale,2,615,617,52,c1,16RTwvjtNu8oaPEx44dk78wbLYzWZCaTwHkKxd,m1,147,ok,,108c189dbacbe3ae801b15533e6e5ab20488575f7c0b17a112a08445a412c736
run5-tbt-2s/nazionale,nazionale,2,619,620,52,c5,1aVSyFhFdvV1dbdL22neKvqvCFxQX4rx68z1NL,m3,48,ok,,17a45f1a6087df10f5001c084d7968931f12b2b3187d5e716acff1890ed175fc
run5-tbt-2s/nazionale,nazionale,2,619,620,52,c2,1LffcfYRs8mVNfNV493VbkxS6mD9UAuc8gvhGz,m1,99,ok,,93509565d66ada3ecef14e2cca945f403db872502244114c5291a617904376e7
run5-tbt-2s/nazionale,nazionale,2,619,620,52,c1,16RTwvjtNu8oaPEx44dk78wbLYzWZCaTwHkKxd,m1,148,ok,,a4388932976919c8376f669daf7d662e340aae86800e452ba3ea6e58c38339b9
run5-tbt-2s/nazionale,nazionale,2,621,622,52,c4,15MfkrDvfK6QQHJVoqzG9HgScKc8XrzWYXa7Sk,m2,60,ok,,d38f1c523b462414a2b1d1a34b830fb59007c5588607bbe587dfba212cd73019
run5-tbt-2s/nazionale,nazionale,2,622,624,53,c3,1NxMuHRzQZoNq73HEYjXVA5qpYJV4MZDtF25sq,m2,75,ok,,237f52955415bba225bad5c8abe71d64f6963a6859ae46f1b4426682869564ba
run5-tbt-2s/nazionale,nazionale,2,623,624,53,c1,16RTwvjtNu8oaPEx44dk78wbLYzWZCaTwHkKxd,m1,149,ok,,31f0e50fa47c893ab453decb8827daa802264b8227f5dda28cf6e7888f728018
run5-tbt-2s/nazionale,nazionale,2,624,625,53,c2,1LffcfYRs8mVNfNV493VbkxS6mD9UAuc8gvhGz,m1,100,ok,,4063f9c78d6e223e7a20b6151756dd191854ed820ce706d4e69fcfc90e8e5fdc
run5-tbt-2s/nazionale,nazionale,2,626,627,53,c1,16RTwvjtNu8oaPEx44dk78wbLYzWZCaTwHkKxd,m1,150,ok,,c750649ae9e74b68f4cca9eb2764465e13a1afb35e54e6cba00f63ba23e84d56
run5-tbt-2s/nazionale,nazionale,2,629,630,53,c5,1aVSyFhFdvV1dbdL22neKvqvCFxQX4rx68z1NL,m3,49,ok,,b14d93878dfd5952ca727bdc856598fd057eeafcc824f3de8b2a12c9180efcd3
run5-tbt-2s/nazionale,nazionale,2,629,630,53,c4,15MfkrDvfK6QQHJVoqzG9HgScKc8XrzWYXa7Sk,m2,61,ok,,90b761708bd942e362a3ad85bd11fec4dd3dee1508266683da245b71821d25a9
run5-tbt-2s/nazionale,nazionale,2,629,630,53,c3,1NxMuHRzQZoNq73HEYjXVA5qpYJV4MZDtF25sq,m2,76,ok,,359f71698122cc861af1ec7f77cad65dc561e88b71aa3a31d31aa55fa785f682
run5-tbt-2s/nazionale,nazionale,2,629,630,53,c2,1LffcfYRs8mVNfNV493VbkxS6mD9UAuc8gvhGz,m1,101,ok,,86baf937b8d6532072e0e9463ea3bbb20a024be2edd7181d69d7da5fa2cb2008
run5-tbt-2s/nazionale,nazionale,2,629,630,53,c1,16RTwvjtNu8oaPEx44dk78wbLYzWZCaTwHkKxd,m1,151,ok,,f1e103eb26ff73a13d8f940ca1df7bd0e28ec38c83d1f454940363b67e707ce3
run5-tbt-2s/nazionale,nazionale,2,632,634,53,c1,16RTwvjtNu8oaPEx44dk78wbLYzWZCaTwHkKxd,m1,152,ok,,7210bac736ed1e7a836d4084de717a517700f04974637e3918929f59fa3a1c03
run5-tbt-2s/nazionale,nazionale,2,634,635,53,c2,1LffcfYRs8mVNfNV493VbkxS6mD9UAuc8gvhGz,m1,102,ok,,e0e0445051290f4389d669468ae35a53fee6ed39edb548c440cb33d2efc348b5
run5-tbt-2s/nazionale,nazionale,2,635,637,54,c3,1NxMuHRzQZoNq73HEYjXVA5qpYJV4MZDtF25sq,m2,77,ok,,fe2345202c37d947247ed7f857c3cd654318d2fbc3168f22a912cb1e66c556f0
run5-tbt-2s/nazionale,nazionale,2,636,637,54,c1,16RTwvjtNu8oaPEx44dk78wbLYzWZCaTwHkKxd,m1,153,ok,,0d310cfe5331ed8b1fe65522479ff341521046f7b248b9fbfadca71693196860
run5-tbt-2s/nazionale,nazionale,2,637,638,54,c4,15MfkrDvfK6QQHJVoqzG9HgScKc8XrzWYXa7Sk,m2,62,ok,,dd686e1557bd4f80529e045e043e87624703db214e7ce295d54e6ed364aa4890
run5-tbt-2s/nazionale,nazionale,2,638,639,54,c2,1LffcfYRs8mVNfNV493VbkxS6mD9UAuc8gvhGz,m1,103,ok,,1ba5edb5503108c0b7688230744fc8988be49777061a286f820a5fb30331e161
run5-tbt-2s/nazionale,nazionale,2,638,639,54,c1,16RTwvjtNu8oaPEx44dk78wbLYzWZCaTwHkKxd,m1,154,ok,,68d48b18f6c2d2daf30145ab4dac156f76f4c40f4ec1cced4ac0eec6e0f62619
run5-tbt-2s/nazionale,nazionale,2,638,639,54,c5,1aVSyFhFdvV1dbdL22neKvqvCFxQX4rx68z1NL,m3,50,ok,,359d135e1cfde1b4b8785203b57309337ba3f33285e622878934c9105c63ca77
run5-tbt-2s/nazionale,nazionale,2,641,642,54,c3,1NxMuHRzQZoNq73HEYjXVA5qpYJV4MZDtF25sq,m2,78,ok,,8c8ce2a02484bc33e6f71f6ae7fcdf09a59fac86cf52d50c8a48dd1a5cbedd30
run5-tbt-2s/nazionale,nazionale,2,641,642,54,c1,16RTwvjtNu8oaPEx44dk78wbLYzWZCaTwHkKxd,m1,155,ok,,ab8fb4cb33ae100c12f4334b2e9fcde0fd5c80980b00b8be522ddd829b1bde60
run5-tbt-2s/nazionale,nazionale,2,642,643,54,c2,1LffcfYRs8mVNfNV493VbkxS6mD9UAuc8gvhGz,m1,104,ok,,94448ebffbe66c0a54e1d774850a9734cc0dc6f96ff98a31b6f52741b9934dbf
run5-tbt-2s/nazionale,nazionale,2,644,645,54,c4,15MfkrDvfK6QQHJVoqzG9HgScKc8XrzWYXa7Sk,m2,63,ok,,06861c70365ea7a7f4b240bc29a43b9bf8707aac027beb3872fe6ac0b9cc799d
run5-tbt-2s/nazionale,nazionale,2,644,645,54,c1,16RTwvjtNu8oaPEx44dk78wbLYzWZCaTwHkKxd,m1,156,ok,,bab450719393821125170befebf3a9fa12ad8054812d3aeea55935960a417b0b
run5-tbt-2s/nazionale,nazionale,2,646,648,55,c3,1NxMuHRzQZoNq73HEYjXVA5qpYJV4MZDtF25sq,m2,79,ok,,c225f4c3004ea5e29ea128c8bc1a3697b770fffa87fa0701165fbc1fa92f1c83
run5-tbt-2s/nazionale,nazionale,2,646,648,55,c2,1LffcfYRs8mVNfNV493VbkxS6mD9UAuc8gvhGz,m1,105,ok,,9b272a51eee9c56b2e3fbf544810afe9d294d22ddeb55d3e1f930678bf2db444
run5-tbt-2s/nazionale,nazionale,2,647,648,55,c1,16RTwvjtNu8oaPEx44dk78wbLYzWZCaTwHkKxd,m1,157,ok,,7a92f15694cdbfbcacf77f428a586fcc56687a8de2d96f0b8a6e443bd5503563
run5-tbt-2s/nazionale,nazionale,2,647,648,55,c5,1aVSyFhFdvV1dbdL22neKvqvCFxQX4rx68z1NL,m3,51,ok,,65a97df029fc27723231363e1a6d4fd57c8c6d8e4ab822157e324807544dd02f
run5-tbt-2s/nazionale,nazionale,2,649,650,55,c1,16RTwvjtNu8oaPEx44dk78wbLYzWZCaTwHkKxd,m1,158,ok,,2916b9175b2a7e4b504b4bfae19595504a08d31854944c044052a470c01f909d
run5-tbt-2s/nazionale,nazionale,2,650,652,55,c4,15MfkrDvfK6QQHJVoqzG9HgScKc8XrzWYXa7Sk,m2,64,ok,,5e08db8ad813da4b1777840ba984b1461cfe228d750e192cc7fa66050d38ebdb
run5-tbt-2s/nazionale,nazionale,2,650,652,55,c2,1LffcfYRs8mVNfNV493VbkxS6mD9UAuc8gvhGz,m1,106,ok,,dc02f3dbcb04f50590613400dcd324b45d6ed4d50f3a58ccc15527f95a48c7e2
run5-tbt-2s/nazionale,nazionale,2,652,654,55,c3,1NxMuHRzQZoNq73HEYjXVA5qpYJV4MZDtF25sq,m2,80,ok,,bf600734f2581739906ab5ee52d97b2b646aea7b4c49a489ea55506c3e832efc
run5-tbt-2s/nazionale,nazionale,2,652,654,55,c1,16RTwvjtNu8oaPEx44dk78wbLYzWZCaTwHkKxd,m1,159,ok,,2a7ad8bab6b0831ad6a8a29fda2fe7535604dba871191bebc487e4a7d070acf5
run5-tbt-2s/nazionale,nazionale,2,656,657,55,c2,1LffcfYRs8mVNfNV493VbkxS6mD9UAuc8gvhGz,m1,107,ok,,d1c0304e88f4444d960a3bcedf927a37febba330afb90c08170a93b12af1baa6
run5-tbt-2s/nazionale,nazionale,2,656,657,55,c1,16RTwvjtNu8oaPEx44dk78wbLYzWZCaTwHkKxd,m1,160,ok,,a2575a6d0b9961e66342b473e6f150e15c95ac399f05aa1cb017a8b8242f8d48
run5-tbt-2s/nazionale,nazionale,2,657,658,55,c5,1aVSyFhFdvV1dbdL22neKvqvCFxQX4rx68z1NL,m3,52,ok,,81f7dd0353e9f48eea5828cebe7a2d4818ae6857cf239cef80132beb187385dc
run5-tbt-2s/nazionale,nazionale,2,659,660,56,c4,15MfkrDvfK6QQHJVoqzG9HgScKc8XrzWYXa7Sk,m2,65,ok,,159963d85210cbdbbbc7c0d16239fb41b6913cfdbbeb787e694ec8d61326a39e
run5-tbt-2s/nazionale,nazionale,2,659,660,56,c3,1NxMuHRzQZoNq73HEYjXVA5qpYJV4MZDtF25sq,m2,81,ok,,fca0b39f2d205ec790fb3fcc2f4ce87b3a70c9a2f6240e1daac11ca828638c47
run5-tbt-2s/nazionale,nazionale,2,659,660,56,c1,16RTwvjtNu8oaPEx44dk78wbLYzWZCaTwHkKxd,m1,161,ok,,d55d023b037097265213a03379f5c2009c808c39b2f495261ba5758ab48e3a30
run5-tbt-2s/nazionale,nazionale,2,660,662,56,c2,1LffcfYRs8mVNfNV493VbkxS6mD9UAuc8gvhGz,m1,108,ok,,06017860b9d0d8ab3a9538bf4edd5880a1d2e5d4e025aef5ffed3c8f1423afec
run5-tbt-2s/nazionale,nazionale,2,662,663,56,c1,16RTwvjtNu8oaPEx44dk78wbLYzWZCaTwHkKxd,m1,162,ok,,e0ac9b5da27ce1a5e146e572ed88076ae087981e06deaabea909b3caa0fce142
run5-tbt-2s/nazionale,nazionale,2,664,665,56,c3,1NxMuHRzQZoNq73HEYjXVA5qpYJV4MZDtF25sq,m2,82,ok,,d537cf487b05838c5df36c5c9239b7d59e4e0afb47af6bff5ae0161aee6ab2b7
run5-tbt-2s/nazionale,nazionale,2,664,666,56,c2,1LffcfYRs8mVNfNV493VbkxS6mD9UAuc8gvhGz,m1,109,ok,,7e2d2c1fc8c88b64a0c353b9b9cd52eafbe7e74cff33c105eca1a8ae513bcf65
run5-tbt-2s/nazionale,nazionale,2,664,666,56,c1,16RTwvjtNu8oaPEx44dk78wbLYzWZCaTwHkKxd,m1,163,ok,,53591f5eb68ba9c8e665b4ae317213ff7547733334187e3589afa6c2ee722270
run5-tbt-2s/nazionale,nazionale,2,666,668,56,c5,1aVSyFhFdvV1dbdL22neKvqvCFxQX4rx68z1NL,m3,53,ok,,fde180211731f0286e2ff459dd169110128c56010e6583faa0609116d15189c7
run5-tbt-2s/nazionale,nazionale,2,666,668,56,c4,15MfkrDvfK6QQHJVoqzG9HgScKc8XrzWYXa7Sk,m2,66,ok,,0e4cbf8e70e2afba11d243d0c3812c2942deecf10be41e00932f5b3ccf5f5615
run5-tbt-2s/nazionale,nazionale,2,668,669,56,c1,16RTwvjtNu8oaPEx44dk78wbLYzWZCaTwHkKxd,m1,164,ok,,ae320cd0d7a1d32c9cbf23f17ddc08d205f40f4179cf752438424b02ad2d28aa
run5-tbt-2s/nazionale,nazionale,2,669,670,56,c2,1LffcfYRs8mVNfNV493VbkxS6mD9UAuc8gvhGz,m1,110,ok,,86e28feaa5c63925c08936875345ca290b40da1d430c4d9097795d835738fdd1
run5-tbt-2s/nazionale,nazionale,2,670,672,57,c3,1NxMuHRzQZoNq73HEYjXVA5qpYJV4MZDtF25sq,m2,83,ok,,ababc3258ca3f8aa0594cdc5881e13452afc4c33c8f63b766c1f308a30d01aea
run5-tbt-2s/nazionale,nazionale,2,671,672,57,c1,16RTwvjtNu8oaPEx44dk78wbLYzWZCaTwHkKxd,m1,165,ok,,f17ef743e2cb84ac0fee2234c1d0b416b3359e8578dbd09a273028b9072993ce
run5-tbt-2s/nazionale,nazionale,2,674,675,57,c4,15MfkrDvfK6QQHJVoqzG9HgScKc8XrzWYXa7Sk,m2,67,ok,,65781a265c19429ac8e4a8843989c696db9b7d762bba5001f2df7453e06359f2
run5-tbt-2s/nazionale,nazionale,2,674,675,57,c2,1LffcfYRs8mVNfNV493VbkxS6mD9UAuc8gvhGz,m1,111,ok,,c3aab51173531dea55a7f702c7f5533785d91bfc7d9729f7a4ae70749932d824
run5-tbt-2s/nazionale,nazionale,2,674,675,57,c1,16RTwvjtNu8oaPEx44dk78wbLYzWZCaTwHkKxd,m1,166,ok,,e23ff1394fe5ae925c6411b6907bd351cce1be07a972a23194783b14a0f814b3
run5-tbt-2s/nazionale,nazionale,2,675,677,57,c5,1aVSyFhFdvV1dbdL22neKvqvCFxQX4rx68z1NL,m3,54,ok,,1970f7cf8df66080b05209da056c3219b8873724add2df8256fa2303fbf1c2be
run5-tbt-2s/nazionale,nazionale,2,676,677,57,c3,1NxMuHRzQZoNq73HEYjXVA5qpYJV4MZDtF25sq,m2,84,ok,,b167f4cbe91ed2c336ab3984c9ce4389c2fc46bc1fb8a17b42decefb7a824364
run5-tbt-2s/nazionale,nazionale,2,676,678,57,c1,16RTwvjtNu8oaPEx44dk78wbLYzWZCaTwHkKxd,m1,167,ok,,92144d763d8b216f81b90c22b103cb8fc10c82798a4b0cd98ad7cf3175bb1b73
run5-tbt-2s/nazionale,nazionale,2,678,679,57,c2,1LffcfYRs8mVNfNV493VbkxS6mD9UAuc8gvhGz,m1,112,ok,,8816b94892c04adc6e87c6ae423556663939961a826ec5a18535e8814a937230
run5-tbt-2s/nazionale,nazionale,2,679,680,57,c1,16RTwvjtNu8oaPEx44dk78wbLYzWZCaTwHkKxd,m1,168,ok,,f788d6892f6a83b15933af032ce8767b84f39b46bd86e9c6a886a4976058b58c
run5-tbt-2s/nazionale,nazionale,2,680,681,57,c4,15MfkrDvfK6QQHJVoqzG9HgScKc8XrzWYXa7Sk,m2,68,ok,,7523d33c8e8e0d51e1c6a701495c1697a46363c054e73c5da71f57f54b34ecbc
run5-tbt-2s/nazionale,nazionale,2,682,683,57,c3,1NxMuHRzQZoNq73HEYjXVA5qpYJV4MZDtF25sq,m2,85,ok,,f1b467f1528c2c838fc6b44e443f11d93355d21ba7725e0f79a1a786eef2d91d
run5-tbt-2s/nazionale,nazionale,2,682,683,57,c2,1LffcfYRs8mVNfNV493VbkxS6mD9UAuc8gvhGz,m1,113,ok,,a5394a3ecbfe330affb784c559e21ef73e839a7118f54214fdb1e54fe2d9b7c9
run5-tbt-2s/nazionale,nazionale,2,682,683,57,c1,16RTwvjtNu8oaPEx44dk78wbLYzWZCaTwHkKxd,m1,169,ok,,efbf31c10b27f9508ebaeb0886f63ea9ce5afc4b38c586733d821b8c905fe1d0
run5-tbt-2s/nazionale,nazionale,2,684,685,58,c5,1aVSyFhFdvV1dbdL22neKvqvCFxQX4rx68z1NL,m3,55,ok,,4346896220edc78deef6427f6e4727f9fd2ae74fccf78a64bacde2676953fdc5
run5-tbt-2s/nazionale,nazionale,2,685,687,58,c1,16RTwvjtNu8oaPEx44dk78wbLYzWZCaTwHkKxd,m1,170,ok,,c03240958079a91bff74fa4b1fb2c5f31b2c98e84e58b84ebc47462e9b249833
run5-tbt-2s/nazionale,nazionale,2,686,688,58,c2,1LffcfYRs8mVNfNV493VbkxS6mD9UAuc8gvhGz,m1,114,ok,,d45adb6ae3ad09a6081873efe1286c6c5762a31e35a810301fb0819365bda3da
run5-tbt-2s/nazionale,nazionale,2,688,689,58,c4,15MfkrDvfK6QQHJVoqzG9HgScKc8XrzWYXa7Sk,m2,69,ok,,b39d000039c28bdfb4a7ab262e8184c5062b456f41e334adc86ee2e06bca96cc
run5-tbt-2s/nazionale,nazionale,2,688,689,58,c3,1NxMuHRzQZoNq73HEYjXVA5qpYJV4MZDtF25sq,m2,86,ok,,119370f3a715fbef66898f6d9e721ef1daf61d74c2a0e0dd06caf65f83dc4c36
run5-tbt-2s/nazionale,nazionale,2,688,689,58,c1,16RTwvjtNu8oaPEx44dk78wbLYzWZCaTwHkKxd,m1,171,ok,,5f2b56bd577765664b7fce27d0c03ca40c578079c723df2ed6a1dcf5005ec82a
run5-tbt-2s/nazionale,nazionale,2,691,692,58,c2,1LffcfYRs8mVNfNV493VbkxS6mD9UAuc8gvhGz,m1,115,ok,,d02a4346cd0f9e8de8eac0cb81fb5f63f7fe530c5d0b4a6eb1cfd51655e3d9e2
run5-tbt-2s/nazionale,nazionale,2,691,692,58,c1,16RTwvjtNu8oaPEx44dk78wbLYzWZCaTwHkKxd,m1,172,ok,,671e943bfc4f2f21a247c8f02a1638d6676503d39d15a7b285c1ed40667fb622
run5-tbt-2s/nazionale,nazionale,2,694,695,58,c5,1aVSyFhFdvV1dbdL22neKvqvCFxQX4rx68z1NL,m3,56,ok,,1ce30b9ab1297f625fa754b397d482c3e332a5e0003bb31da30c8d3a9beefad5
run5-tbt-2s/nazionale,nazionale,2,694,696,59,c3,1NxMuHRzQZoNq73HEYjXVA5qpYJV4MZDtF25sq,m2,87,ok,,e5803bfc19b5994348762c9decdc00bcf7bca4cd7fc75e8cf5ebc3738bfce146
run5-tbt-2s/nazionale,nazionale,2,694,696,59,c1,16RTwvjtNu8oaPEx44dk78wbLYzWZCaTwHkKxd,m1,173,ok,,179d8de0fb923eee7042ec04f82379460c7da66a5118d5d922e23d5a373d984b
run5-tbt-2s/nazionale,nazionale,2,696,697,59,c4,15MfkrDvfK6QQHJVoqzG9HgScKc8XrzWYXa7Sk,m2,70,ok,,4b2c631fdbcb5506b49ee0b2d6771207831d1c76625516db6ab1ec6df2e277eb
run5-tbt-2s/nazionale,nazionale,2,696,697,59,c2,1LffcfYRs8mVNfNV493VbkxS6mD9UAuc8gvhGz,m1,116,ok,,1b7ee867cee340f9caf69dba9e4b48df1ffc27550d0f9f1f70dd07925e993b77
run5-tbt-2s/nazionale,nazionale,2,697,698,59,c1,16RTwvjtNu8oaPEx44dk78wbLYzWZCaTwHkKxd,m1,174,ok,,ee6112a3df408a1c978814323f3b5078fef055b207a89a6646b4d925cb445fef
run5-tbt-2s/nazionale,nazionale,2,700,701,59,c3,1NxMuHRzQZoNq73HEYjXVA5qpYJV4MZDtF25sq,m2,88,ok,,323d87315b2e4cd4de7ae25f0a9ae519846264ac7b2d5bd9649ace4d82303091
run5-tbt-2s/nazionale,nazionale,2,700,701,59,c2,1LffcfYRs8mVNfNV493VbkxS6mD9UAuc8gvhGz,m1,117,ok,,115d013a6159ac200ca6c1e4199e252a0ec3b8e054eb55b2087291eee1672a09
run5-tbt-2s/nazionale,nazionale,2,700,701,59,c1,16RTwvjtNu8oaPEx44dk78wbLYzWZCaTwHkKxd,m1,175,ok,,44e45554649f4ca7720727ba16b5f8157ac7db5f0b07c8122687ee30677bf4a3
