send_height,host,address,seq,txid,error,confirm_height
67,c5,17V2VF5b1CmigfPVqujRoCWaiNfGZHdigz6HU7,1,ef23b6ce74181521c3120ac3b71cc3c24fbf778163a1b0a1860773061833e04e,,68
67,c1,1X2L9fkqq9LAbwPDz1SqCJiNrmxKdikgue6yYZ,1,8da5cf8037b22edeaf235b7f0eea29367c88d9398afb45e8757194e778d5634e,,68
67,c4,1KJxpGjjCx4L4ui7yXDrVyjxijxMShNRXcS3XB,1,4354e188092919ec482826051ab36655850b49af551bd68433428bbb598b8052,,68
67,c3,1ZeK9j4KbGp26TqiEj712Uy3dDSxEvoCgHx2pJ,1,67f705cb83477644c4b13a7eb5ed7ea578e2becd308f7e4ae2d21e663bcb8c51,,68
67,c2,1UxnAi2fFtTDq4ueXQFEL4zi8MwtVHREpjHc6h,1,e632eaaafa4504a64be93ac763bd507e0ba58bd4fb692fe8e2d2d8dbb5b4672e,,68
68,c1,1X2L9fkqq9LAbwPDz1SqCJiNrmxKdikgue6yYZ,2,a502a7d1c5306b4d1ee249e82344590be5710685b6cc6a9025249ae39ca5ee69,,70
69,c2,1UxnAi2fFtTDq4ueXQFEL4zi8MwtVHREpjHc6h,2,8c3fc66542eadaa30f9ae7361da865017e5721db67753370d95847c24077d4c5,,70
70,c3,1ZeK9j4KbGp26TqiEj712Uy3dDSxEvoCgHx2pJ,2,ef12ada97df12ccb48836b71f876dcea0046f07222c68a33968ba61713b7dbe8,,71
70,c1,1X2L9fkqq9LAbwPDz1SqCJiNrmxKdikgue6yYZ,3,5be5ab18e50d592642a0636a103c50c13537a8343722fa6185fa352b2da732e9,,71
70,c4,1KJxpGjjCx4L4ui7yXDrVyjxijxMShNRXcS3XB,2,e03c331f15a333a458100daa29ebf0537eecafbb30786d2665fedd316ff09b32,,72
71,c2,1UxnAi2fFtTDq4ueXQFEL4zi8MwtVHREpjHc6h,3,1d6e643ed0c1bf61259917eaf6368dfb2b8ef8990168e23418221956c8e7e47d,,72
71,c1,1X2L9fkqq9LAbwPDz1SqCJiNrmxKdikgue6yYZ,4,64d372e67e87ab6f604e2542b569cd77eb532688a8b23f4e25b32844eff11699,,72
72,c5,17V2VF5b1CmigfPVqujRoCWaiNfGZHdigz6HU7,2,16993102cf0e3d672a7a5063e5d4a9505614b07a8fc119f944e33df577e4c422,,73
73,c3,1ZeK9j4KbGp26TqiEj712Uy3dDSxEvoCgHx2pJ,3,9f13b31829f756551b0f9f4d1edf57db7dc8f37c29eb1d1594ca994d61916a1b,,74
73,c1,1X2L9fkqq9LAbwPDz1SqCJiNrmxKdikgue6yYZ,5,9b6e1867c8b58e62e8bcd463e0acb34b2fb94a0977b97a02c60280312dafe24f,,74
74,c2,1UxnAi2fFtTDq4ueXQFEL4zi8MwtVHREpjHc6h,4,a2b06b88f23b08d5bc3a63650d59826c50cceb22dc7aaa81ddc8ca9e662a5184,,75
75,c4,1KJxpGjjCx4L4ui7yXDrVyjxijxMShNRXcS3XB,3,0e1dc9a0100d8f48371ccf9dedcedad90cfd076da2110da75af67d3cd926ad4f,,76
75,c1,1X2L9fkqq9LAbwPDz1SqCJiNrmxKdikgue6yYZ,6,78a93d8f0d6f46d0fe35b93cf788fb807a631bf24c85aded92f2379011107a6c,,76
77,c3,1ZeK9j4KbGp26TqiEj712Uy3dDSxEvoCgHx2pJ,4,13e4065c64700526897dd36537344b842f04c5f8bd75ca0e47257e48921fbe4b,,78
77,c2,1UxnAi2fFtTDq4ueXQFEL4zi8MwtVHREpjHc6h,5,c816b100a60f935cc65bf3c65ae71bbc0cdd987269bcc890d1e3470627fa9540,,78
77,c1,1X2L9fkqq9LAbwPDz1SqCJiNrmxKdikgue6yYZ,7,aeb0049b384007f6ca8fff92e189a0dc6666d6719b257930b2a933bb461d52a4,,78
77,c5,17V2VF5b1CmigfPVqujRoCWaiNfGZHdigz6HU7,3,6f7fe18f2a5f30789a9f12439405bfb370bb73f6b17a8a9e2365d40825244d1f,,78
78,c1,1X2L9fkqq9LAbwPDz1SqCJiNrmxKdikgue6yYZ,8,b5ee817476df4bfff59b01fc556d550a5dd01e5468501e6c86a4f29bfc0d2d59,,79
79,c4,1KJxpGjjCx4L4ui7yXDrVyjxijxMShNRXcS3XB,4,0b4c020214a94a52959be6b34e979b45c98bef636accc6c989af19de42b563b2,,80
79,c2,1UxnAi2fFtTDq4ueXQFEL4zi8MwtVHREpjHc6h,6,1a850789ef8ccca07c409016123f9c97a410fa42ba97b74cf4e3fdfb3d14dfb1,,80
80,c3,1ZeK9j4KbGp26TqiEj712Uy3dDSxEvoCgHx2pJ,5,36ea9b7ddf55044c6dfb7f43c3a7776ac6724eafb2bfc3c14c2508d3c877be26,,81
80,c1,1X2L9fkqq9LAbwPDz1SqCJiNrmxKdikgue6yYZ,9,e322e5116ef35b01434232a1859288861b8b1470fe597108538d10f90f805c19,,81
81,c2,1UxnAi2fFtTDq4ueXQFEL4zi8MwtVHREpjHc6h,7,f8cd96ada18f58c794fce5147372225fa93913c4daa9fea75a0639af91601cf6,,82
81,c1,1X2L9fkqq9LAbwPDz1SqCJiNrmxKdikgue6yYZ,10,7399f4b1775e70d1f138bb26d4f191e2cde06bfeb9d2e217496aa493ab11b33a,,82
82,c5,17V2VF5b1CmigfPVqujRoCWaiNfGZHdigz6HU7,4,40cb99341c2f154abb5e4779e3cd96587071b46ec7629ce513c4efb0e71a79a7,,83
83,c4,1KJxpGjjCx4L4ui7yXDrVyjxijxMShNRXcS3XB,5,f4778b8e0a29f9db50e88cf5e9d96293785981a90ad5ff03b8854bbdf44384d1,,84
83,c3,1ZeK9j4KbGp26TqiEj712Uy3dDSxEvoCgHx2pJ,6,0821c600c73bcaae4c92893356f395296f391b411f9a0e71f6f0c1dfdcfcdf37,,84
83,c1,1X2L9fkqq9LAbwPDz1SqCJiNrmxKdikgue6yYZ,11,dada1d9b5cf6e3f75ac0ed8d5c384a3fef32279b069bd07fcddff9248af285ba,,84
84,c2,1UxnAi2fFtTDq4ueXQFEL4zi8MwtVHREpjHc6h,8,9ef3cf2be104f03b54a1cccbfa3556e58055eb808fced32ac7087c0f86fa1a1d,,85
85,c1,1X2L9fkqq9LAbwPDz1SqCJiNrmxKdikgue6yYZ,12,392edc34a7acee3c5207ef7e45436c6e529f642e8dcdc53ca8e938bb5695160b,,86
86,c3,1ZeK9j4KbGp26TqiEj712Uy3dDSxEvoCgHx2pJ,7,e818a9d63dd512e130ed106a8f9ecc06ad84cbed1a97b0f82c7d0e45d95c3ab7,,87
86,c2,1UxnAi2fFtTDq4ueXQFEL4zi8MwtVHREpjHc6h,9,d94cfc60a78e40a6123d5b1e69601a106244751eb3f51c38c8497304ad5d1411,,87
86,c1,1X2L9fkqq9LAbwPDz1SqCJiNrmxKdikgue6yYZ,13,6ce3fa964ddc23a8b9deb8744c6ba713006896d797086044b217c806124e402f,,87
86,c5,17V2VF5b1CmigfPVqujRoCWaiNfGZHdigz6HU7,5,85274d21682989f538e4f27ebde75044fdbae24d28919b1617744a6db2f4f726,,88
86,c4,1KJxpGjjCx4L4ui7yXDrVyjxijxMShNRXcS3XB,6,8450d970f8bdc2338491d145bdb4ae10e9a45edb7a07919b55ef1bb3c92c2812,,88
87,c1,1X2L9fkqq9LAbwPDz1SqCJiNrmxKdikgue6yYZ,14,d9d1c6fd089fb20b0e958705945f9b8168f5c55d427588e6d4d5a97848f9c008,,88
88,c2,1UxnAi2fFtTDq4ueXQFEL4zi8MwtVHREpjHc6h,10,5d5321d85d42b1a10797783070ce0a7cb5f02531d998e2e35db2bdb91596698d,,89
88,c3,1ZeK9j4KbGp26TqiEj712Uy3dDSxEvoCgHx2pJ,8,631a658e7c21d291ea1fc8760bee0bcb7c400fece7b853d5c812a7428565a3bf,,89
88,c1,1X2L9fkqq9LAbwPDz1SqCJiNrmxKdikgue6yYZ,15,42f0ac3322bf9a290f39baf33d59f49e809d204fe72e56f4cd5ff9845ccfa69e,,89
90,c4,1KJxpGjjCx4L4ui7yXDrVyjxijxMShNRXcS3XB,7,2cd0f479470308c4a2adccceb786d157510834a323cf699d192185b0c651628b,,92
90,c2,1UxnAi2fFtTDq4ueXQFEL4zi8MwtVHREpjHc6h,11,0cb67a4d30e13c66264aa1e0147c748633bc92c51a1bc6e010856e36f6b08b62,,92
90,c1,1X2L9fkqq9LAbwPDz1SqCJiNrmxKdikgue6yYZ,16,ee3698ea3a14f873b71322e337240ce7be2513435f8d3d57da174a366b5727af,,92
91,c5,17V2VF5b1CmigfPVqujRoCWaiNfGZHdigz6HU7,6,4ee84ec8660e2ee52cc5ef05a38132ac538cf917159be36bdba203b53b9e711a,,92
92,c3,1ZeK9j4KbGp26TqiEj712Uy3dDSxEvoCgHx2pJ,9,d361c29071e4c549acad24656b3503b84f901e5001cd0fed2bf4c58805448f1a,,93
92,c1,1X2L9fkqq9LAbwPDz1SqCJiNrmxKdikgue6yYZ,17,8f56692317d1f37b9c1ae97ea71a31b3b71cc23d22acaa357286c8b4d5e5be8a,,93
92,c2,1UxnAi2fFtTDq4ueXQFEL4zi8MwtVHREpjHc6h,12,723e294dcd62b1f9035fb5371148771d95fdde02c54c6308a24c55eebbb8d46b,,93
94,c1,1X2L9fkqq9LAbwPDz1SqCJiNrmxKdikgue6yYZ,18,a35c2bcdd37db5d0ed77ae1633f0436f8da8d5552369fafb2e00ebcb2cf2049a,,95
94,c4,1KJxpGjjCx4L4ui7yXDrVyjxijxMShNRXcS3XB,8,020a5cdf71df37f5d5a09ac68250c8bd9849976e0072128b63f9d005fd065d9c,,95
95,c3,1ZeK9j4KbGp26TqiEj712Uy3dDSxEvoCgHx2pJ,10,275017e95665789012e9d9f720277465ffc8be3599e925b66c499c3e4b9c33eb,,96
95,c2,1UxnAi2fFtTDq4ueXQFEL4zi8MwtVHREpjHc6h,13,f4e6d6f3ad186329e82f40d0c959aa071a270819ee32078c7153c1df67cdfbdd,,96
95,c1,1X2L9fkqq9LAbwPDz1SqCJiNrmxKdikgue6yYZ,19,53d044dce932d3fcfff5a85124dd4bb60e296416e7b804c40f900de1747907d7,,96
96,c5,17V2VF5b1CmigfPVqujRoCWaiNfGZHdigz6HU7,7,42f47a2c6bfef35c9ecc15f12073499a769476e9dd213643d59d1836836987c0,,97
97,c1,1X2L9fkqq9LAbwPDz1SqCJiNrmxKdikgue6yYZ,20,826564a8f01b5afef4e830f51ab0ab2745666014d5a1ba19b5fb504ccc544bf2,,98
97,c2,1UxnAi2fFtTDq4ueXQFEL4zi8MwtVHREpjHc6h,14,10ee094da0098ae843bbcce42a388920317ef05bc59fd1dac8fe3db97395ea79,,98
98,c4,1KJxpGjjCx4L4ui7yXDrVyjxijxMShNRXcS3XB,9,c90bb481d3ec4b00246fd0d74d0af39635581589dd075373c211fc11b26c80c0,,99
98,c3,1ZeK9j4KbGp26TqiEj712Uy3dDSxEvoCgHx2pJ,11,bb1da763bd842312094295b594a05a426139df4ece547f8ad5dcb2c52be9302c,,99
98,c1,1X2L9fkqq9LAbwPDz1SqCJiNrmxKdikgue6yYZ,21,3109c2e9fdce7aa2472e9ff509da2f19d690fea171896ba5c4afc3baeac2a5af,,99
99,c2,1UxnAi2fFtTDq4ueXQFEL4zi8MwtVHREpjHc6h,15,49b6199c51e8869f004fd477668e7f57e25f8b90295dddf9dd3158dd7548aae8,,100
99,c1,1X2L9fkqq9LAbwPDz1SqCJiNrmxKdikgue6yYZ,22,242bac63bbe7d61e3d140cd16df156b5f9f123c89115428fab08c96e9fe60231,,100
100,c5,17V2VF5b1CmigfPVqujRoCWaiNfGZHdigz6HU7,8,19ccd1d37c3da705f79ed95e44136e3d3398c831bf83aa4334b19b900ef8b7f9,,102
101,c3,1ZeK9j4KbGp26TqiEj712Uy3dDSxEvoCgHx2pJ,12,bd0057f9fae35cbb7daf15a139b79874c4a069c98ef6ac77bb29ce7eaf8a621b,,102
101,c1,1X2L9fkqq9LAbwPDz1SqCJiNrmxKdikgue6yYZ,23,a444c8826c53cc6d5be7212fdf62a68132ef40705f22bf19c24c9b863e0e9b11,,102
101,c4,1KJxpGjjCx4L4ui7yXDrVyjxijxMShNRXcS3XB,10,50f07f9ef9d2d75bca4d740fdfef520ff1670d3c3be17df095cc3c249f50e986,,102
101,c2,1UxnAi2fFtTDq4ueXQFEL4zi8MwtVHREpjHc6h,16,85e42a17560ba3c89818763f175151a8f3262fe21469ac2900b78af0f6f49d67,,102
102,c1,1X2L9fkqq9LAbwPDz1SqCJiNrmxKdikgue6yYZ,24,761aa877b46c4655e70a77208af0d4a55a0b5fb0e0f48257aa6066a3ba779439,,103
103,c3,1ZeK9j4KbGp26TqiEj712Uy3dDSxEvoCgHx2pJ,13,a670f2d0e5113519e6563faae7c933b301ef85d48d0dd7d618c9d08b5c871d86,,105
103,c2,1UxnAi2fFtTDq4ueXQFEL4zi8MwtVHREpjHc6h,17,bd4f173109d83a5845f5e6310cf3ac3e9a9174225d48133a0fd1ff15af9d2e36,,105
103,c1,1X2L9fkqq9LAbwPDz1SqCJiNrmxKdikgue6yYZ,25,f30613accf20122a604ce2bac8087c3945d59a72b345f953b071b5c8ab596df8,,105
105,c5,17V2VF5b1CmigfPVqujRoCWaiNfGZHdigz6HU7,9,06146156750d5c860c3d7a2a0142d55cdfa95c7c1e2b4b1c8b759ed2261bc685,,106
105,c4,1KJxpGjjCx4L4ui7yXDrVyjxijxMShNRXcS3XB,11,76862080666be54096f200adfe7a5095a10ddb61d134eee39030ecff10ff319b,,106
105,c1,1X2L9fkqq9LAbwPDz1SqCJiNrmxKdikgue6yYZ,26,ac139fed78a65c0c8f1b2e374643a9a1d07bda2b5b47aeb37d5ad8356ff5cc97,,106
105,c2,1UxnAi2fFtTDq4ueXQFEL4zi8MwtVHREpjHc6h,18,b32bcd52a1036d76e5e0449dc31b695fddbd077f9b7d931d975dafc3b043258d,,106
106,c3,1ZeK9j4KbGp26TqiEj712Uy3dDSxEvoCgHx2pJ,14,50e0eacc8331b3b666a2b9652e9dbdb141e4faa7e0bbc7c307338a812e271bc6,,107
106,c1,1X2L9fkqq9LAbwPDz1SqCJiNrmxKdikgue6yYZ,27,307c753af51f99dedf2b7118d98a8d8bd209f626edd27c40a38b48087fbff2d5,,107
107,c2,1UxnAi2fFtTDq4ueXQFEL4zi8MwtVHREpjHc6h,19,e19ec431fe2627cbefb59ca0ff1759d41f8464e10244bff1dc59b51f7bbe6f18,,108
107,c1,1X2L9fkqq9LAbwPDz1SqCJiNrmxKdikgue6yYZ,28,eff737702e7a71a904f4911b943320ef5038c4ca4b7e3c0bf9866184cf1bdda3,,108
108,c4,1KJxpGjjCx4L4ui7yXDrVyjxijxMShNRXcS3XB,12,acedb087b095fcc0c478718213f94c8c13d76d457e0197ef6b02b1e96b93ff7e,,109
108,c3,1ZeK9j4KbGp26TqiEj712Uy3dDSxEvoCgHx2pJ,15,9d6cc2113d808d2396099f82d4837d45f4bed5912d9c161afa45ed488acf46a6,,109
108,c1,1X2L9fkqq9LAbwPDz1SqCJiNrmxKdikgue6yYZ,29,3cb7328d231d6772e8419b97a17a3685a95d853351c9b52660d43d00e8a631a7,,109
108,c5,17V2VF5b1CmigfPVqujRoCWaiNfGZHdigz6HU7,10,e3125b1654cda5c471a0023f71de68b2cb561a61a543b9179e2d541485e23581,,109
109,c2,1UxnAi2fFtTDq4ueXQFEL4zi8MwtVHREpjHc6h,20,5a38830eead93ae1a60dd915a0c629d6694c10c95659098bff811fa1b8246abd,,110
109,c1,1X2L9fkqq9LAbwPDz1SqCJiNrmxKdikgue6yYZ,30,9338f0131e102648c2381428c6299fec9a6e06ae87396eb931b1376a706f7567,,110
110,c4,1KJxpGjjCx4L4ui7yXDrVyjxijxMShNRXcS3XB,13,3ea80030b9f6aaeaf1e9476b47c300682dd98876c1875edb5ece6d2cc58e1790,,111
110,c3,1ZeK9j4KbGp26TqiEj712Uy3dDSxEvoCgHx2pJ,16,524c30dfab7a9dee544cc51b005b661fc779744436fbdbc1131eff9237ca99a9,,111
110,c2,1UxnAi2fFtTDq4ueXQFEL4zi8MwtVHREpjHc6h,21,2afea6ee6d4d51a0a6b2e8b6113599bb079aef26e5b56e153e6a74b6d41b3406,,111
110,c1,1X2L9fkqq9LAbwPDz1SqCJiNrmxKdikgue6yYZ,31,29da7bd682608fb095e2632e1c8b85fab713ac6bea5029d7c50d2910566770c3,,111
112,c1,1X2L9fkqq9LAbwPDz1SqCJiNrmxKdikgue6yYZ,32,40b5a936a401b29c3348682985bf94b079dea92bcb86cb93c1e3a744675d618b,,113
112,c5,17V2VF5b1CmigfPVqujRoCWaiNfGZHdigz6HU7,11,8c7755c6031559078e41e08a7f503e33f4943fc4b89d881c01ab88566fe0f5d4,,113
112,c2,1UxnAi2fFtTDq4ueXQFEL4zi8MwtVHREpjHc6h,22,393e4d19cda1ea48f8d7c172c8541170dba9242d960c42c4c791991ae8f30116,,113
113,c3,1ZeK9j4KbGp26TqiEj712Uy3dDSxEvoCgHx2pJ,17,90aa51efd59dc859b6e9a8f447efc00cf5f98485f2013dbbea35a656b3252b34,,114
113,c1,1X2L9fkqq9LAbwPDz1SqCJiNrmxKdikgue6yYZ,33,fc4d2c814882a98449b4cf22277b956cbef08b01f1e5fad078859af034ab1cdb,,114
114,c4,1KJxpGjjCx4L4ui7yXDrVyjxijxMShNRXcS3XB,14,9f01fbb94fe0dbe36962ae94887e5140254805440611e1ed1a503f7b293c7080,,115
115,c2,1UxnAi2fFtTDq4ueXQFEL4zi8MwtVHREpjHc6h,23,e9cdc7ed356ad6f22a99e578828ee1e0d8d54a06394422c2ed935445d52e8ab9,,116
115,c1,1X2L9fkqq9LAbwPDz1SqCJiNrmxKdikgue6yYZ,34,c0f98a96f164ee0c3c9fe26048504149651c6a6f48b3075552617144f3e4941e,,116
116,c3,1ZeK9j4KbGp26TqiEj712Uy3dDSxEvoCgHx2pJ,18,5f48669aa49a167b780e66e044248565a0eddc5651a24cab78809d80a77a4f7f,,117
116,c1,1X2L9fkqq9LAbwPDz1SqCJiNrmxKdikgue6yYZ,35,cb8ddc04023d0c919a9f895f9563d8f86f62f24ef16f30352f9bcdc517452d0c,,117
117,c5,17V2VF5b1CmigfPVqujRoCWaiNfGZHdigz6HU7,12,9f3d4ab7d345daeb8f787a8f9bddd8e57ce86a0806b031350b061ab413f424c2,,118
117,c2,1UxnAi2fFtTDq4ueXQFEL4zi8MwtVHREpjHc6h,24,8041393557369e7b9586d8b88b85917d90a13c6ad4ddc5837d95f6c6af9428c2,,118
118,c4,1KJxpGjjCx4L4ui7yXDrVyjxijxMShNRXcS3XB,15,50a7e2498ac4aa3f37fa593f8bef1f21bf3fdf08ca4adc0f08f89d740675537a,,119
118,c1,1X2L9fkqq9LAbwPDz1SqCJiNrmxKdikgue6yYZ,36,0bd4577e8b948f03a5b3c728d1c2f392cc874fc22b072139c9cf3732bc09028a,,119
119,c3,1ZeK9j4KbGp26TqiEj712Uy3dDSxEvoCgHx2pJ,19,7d0751a196950d705e48fb0de279c4b79f33425bb1ba40a027b3fd38ea394bff,,120
119,c2,1UxnAi2fFtTDq4ueXQFEL4zi8MwtVHREpjHc6h,25,957ad3f28295c5577b6143f4484ea72c105338bca30c78face10e1270b33ce35,,120
119,c1,1X2L9fkqq9LAbwPDz1SqCJiNrmxKdikgue6yYZ,37,9adfa14f255f166a3006bfc1ad0ff8da1368c899f1182d7378e0a864fc87c74a,,120
121,c1,1X2L9fkqq9LAbwPDz1SqCJiNrmxKdikgue6yYZ,38,f992af5d194283258ad2948d180720fadc67c2fea27c0c9350afb5f1dee3ca0a,,122
121,c5,17V2VF5b1CmigfPVqujRoCWaiNfGZHdigz6HU7,13,648a650a18b16a24031c965a66fca84ee2bbf8adb5ee98f7c7df6bb24f07a7d2,,122
121,c4,1KJxpGjjCx4L4ui7yXDrVyjxijxMShNRXcS3XB,16,d783999013013a667e96c8edec8843e2d5635f83bf8e48288956ca8aeede589b,,122
121,c2,1UxnAi2fFtTDq4ueXQFEL4zi8MwtVHREpjHc6h,26,e75ca58b66c739089aa951cf6a35c101de0bfacc5f751d95d971b8475b7c20ce,,122
122,c3,1ZeK9j4KbGp26TqiEj712Uy3dDSxEvoCgHx2pJ,20,f21304ec05569a623494a61612973dbdef057fec0c330a4247073433c59e6da3,,123
122,c1,1X2L9fkqq9LAbwPDz1SqCJiNrmxKdikgue6yYZ,39,1654caba926162a7dbacd4ec30051448d907f71e408e0c9a59e82c7748e5dad3,,123
123,c2,1UxnAi2fFtTDq4ueXQFEL4zi8MwtVHREpjHc6h,27,9629a31da651c9f172373cba218a7cfdd3356ac7aab2eb63f3549b5acfac69b7,,124
123,c1,1X2L9fkqq9LAbwPDz1SqCJiNrmxKdikgue6yYZ,40,43334e3179ba8e0a79da827354279c2ae951e8c032b0575cad88c86163b0ed8b,,124
124,c4,1KJxpGjjCx4L4ui7yXDrVyjxijxMShNRXcS3XB,17,f495309939ce0f2f6bea5301441260f5981e43392f7d19d4c881d5624e2f108e,,125
124,c3,1ZeK9j4KbGp26TqiEj712Uy3dDSxEvoCgHx2pJ,21,29704ae33316d6b03ad5e827438d5662b0e9fc4b7b813acb3627e9cc952be18e,,125
124,c1,1X2L9fkqq9LAbwPDz1SqCJiNrmxKdikgue6yYZ,41,6eb9f5455714b20f26c350d10b563ec7e3e57438bdfc4ebb65538d817468a359,,125
125,c2,1UxnAi2fFtTDq4ueXQFEL4zi8MwtVHREpjHc6h,28,79c45d134865b2f0521338061634d6953486eff5a6b407cf5f62a61068c53c10,,126
125,c5,17V2VF5b1CmigfPVqujRoCWaiNfGZHdigz6HU7,14,7c69b12e71f8eb5d72dfa7a2b9414fd71b2d5f004b7072d3fd7bf1293edfceb3,,126
126,c1,1X2L9fkqq9LAbwPDz1SqCJiNrmxKdikgue6yYZ,42,1d3056d088cbf37b8e0c4c2d406102911db9f6e7ba3a8a071bbc60510e311cbc,,127
127,c3,1ZeK9j4KbGp26TqiEj712Uy3dDSxEvoCgHx2pJ,22,033dcf13c0fced53f6ff8d59f17c423c11eba4e5d4abedf4b3adc102fc83e305,,129
127,c2,1UxnAi2fFtTDq4ueXQFEL4zi8MwtVHREpjHc6h,29,53fadb4478ae949ae2e25bf1c8cf845f5ebfbce50729a242891f01ab1cb11d12,,129
127,c1,1X2L9fkqq9LAbwPDz1SqCJiNrmxKdikgue6yYZ,43,ef34a074784ffa11660ffe6635fe9afd08ed2fbf8307d615dbe72cf86f416c6a,,129
128,c4,1KJxpGjjCx4L4ui7yXDrVyjxijxMShNRXcS3XB,18,d1430eee8be13e031fd978fb058d23b9cb8570c78ef55d5478fd3cf7315a45b9,,129
129,c1,1X2L9fkqq9LAbwPDz1SqCJiNrmxKdikgue6yYZ,44,3d856a8e83c77483380cbe8910c72c32ac590c428b5553523e0cedf1559aecf4,,130
130,c2,1UxnAi2fFtTDq4ueXQFEL4zi8MwtVHREpjHc6h,30,f783d87c399bb689127fddcb47092d952027f7110e5109460789d93c91131df3,,132
131,c5,17V2VF5b1CmigfPVqujRoCWaiNfGZHdigz6HU7,15,3f30a112ed2ad0191391bc7b58588cf05d18d35819fcc414c283671b982acee6,,132
131,c3,1ZeK9j4KbGp26TqiEj712Uy3dDSxEvoCgHx2pJ,23,42fee1df8701e663f6a97f14f42dffeb39086530d8dcdfc724869c693f60e122,,132
131,c1,1X2L9fkqq9LAbwPDz1SqCJiNrmxKdikgue6yYZ,45,5fa0b48d0ab7d31435f8514c05c992484f7b31f6e1cd9a25ef824a33e89a1ae9,,132
132,c4,1KJxpGjjCx4L4ui7yXDrVyjxijxMShNRXcS3XB,19,639fe18f81b01b4559475ad9bd3edad065d59bd0e5349bb959648bd3fe25d957,,134
132,c2,1UxnAi2fFtTDq4ueXQFEL4zi8MwtVHREpjHc6h,31,947499d34a69887e01822f369f60bb64483163029843e35a8718c11aeb7e99fe,,134
132,c1,1X2L9fkqq9LAbwPDz1SqCJiNrmxKdikgue6yYZ,46,9316c696e60842a5f671b3fc0de2013acf31af25c87279d46b3f3e5ed22237a9,,134
134,c3,1ZeK9j4KbGp26TqiEj712Uy3dDSxEvoCgHx2pJ,24,02efcbf1ec979698dbf93b1abf97f42d62a727e755e0456878f1552de06a1bbc,,135
134,c1,1X2L9fkqq9LAbwPDz1SqCJiNrmxKdikgue6yYZ,47,ba8e15c519c16be4b964807607108881c285e434a3974532edb563d6576bec6d,,135
134,c2,1UxnAi2fFtTDq4ueXQFEL4zi8MwtVHREpjHc6h,32,33b534ec8a0583eefff3ed7296d06e57b07abf1e0ce705c33be2735c2297785d,,135
135,c5,17V2VF5b1CmigfPVqujRoCWaiNfGZHdigz6HU7,16,3196c3a2f0fba325f4916f9d5a59d03d3453a62667f539a55feaa7fa25470161,,136
135,c1,1X2L9fkqq9LAbwPDz1SqCJiNrmxKdikgue6yYZ,48,898103c9d9b36b4f6ae1068ac9acaa7a10c9f4a41561bcc1ea68a16b6914d786,,136
136,c4,1KJxpGjjCx4L4ui7yXDrVyjxijxMShNRXcS3XB,20,ddd7de634f96776051186801c639859b3378cb7b4df5bac4ba9a6228a2475e34,,137
136,c3,1ZeK9j4KbGp26TqiEj712Uy3dDSxEvoCgHx2pJ,25,01a799aac7e35aeadcbaafc018de9571ac40936133b651d60083d29f7c3cdcd1,,138
136,c2,1UxnAi2fFtTDq4ueXQFEL4zi8MwtVHREpjHc6h,33,4eac17c68e1c5d8a03d25f6c0cd2c710e2b70c4ffc690c0e3501d1958370fd02,,137
136,c1,1X2L9fkqq9LAbwPDz1SqCJiNrmxKdikgue6yYZ,49,d520957c7df5b5203c2465e6497df1ce7494eacf0a5dfd5a21505a930791aedf,,137
138,c1,1X2L9fkqq9LAbwPDz1SqCJiNrmxKdikgue6yYZ,50,bceacf7a6891878685161d1900a3234561963397c4ff2f0615b4029c1814b589,,139
139,c2,1UxnAi2fFtTDq4ueXQFEL4zi8MwtVHREpjHc6h,34,06bc50693c1955d78775ac6dbf340d133e6c3d8b8e5551da144d10b7ab9dda19,,140
139,c5,17V2VF5b1CmigfPVqujRoCWaiNfGZHdigz6HU7,17,4894dc37d159fd2ed60f0a5d2f6153ba56f440cc71f7d629bed3dfcdaf5d336f,,141
139,c4,1KJxpGjjCx4L4ui7yXDrVyjxijxMShNRXcS3XB,21,7de12e778812f00e7c89b8927a7fdeca341f9d4bbe01cce03cec8c3f76ea285c,,141
139,c3,1ZeK9j4KbGp26TqiEj712Uy3dDSxEvoCgHx2pJ,26,42fab27fdad89725a02f7bf47ad3940722bbc125f2bcdab3cc410051e948e8e7,,141
139,c1,1X2L9fkqq9LAbwPDz1SqCJiNrmxKdikgue6yYZ,51,477d4afe38609c9210c845df4ca4f07ea05e98689c9658979fad48798db58c95,,141
141,c2,1UxnAi2fFtTDq4ueXQFEL4zi8MwtVHREpjHc6h,35,63719b21130bf93a1700d4795758866737d767f25bf755e3a2a0143ac95b7d02,,142
141,c1,1X2L9fkqq9LAbwPDz1SqCJiNrmxKdikgue6yYZ,52,3878f688ed2aef0bd070c3523e73855e2529ece4ee825e245c93b356f295b45b,,142
142,c3,1ZeK9j4KbGp26TqiEj712Uy3dDSxEvoCgHx2pJ,27,e032ee58ab6f06677af1777ae2982a8555732b829524848c152afb6ef56c9791,,144
142,c1,1X2L9fkqq9LAbwPDz1SqCJiNrmxKdikgue6yYZ,53,4bdd157aac5e909317cda4483d46f989e37b7965179044264c1d4bb089b4cfcb,,144
143,c4,1KJxpGjjCx4L4ui7yXDrVyjxijxMShNRXcS3XB,22,620fa73ab11e06142b3320b1a5779db63153549e8a2e0d6822b4b206d615a291,,144
143,c2,1UxnAi2fFtTDq4ueXQFEL4zi8MwtVHREpjHc6h,36,987aebafcbcdd6afaa9c4ada17d29736886ae1a35e27fabf05c5ba9a3433ce40,,144
144,c1,1X2L9fkqq9LAbwPDz1SqCJiNrmxKdikgue6yYZ,54,47e623fb3878f95c27e09d16710919137d7da7b23eca4c84a72b3b2533255bb5,,145
144,c5,17V2VF5b1CmigfPVqujRoCWaiNfGZHdigz6HU7,18,f71e2b1676af5f117797da851fbbb18b03115ac11dacf3ea22bfcd3def8ebb6c,,145
145,c3,1ZeK9j4KbGp26TqiEj712Uy3dDSxEvoCgHx2pJ,28,2e2dbd00aca17353a2388a8a41dedc0087ceec60660e43d6c25ca15d4eade76d,,146
145,c2,1UxnAi2fFtTDq4ueXQFEL4zi8MwtVHREpjHc6h,37,f2da36354eb47160b9be7ae5cb35a538bae1b4a6c0d1aea3f09352bf354bddb3,,146
145,c1,1X2L9fkqq9LAbwPDz1SqCJiNrmxKdikgue6yYZ,55,77365167f4c4b1c13da3dd438884342510f3c23307a3f7e3dc9497191b037cfb,,146
147,c4,1KJxpGjjCx4L4ui7yXDrVyjxijxMShNRXcS3XB,23,2d5274e150b67139428f02da8258137488ff3c72c70105c06ee8e19dca0eba28,,148
147,c1,1X2L9fkqq9LAbwPDz1SqCJiNrmxKdikgue6yYZ,56,3d7d6c66a4c1c0eed82b33188ca1f7007fd79c7700ade40e822bac60da287a61,,148
148,c2,1UxnAi2fFtTDq4ueXQFEL4zi8MwtVHREpjHc6h,38,85e49fe02ebe0331f01b1b821f4eea6cafe821db52a1207e4072763081c8a743,,149
148,c3,1ZeK9j4KbGp26TqiEj712Uy3dDSxEvoCgHx2pJ,29,148dfc41253273cfc640260490955b418f44f32382eba711c9cb4f3741db4325,,149
148,c1,1X2L9fkqq9LAbwPDz1SqCJiNrmxKdikgue6yYZ,57,a26557d0e6cd8d0cdb99bb9a4353c9870f43805bd677d0a568a2c9b92d86a9de,,149
148,c5,17V2VF5b1CmigfPVqujRoCWaiNfGZHdigz6HU7,19,1261571ec4ab172eb14f114d85ad854635eb474102f1ddea51dc747b8f38dacf,,149
150,c2,1UxnAi2fFtTDq4ueXQFEL4zi8MwtVHREpjHc6h,39,cda485386074e44fdd85af0c059fda908e2a677b56509d4377eff42a75a00906,,151
150,c1,1X2L9fkqq9LAbwPDz1SqCJiNrmxKdikgue6yYZ,58,eb9e7ff17634a995ee957ac6b02b65795a1d59f3029f79852333421783122ca4,,151
150,c4,1KJxpGjjCx4L4ui7yXDrVyjxijxMShNRXcS3XB,24,b40b71b55799b08723e800c52a64c0c0ccb6cfa6a513f29bd52b45cc52db5c0c,,152
151,c3,1ZeK9j4KbGp26TqiEj712Uy3dDSxEvoCgHx2pJ,30,114608ccf0288f65cdddfcc5717cbd93edc09f084c5f920d93aa992595f44d6f,,152
151,c1,1X2L9fkqq9LAbwPDz1SqCJiNrmxKdikgue6yYZ,59,411fbbb7b6001f8e1615cd849006b9f6cf694ec2b3079f1521ad4d9426ca943b,,152
152,c2,1UxnAi2fFtTDq4ueXQFEL4zi8MwtVHREpjHc6h,40,0eb3e3bb5f9728c66bf3a4215eecb1bfbc49eac46b7660120d5f55cfbd4a8784,,153
153,c1,1X2L9fkqq9LAbwPDz1SqCJiNrmxKdikgue6yYZ,60,3010cd44e6e3ad593a9a8eacbeac2d18575cf3109b0122d263df51de0edb5820,,154
154,c5,17V2VF5b1CmigfPVqujRoCWaiNfGZHdigz6HU7,20,a1d476b8c0b00158f0d906c88bae164cc369da9d904883ad3ca081d442a5587d,,155
154,c4,1KJxpGjjCx4L4ui7yXDrVyjxijxMShNRXcS3XB,25,5ac11fb4fb49e029a148490bc098c0b342d030752137b070d13bd2e1cfb2af9c,,156
154,c3,1ZeK9j4KbGp26TqiEj712Uy3dDSxEvoCgHx2pJ,31,36f7ec88b15deb743a4210273fce10c76254e0bb83502dcb760fa9ae6ec7cef1,,156
154,c2,1UxnAi2fFtTDq4ueXQFEL4zi8MwtVHREpjHc6h,41,78eef215c423f16a1b3ec6884ae2f3f5c0ffe15523ecd2ed84777e5fee86d7a4,,156
154,c1,1X2L9fkqq9LAbwPDz1SqCJiNrmxKdikgue6yYZ,61,b55ee7b934f529e644ccb7cb6b65286acbaa17422afd058ab42ac744bb01fee2,,156
156,c1,1X2L9fkqq9LAbwPDz1SqCJiNrmxKdikgue6yYZ,62,dbca254e01bf8ee5b8d1af3b82a2f949d2955894144c248125fb27a608be5091,,157
156,c2,1UxnAi2fFtTDq4ueXQFEL4zi8MwtVHREpjHc6h,42,cb2fc7069fe903e4a852fea493f56f67c19413bc6d094b0b93b2397b9321a132,,158
157,c3,1ZeK9j4KbGp26TqiEj712Uy3dDSxEvoCgHx2pJ,32,6a2f85235a82c22c4e78f7affe81d4fb64623401b5172602a608472ac7dc6ec2,,158
157,c1,1X2L9fkqq9LAbwPDz1SqCJiNrmxKdikgue6yYZ,63,8fce452756de2f137a6cf993bf8a8d42e433481e809cec6d998e6cafbcdf7053,,158
157,c5,17V2VF5b1CmigfPVqujRoCWaiNfGZHdigz6HU7,21,ba1d4839638c16eab3707986e4d2fc12e157fd124c59037ef875b8701b1aec6d,,159
157,c4,1KJxpGjjCx4L4ui7yXDrVyjxijxMShNRXcS3XB,26,d7c7940426aed8b8f817573d5cb48a0078c6dfad86c216564f33be49145caaf9,,159
158,c2,1UxnAi2fFtTDq4ueXQFEL4zi8MwtVHREpjHc6h,43,3c91be1cb65e5189e52ea6445b1ec7accd67b73035628c1272dd4691dab0a55b,,159
158,c1,1X2L9fkqq9LAbwPDz1SqCJiNrmxKdikgue6yYZ,64,70db9c2586a7a5b84d1743cb336bb9200caac68978a0a404576d996103600078,,159
159,c3,1ZeK9j4KbGp26TqiEj712Uy3dDSxEvoCgHx2pJ,33,bb2e52be3a618bc2f605683cc3e67a8cbc1374fe42ceeb2cabfc1d38bdc23e24,,160
159,c1,1X2L9fkqq9LAbwPDz1SqCJiNrmxKdikgue6yYZ,65,d51d7a1281780439f5ac71d6c93a048d0b598e722d596563dee56137491913f9,,160
160,c2,1UxnAi2fFtTDq4ueXQFEL4zi8MwtVHREpjHc6h,44,6ddd0be4f33c751088451bf9375b85b30443d9955c65ea0116648bfe6d7d052f,,161
160,c4,1KJxpGjjCx4L4ui7yXDrVyjxijxMShNRXcS3XB,27,1e461f4d72c1c4d2a16888f72bc70be419b48b35d8847e726b03981f93ae27ad,,161
160,c1,1X2L9fkqq9LAbwPDz1SqCJiNrmxKdikgue6yYZ,66,a62ebe3c6b70cc9838bda9293ef74462cfab046ddc3bd9d9fd8ce43bffdbed2c,,161
161,c5,17V2VF5b1CmigfPVqujRoCWaiNfGZHdigz6HU7,22,4d74dd04407fb5ccd6827c2c091fc0fca397422180738e7fbf7835199c6b9c2f,,162
161,c3,1ZeK9j4KbGp26TqiEj712Uy3dDSxEvoCgHx2pJ,34,a0a342ded55cb8b587e6cab4015ab7c5ceccf53ba8293b46c9ce81d173e137ac,,163
162,c2,1UxnAi2fFtTDq4ueXQFEL4zi8MwtVHREpjHc6h,45,86272c87573a056a95e31bb814205f851885408c3ded4706418c5cd36e1e2f37,,163
162,c1,1X2L9fkqq9LAbwPDz1SqCJiNrmxKdikgue6yYZ,67,637c62dd836367e1944e411362f135ce3b74c8ba7a597227c5b7b270c2cc0ae9,,163
163,c1,1X2L9fkqq9LAbwPDz1SqCJiNrmxKdikgue6yYZ,68,837fab0acf391734e39674e617b7de7e6fa525df358b217f0c32db783f354cc1,,164
163,c4,1KJxpGjjCx4L4ui7yXDrVyjxijxMShNRXcS3XB,28,698caf9aa773c4ef7ba87558b27cdff4fc32875bb8c194e29d0c5a98c86ca260,,165
163,c2,1UxnAi2fFtTDq4ueXQFEL4zi8MwtVHREpjHc6h,46,3205387c69a4359ca0e4329dd3ab1dff7d260f07ce652f34634b4c3e8dff9da1,,165
164,c3,1ZeK9j4KbGp26TqiEj712Uy3dDSxEvoCgHx2pJ,35,f9c1f14e8b92c3298302c8ea1a3c4e1194d73e2424bfd0fcefc33f9c7fa11711,,165
164,c1,1X2L9fkqq9LAbwPDz1SqCJiNrmxKdikgue6yYZ,69,3e6c678be8ddf9017b8dc2468e0604edd53d5f2e304b311abcd5b7f08e10c240,,165
165,c5,17V2VF5b1CmigfPVqujRoCWaiNfGZHdigz6HU7,23,bdcd0de4e9d4c6d891ee76b21f761bae041a47b10c9685e5f753c9460515716b,,166
166,c2,1UxnAi2fFtTDq4ueXQFEL4zi8MwtVHREpjHc6h,47,1877151d2f3e839716dc70430ae68a36721b88627c9cc20f304ca44cb5818342,,167
166,c1,1X2L9fkqq9LAbwPDz1SqCJiNrmxKdikgue6yYZ,70,f53903900cc71c3258ec16917f4387b5150f36ece61edfdd9ecebb6e38afb0e5,,167
167,c4,1KJxpGjjCx4L4ui7yXDrVyjxijxMShNRXcS3XB,29,8a1ef13f7c848d904a37fefd5f6d661acf5cfc8f8730f61e12f667ccfc5b5f66,,168
167,c3,1ZeK9j4KbGp26TqiEj712Uy3dDSxEvoCgHx2pJ,36,3719fe99a153caadc72391cef6be95b0b967ec35d42e75e326678b050a0c01bf,,168
167,c1,1X2L9fkqq9LAbwPDz1SqCJiNrmxKdikgue6yYZ,71,2893c93a6c0a8de5da46f2cea46fb9cdcb042ff2b8e0378102351deb929cc606,,168
167,c2,1UxnAi2fFtTDq4ueXQFEL4zi8MwtVHREpjHc6h,48,892439e0604b9c7c1276db429b41afc229f3639a385511d96967cd1038bc2b2c,,169
169,c1,1X2L9fkqq9LAbwPDz1SqCJiNrmxKdikgue6yYZ,72,712eab66ddc7febcbcc018972bb63d3b18e2daa929c65ebb411f56b609bcc5e7,,170
170,c5,17V2VF5b1CmigfPVqujRoCWaiNfGZHdigz6HU7,24,40e304f0e5360c11c4c252a90425156845fa210483d15ce64fc93f1e7e2faf43,,171
170,c3,1ZeK9j4KbGp26TqiEj712Uy3dDSxEvoCgHx2pJ,37,7c9d9e98c6f91a75de3a201b426270a07377d47c12a1ab387c45059f02e62a29,,171
170,c2,1UxnAi2fFtTDq4ueXQFEL4zi8MwtVHREpjHc6h,49,ad947e2e97ff4be8f89584a15f0af3ba4a6b1ba164afeb2520c4973a7b3bfbd0,,171
170,c1,1X2L9fkqq9LAbwPDz1SqCJiNrmxKdikgue6yYZ,73,3a39fc186db69432e1ee0e3ee003d50aed9a02713e74244675c276a277bcc0a9,,171
171,c4,1KJxpGjjCx4L4ui7yXDrVyjxijxMShNRXcS3XB,30,82717d0fcf8b3e999b7ead84fee81a04b635971b167b034dc84758f60e0d7330,,172
172,c1,1X2L9fkqq9LAbwPDz1SqCJiNrmxKdikgue6yYZ,74,53443a6a28f6b15f208db9b3cad7e9aa664c220dc6ea99ffd16f2fbebca26975,,173
172,c2,1UxnAi2fFtTDq4ueXQFEL4zi8MwtVHREpjHc6h,50,d3ee07d8fcb8d7bf4120629e7856367937890e2444c7ee4f108af17a6da63201,,174
174,c3,1ZeK9j4KbGp26TqiEj712Uy3dDSxEvoCgHx2pJ,38,e0ea6a878cf93b9b58eccc11db42140ee79009a510b2d01b135f244f4152b2aa,,175
174,c1,1X2L9fkqq9LAbwPDz1SqCJiNrmxKdikgue6yYZ,75,dc3c2d723fb38c89aeaeeb5c3b00d82f0e964b94e6ea9a3e7625a651d3f27b7b,,175
175,c5,17V2VF5b1CmigfPVqujRoCWaiNfGZHdigz6HU7,25,9da4c232e8b6f9071ff9c6afbe8d85f255d8ed2bb6d9ae138e020cdeae9ad6d1,,176
175,c4,1KJxpGjjCx4L4ui7yXDrVyjxijxMShNRXcS3XB,31,5a162742dbe736521c2879c88f1cb1ebf5852b4195402ca59433c8447c1811f4,,176
175,c2,1UxnAi2fFtTDq4ueXQFEL4zi8MwtVHREpjHc6h,51,1392f669b3157322890eb757d1b4fd7da854c7f88f487173c06b218a7c98212c,,176
175,c1,1X2L9fkqq9LAbwPDz1SqCJiNrmxKdikgue6yYZ,76,4173ecb314a5202328b474a17a108de03c2ef373a2107778df85287e4666b1f7,,176
176,c3,1ZeK9j4KbGp26TqiEj712Uy3dDSxEvoCgHx2pJ,39,9fdb52706629bad0c92548718a8ca6464acb38b431799227d358b2d45a386c95,,177
176,c1,1X2L9fkqq9LAbwPDz1SqCJiNrmxKdikgue6yYZ,77,c4b9151e5fd6bd0ef11991569bd351506190594df3ba4b282aacba65a11a5f59,,177
176,c2,1UxnAi2fFtTDq4ueXQFEL4zi8MwtVHREpjHc6h,52,85bce0bdeac89ef2c08265bbd576052558de5efc7bfe5a8cb73f5ac72318cb65,,177
177,c1,1X2L9fkqq9LAbwPDz1SqCJiNrmxKdikgue6yYZ,78,9809134bb90129b78664c200157b150529751fe9207a33cb2af518a93b501d9e,,178
178,c4,1KJxpGjjCx4L4ui7yXDrVyjxijxMShNRXcS3XB,32,fb05aff20786d483a382ddc12b1eb068f2013b0e6d1e3469cc382fcc8c232186,,179
179,c3,1ZeK9j4KbGp26TqiEj712Uy3dDSxEvoCgHx2pJ,40,5e50ce9ab663d3ffd3849d554428b09f56f0fcf98bc1d011ccdd528be3752cf6,,180
179,c2,1UxnAi2fFtTDq4ueXQFEL4zi8MwtVHREpjHc6h,53,c21c8779312b1db11c196d94ee2349ea0197be1f246f0c0104ded5f6ed54b53a,,180
179,c1,1X2L9fkqq9LAbwPDz1SqCJiNrmxKdikgue6yYZ,79,794ebe33e44496b78051cad57f27a927db9312dcb38ce888f0a4576f91c9f1cb,,180
179,c5,17V2VF5b1CmigfPVqujRoCWaiNfGZHdigz6HU7,26,ea48875e428be2061e1fee6670219f8ef4387c070a15db3897c8b857dd484d4b,,180
180,c1,1X2L9fkqq9LAbwPDz1SqCJiNrmxKdikgue6yYZ,80,67aec4aecf2977c2373fc5b98e5092a1308605fdd1627b2ef715c228f15ca49d,,181
181,c2,1UxnAi2fFtTDq4ueXQFEL4zi8MwtVHREpjHc6h,54,a049d13f79b86791c6ed023bae501f4275bbf1e7d800d22e7868541759c7f571,,182
181,c4,1KJxpGjjCx4L4ui7yXDrVyjxijxMShNRXcS3XB,33,a589237362fa7368f64a623b8e76c8a97eb1b57a107e74a153ec58bd5476b860,,183
181,c3,1ZeK9j4KbGp26TqiEj712Uy3dDSxEvoCgHx2pJ,41,15f02b88db8e26716a06bd2e2d5a8a094c7a18091b2f271e35497225ad22ba04,,183
181,c1,1X2L9fkqq9LAbwPDz1SqCJiNrmxKdikgue6yYZ,81,d3513e8dc335a107a90f06d0a01840a70007d9b31b60ff1f0c306cef59c38f6a,,183
182,c2,1UxnAi2fFtTDq4ueXQFEL4zi8MwtVHREpjHc6h,55,ffd629a7798af90e1c6144d6a812e56e1acd175faae907128d54adc4083fb3cf,,184
183,c1,1X2L9fkqq9LAbwPDz1SqCJiNrmxKdikgue6yYZ,82,4807e4c16ac13d5c837376cf11b3ea704f01266e256c281a19d7b9b529586ad7,,184
183,c5,17V2VF5b1CmigfPVqujRoCWaiNfGZHdigz6HU7,27,f210d11837d08e206e920ea82533bdee20a19049befc0bdb4de50b21767fe23e,,184
184,c3,1ZeK9j4KbGp26TqiEj712Uy3dDSxEvoCgHx2pJ,42,ca252da7df5c78bd86aa65adc23fe58851731900bd97c22e309725f7fe26ffb1,,185
184,c1,1X2L9fkqq9LAbwPDz1SqCJiNrmxKdikgue6yYZ,83,1e96f847b1785b6863819d2fd2bb5e3cf091098ec2b6bad4943bbb965da0037d,,185
185,c4,1KJxpGjjCx4L4ui7yXDrVyjxijxMShNRXcS3XB,34,a74156d1477c709c54449c3f3c9d3f1c9a560bd9492600ab1a48b23aa5c61783,,186
185,c2,1UxnAi2fFtTDq4ueXQFEL4zi8MwtVHREpjHc6h,56,774dd4d02f3245f72af8f446f469a1b8dcc1d4ee7ddb3a5975358cbcc16f72a8,,186
186,c1,1X2L9fkqq9LAbwPDz1SqCJiNrmxKdikgue6yYZ,84,5a044841df30f03546c63e7f375bf1010ac262f8598eff9ea02af6caa6b5ac59,,187
187,c3,1ZeK9j4KbGp26TqiEj712Uy3dDSxEvoCgHx2pJ,43,2495a3dc508898c4007228d42fccd08625c6280fa07dc8d4c54cbca46f84ac42,,188
187,c2,1UxnAi2fFtTDq4ueXQFEL4zi8MwtVHREpjHc6h,57,fcf0b45375a7832cfc4bb88d94c0742fe392eab7b439f4bcc235677743aa7d22,,188
187,c1,1X2L9fkqq9LAbwPDz1SqCJiNrmxKdikgue6yYZ,85,eece86f3d6609c6c54475143d79f259fbd14fe64d4a7f1196d8f26a4c4d2637a,,188
188,c5,17V2VF5b1CmigfPVqujRoCWaiNfGZHdigz6HU7,28,0a44174fa9316c45a215b84134d1b31249313b112c221356137121c88b50563a,,189
189,c4,1KJxpGjjCx4L4ui7yXDrVyjxijxMShNRXcS3XB,35,4aff0d6ecea2d5047dd003054b5b7e447b007465e60338ae0d5773289e4aa832,,190
189,c1,1X2L9fkqq9LAbwPDz1SqCJiNrmxKdikgue6yYZ,86,a38c33cefc9e6c6a974c1076fce24b9524fbc9171c14be417fa32cf5ae162408,,190
189,c2,1UxnAi2fFtTDq4ueXQFEL4zi8MwtVHREpjHc6h,58,408db8b7fc332156f7f1b826d8badf5cc8df4b31db0fc4f2932429b5dab07e83,,190
190,c3,1ZeK9j4KbGp26TqiEj712Uy3dDSxEvoCgHx2pJ,44,7b7f43d3bb58a35b8e7c58d3deb10779dd361e4970748c404c6ff49343ffd158,,191
190,c1,1X2L9fkqq9LAbwPDz1SqCJiNrmxKdikgue6yYZ,87,f641d2f9552f343e938effd9b8df8b2f1eecc5a83d05516bb3a2730cf5a77241,,191
191,c2,1UxnAi2fFtTDq4ueXQFEL4zi8MwtVHREpjHc6h,59,32a1f1d58de543e1e7c1c91b3b0a790acbfa26aabe411ec4d1c5eda297c17f2c,,193
191,c1,1X2L9fkqq9LAbwPDz1SqCJiNrmxKdikgue6yYZ,88,e98fe953a8f8c321a44e8cbb4701f330d9b715fb30215bd4a7e13b23ac0883be,,193
192,c5,17V2VF5b1CmigfPVqujRoCWaiNfGZHdigz6HU7,29,f5d1d142ed39fd6550c1e05cf7e697e71f677dc67bd1adb9be3b1e1448b4504a,,193
192,c4,1KJxpGjjCx4L4ui7yXDrVyjxijxMShNRXcS3XB,36,c890c7e412f579a1c26471279908e239fe3e6bbf693972fc2d9cb64e3a44060e,,193
193,c3,1ZeK9j4KbGp26TqiEj712Uy3dDSxEvoCgHx2pJ,45,4767b6f698604187404845ae1d6c569137b187cec798ed15faf3ec4ff61be343,,194
193,c1,1X2L9fkqq9LAbwPDz1SqCJiNrmxKdikgue6yYZ,89,45a8f32f7854d40b381e3fd8008aa0bbc667eefdfe8671d089a74ff5c3c68b76,,194
194,c2,1UxnAi2fFtTDq4ueXQFEL4zi8MwtVHREpjHc6h,60,69187c52cd31ca795c9038000ae3651daed93fc0fe3f491acbab5b7b850f99db,,195
194,c1,1X2L9fkqq9LAbwPDz1SqCJiNrmxKdikgue6yYZ,90,f503f065871d1d856d8767b4c72e105e009c3e76e0ac8506be6f12882840f981,,196
195,c4,1KJxpGjjCx4L4ui7yXDrVyjxijxMShNRXcS3XB,37,22863f9b194e61ac2cfd9adb447c446384adc946daae5ec360f6d759081ed40e,,197
195,c3,1ZeK9j4KbGp26TqiEj712Uy3dDSxEvoCgHx2pJ,46,ab76cdd785582245ad1b26b6a5b064de45ee174cf0a90fb694c5ae0136b2a424,,197
195,c2,1UxnAi2fFtTDq4ueXQFEL4zi8MwtVHREpjHc6h,61,2af5fbc4fde45136279b87cb84bd90502ee095cdca934228abd6a221fe70542f,,197
195,c1,1X2L9fkqq9LAbwPDz1SqCJiNrmxKdikgue6yYZ,91,e432ce45d5473b16fa8ade83b41c210c456ab1eb77f91052e85bc99bb41b5dd3,,197
197,c5,17V2VF5b1CmigfPVqujRoCWaiNfGZHdigz6HU7,30,74552356d2adf67fc47d4276e021e8edf5710551db364eea5f04fed220b2f90e,,198
197,c1,1X2L9fkqq9LAbwPDz1SqCJiNrmxKdikgue6yYZ,92,54f9340d1cb30ec5e3155011dfaa96cac0b99e90fd110649bc1db7209fca33a3,,198
197,c2,1UxnAi2fFtTDq4ueXQFEL4zi8MwtVHREpjHc6h,62,f3c10f135241932e40e4baa38bb07a0e84a91d088e393a89d2747242680d3444,,199
198,c3,1ZeK9j4KbGp26TqiEj712Uy3dDSxEvoCgHx2pJ,47,8ca1ceeea70fd2d4ee105302b444c7e64bcd1b13d9e1fd3ef1000c1e33c821c7,,199
198,c1,1X2L9fkqq9LAbwPDz1SqCJiNrmxKdikgue6yYZ,93,fae627f7981c8504599ffdbd365145b547a4111cad8ff4254d04914ec631b1ff,,199
199,c4,1KJxpGjjCx4L4ui7yXDrVyjxijxMShNRXcS3XB,38,3f9ac42ebde793b5e06477ff065831458f0393c15e6a79cc2f11c5c6bb4f08b9,,200
200,c2,1UxnAi2fFtTDq4ueXQFEL4zi8MwtVHREpjHc6h,63,3e54803485dc7478c1f3ed6111b042d7a0a10d0b0aafae19197ec44bdf0380ec,,201
200,c1,1X2L9fkqq9LAbwPDz1SqCJiNrmxKdikgue6yYZ,94,3b9b0e9aaa091181fc98bbd1caf8754592402a1a21279e3e152000a8584f9e3a,,201
201,c5,17V2VF5b1CmigfPVqujRoCWaiNfGZHdigz6HU7,31,de74700c6b4573ea65bf5afb7fda85848ce4501fcd2151ea826c3dc2332cd6ca,,202
201,c3,1ZeK9j4KbGp26TqiEj712Uy3dDSxEvoCgHx2pJ,48,316700747f51c2b517953b67e6c432d27b671159bf25bf5baf4457dcf302f468,,202
201,c1,1X2L9fkqq9LAbwPDz1SqCJiNrmxKdikgue6yYZ,95,8a184cb725da1bbd8110d9eea531a895b96a336bfe5993d34fb9ef53f1954edf,,202
202,c2,1UxnAi2fFtTDq4ueXQFEL4zi8MwtVHREpjHc6h,64,1b3b9b8a1dc861e05116e1ccebba33cab7d2145748aecf9cdf2bc341bb0746c4,,203
203,c4,1KJxpGjjCx4L4ui7yXDrVyjxijxMShNRXcS3XB,39,ae48fddd0d755bd3c26feb4a03c970dc36bdf46a859fb69cca50b7aef67c3a7a,,204
203,c1,1X2L9fkqq9LAbwPDz1SqCJiNrmxKdikgue6yYZ,96,6abf982cd0650482b7baaaa41194f82ecdd52383560962b2f5131438d65e6690,,204
204,c3,1ZeK9j4KbGp26TqiEj712Uy3dDSxEvoCgHx2pJ,49,6c73899bbb4b88eaa6a9c440a6badf71be49f7061546dccbe97f6530e01af39f,,205
204,c2,1UxnAi2fFtTDq4ueXQFEL4zi8MwtVHREpjHc6h,65,70cb749f71d8963bebc4f5f84901faa78e5ba49be77e5380699cca7fff2a01d6,,205
204,c1,1X2L9fkqq9LAbwPDz1SqCJiNrmxKdikgue6yYZ,97,fc9bcefe14f3201419d25ee5e72497d6a306b52fa0b304eac241398317d29793,,205
205,c5,17V2VF5b1CmigfPVqujRoCWaiNfGZHdigz6HU7,32,939185afa5b1729528650c1fb1d9cd17c97f01d1fbae04ff33abaf8943b3af24,,206
205,c1,1X2L9fkqq9LAbwPDz1SqCJiNrmxKdikgue6yYZ,98,0e55c42443eb6c012128cb2bcb297ce7ec94a24e8bf9c2e892bf487ff69d1239,,206
206,c4,1KJxpGjjCx4L4ui7yXDrVyjxijxMShNRXcS3XB,40,db0d3d6320f65719a0d1556e4cffd77c61f1213436c7bcc36459ef0c5a45e45b,,207
206,c2,1UxnAi2fFtTDq4ueXQFEL4zi8MwtVHREpjHc6h,66,6f189012e7f36617566e9c1f443475780cc6445340b79a255c6230dd23467bf0,,207
206,c3,1ZeK9j4KbGp26TqiEj712Uy3dDSxEvoCgHx2pJ,50,fe4d9f936d05d16fc1e5845637326b0de89639c27a808c17dd61f92ed2c0781e,,208
206,c1,1X2L9fkqq9LAbwPDz1SqCJiNrmxKdikgue6yYZ,99,b013e81dc0c466992877a6b32b2e712b7ce22a637c87e9d869d8bc7c0dd691c2,,208
208,c2,1UxnAi2fFtTDq4ueXQFEL4zi8MwtVHREpjHc6h,67,6883f93c2c978939f240afca12b3e32d0f1433194989c0610a659280e32eac73,,209
208,c1,1X2L9fkqq9LAbwPDz1SqCJiNrmxKdikgue6yYZ,100,6d191a5489d1c413359d53cedef6859d08e65d446b1b4f2dcfa91eb44e20f35e,,209
210,c5,17V2VF5b1CmigfPVqujRoCWaiNfGZHdigz6HU7,33,fa2444d7fd3c46af0d72993cbc62a55d9c856c0199ad159c7c2a7c3d53b3bcad,,211
210,c4,1KJxpGjjCx4L4ui7yXDrVyjxijxMShNRXcS3XB,41,50fe8b4d692ae096bd2f9b96f2b56dd70c90b38c31dd0b440a59fa824b54b5da,,211
210,c3,1ZeK9j4KbGp26TqiEj712Uy3dDSxEvoCgHx2pJ,51,25cb6deb695a06fbae6205cf912ee0ddc459cb83b8753f24b76b74a4c4237453,,211
210,c1,1X2L9fkqq9LAbwPDz1SqCJiNrmxKdikgue6yYZ,101,997d3f3e794aa68c847f17afc211a16dd45593080a8792ff0ff76d6292790f0d,,211
210,c2,1UxnAi2fFtTDq4ueXQFEL4zi8MwtVHREpjHc6h,68,00159b3d98f85b45dce8ff5090e671b402d403d3f0f81dbc8ee7607b3eed78b4,,211
211,c1,1X2L9fkqq9LAbwPDz1SqCJiNrmxKdikgue6yYZ,102,ba4a17c1143533ef350284cd89e987d83d67a65abe9fbb23fe8e255313a47340,,212
212,c3,1ZeK9j4KbGp26TqiEj712Uy3dDSxEvoCgHx2pJ,52,2ff4a78c91a0f19f8b338bc1b675a9e541cc94825efb5224182856ae344e529e,,213
212,c2,1UxnAi2fFtTDq4ueXQFEL4zi8MwtVHREpjHc6h,69,7caaed6c560d42567daea5c4ffddc966166ca1a938f82d7fc7ed339895e11050,,213
212,c1,1X2L9fkqq9LAbwPDz1SqCJiNrmxKdikgue6yYZ,103,d343f2cd8a0c9723683e6c5f6513a4ff7710448320996dd28d16154f10d1366f,,213
213,c4,1KJxpGjjCx4L4ui7yXDrVyjxijxMShNRXcS3XB,42,5bd41a7a34a76b5e08be56976bd817d6a8807f5af3847205a458c758db16e9a4,,214
214,c1,1X2L9fkqq9LAbwPDz1SqCJiNrmxKdikgue6yYZ,104,5694eb3bdc89ab25c8c0bd0a73201ba6fe349770611671168a852cca7a230cac,,215
214,c5,17V2VF5b1CmigfPVqujRoCWaiNfGZHdigz6HU7,34,3d49f9c38c7f70ee6ccd44b6da91b4e5de537e11afe0cde39e9684b24b63b85b,,215
215,c2,1UxnAi2fFtTDq4ueXQFEL4zi8MwtVHREpjHc6h,70,c02916a89ad9512d1cb10b30e728322d7a75cc8c10a075c900889af018c3dd16,,216
215,c3,1ZeK9j4KbGp26TqiEj712Uy3dDSxEvoCgHx2pJ,53,cf0ae272b97d2261ea1be335108b28aa84097b0583774c3c68a50068017c5a71,,216
215,c1,1X2L9fkqq9LAbwPDz1SqCJiNrmxKdikgue6yYZ,105,8605bf30839db686d130ce4f7d26aa9cabfe0efb66d0422d8291abe5ec5cde7b,,216
216,c4,1KJxpGjjCx4L4ui7yXDrVyjxijxMShNRXcS3XB,43,6fa29af5d5eb6ec9ce44610ee23917c1df35f2f8baf0adc0d0da5f28a7cb4cf8,,217
216,c2,1UxnAi2fFtTDq4ueXQFEL4zi8MwtVHREpjHc6h,71,7655d111434c9621e334cc03c12aaf0d21c4201ac93b0486262b0363e8779b97,,217
216,c1,1X2L9fkqq9LAbwPDz1SqCJiNrmxKdikgue6yYZ,106,26a9e3f398b030e446a881c1e8b5abc1065d03cb7929bfe68e6f3afccc454ef1,,217
217,c3,1ZeK9j4KbGp26TqiEj712Uy3dDSxEvoCgHx2pJ,54,4d4e160fdc68fb1a97988d04f6058d07f2e9d088dbbf8a2ac88671459b6d6461,,218
217,c1,1X2L9fkqq9LAbwPDz1SqCJiNrmxKdikgue6yYZ,107,99e525b9ae92934f17fed6f270a724ebe6fb548c7998be706db0d6256f3a12c8,,218
217,c5,17V2VF5b1CmigfPVqujRoCWaiNfGZHdigz6HU7,35,fe75cbab3e0d12f3171115d4f28801b2d22ad7ca4e2cea5935996b7507d413d1,,219
218,c2,1UxnAi2fFtTDq4ueXQFEL4zi8MwtVHREpjHc6h,72,617431abc8b7e4a7050aa76ca756a2cb309fc17861287871503e9aac47ceeba9,,219
219,c1,1X2L9fkqq9LAbwPDz1SqCJiNrmxKdikgue6yYZ,108,86b8cb70f63fe4cdcacc3a529224fb501f389d6a3b1a4ab061b94004133fa7b6,,220
220,c4,1KJxpGjjCx4L4ui7yXDrVyjxijxMShNRXcS3XB,44,36dd80ba24a9dc54912a6aed34cb4e394039df8b07e788135685ef1eaf29d9d2,,221
221,c3,1ZeK9j4KbGp26TqiEj712Uy3dDSxEvoCgHx2pJ,55,694c5d71185a26b65c87f8c0c03f24ff9f669c49fcbf02be139afb184367a43f,,222
221,c2,1UxnAi2fFtTDq4ueXQFEL4zi8MwtVHREpjHc6h,73,402563c61981c2f2d177cba4ea0d18dcc2d2c111b6a89daf623a8a6a33de762d,,222
221,c1,1X2L9fkqq9LAbwPDz1SqCJiNrmxKdikgue6yYZ,109,e0f332b293e0078528514206e94e11f341af7f8c806cde7065853b659608b828,,222
223,c1,1X2L9fkqq9LAbwPDz1SqCJiNrmxKdikgue6yYZ,110,931deead83ea3f65a2e6d7c739efe9255cff8b2243599c2f667cbc00bed5260b,,224
224,c5,17V2VF5b1CmigfPVqujRoCWaiNfGZHdigz6HU7,36,a56743fa24862bbd324193b8f6e115e5acc6eff06592d1cceeef95bfd3cc47af,,225
224,c2,1UxnAi2fFtTDq4ueXQFEL4zi8MwtVHREpjHc6h,74,48c636a034c794b4ada3d67573fddc7311ad5a3d5822bd3818d5ba04d5bcf7ba,,225
225,c4,1KJxpGjjCx4L4ui7yXDrVyjxijxMShNRXcS3XB,45,6b37be15e2ed635cc9d3bd651ada52aef7171330449c7a8fb0b3152322476966,,226
225,c3,1ZeK9j4KbGp26TqiEj712Uy3dDSxEvoCgHx2pJ,56,c6bb36d4830097a0aeed9558192a814728c0bc176fbcc3e9ca5166100fb148a9,,226
225,c1,1X2L9fkqq9LAbwPDz1SqCJiNrmxKdikgue6yYZ,111,4385eda3faca138138127041be764deab9a04dddb97e4466f5010e819fe34e85,,226
227,c2,1UxnAi2fFtTDq4ueXQFEL4zi8MwtVHREpjHc6h,75,30543ed87604d4f290bc62e32f45811ff64d8b99a1656f6c9c2bb6a9943e9c21,,228
227,c1,1X2L9fkqq9LAbwPDz1SqCJiNrmxKdikgue6yYZ,112,8ddf2e9a5091b63e4253c46a79de1b1a9c615eea31e9feea1239f907fc5f3c99,,228
228,c3,1ZeK9j4KbGp26TqiEj712Uy3dDSxEvoCgHx2pJ,57,0b8617ec7119252b6e1d98637cdf539d5202a9269e7a2f2b9036580089f9cb04,,229
228,c1,1X2L9fkqq9LAbwPDz1SqCJiNrmxKdikgue6yYZ,113,f579ac638a71b48a84483fce5da9c2d429851328dac35a64fa0dee569c3af3a5,,229
228,c5,17V2VF5b1CmigfPVqujRoCWaiNfGZHdigz6HU7,37,dc481822759839b9a236ee2060f7f959eb27a6cf6ee90e4a07acaa72509e39d1,,229
228,c4,1KJxpGjjCx4L4ui7yXDrVyjxijxMShNRXcS3XB,46,138ac4cc7b5caf0a1279a9b13007e836bb272f1e2a9aee4e95d8c96445804756,,229
228,c2,1UxnAi2fFtTDq4ueXQFEL4zi8MwtVHREpjHc6h,76,72618ab9e27ff71fff620d376aa2bcc4f1226527ced1f13af33e2dce090cb8a6,,229
229,c1,1X2L9fkqq9LAbwPDz1SqCJiNrmxKdikgue6yYZ,114,60e818f92e79bbbf620a8da17f64aad3e3ea6e9430cb204cc203c6891b7bc9b0,,230
231,c3,1ZeK9j4KbGp26TqiEj712Uy3dDSxEvoCgHx2pJ,58,cecd10bfcc42c46f45bce1c56bff1779837b4dfdc7856a5554bd5a59cab3b3c0,,232
231,c2,1UxnAi2fFtTDq4ueXQFEL4zi8MwtVHREpjHc6h,77,a7a049e0f73cdcaa552016d48b54260d0078a31a2785e2478cfde98a0012f980,,232
231,c1,1X2L9fkqq9LAbwPDz1SqCJiNrmxKdikgue6yYZ,115,e9ab112025b6110e17cbc212d34616ae965a7cf3388455c6d9a443e4cbc8190e,,232
232,c4,1KJxpGjjCx4L4ui7yXDrVyjxijxMShNRXcS3XB,47,7dfa048ea0efd0c49d0b5ba29270bd21001a74713097d1f95404607fc18f2dc6,,233
232,c1,1X2L9fkqq9LAbwPDz1SqCJiNrmxKdikgue6yYZ,116,cf94ac520ed2b9f16cccff2b830299edffc35b3bd3631bf36bd962cdc8a3f0b5,,233
233,c2,1UxnAi2fFtTDq4ueXQFEL4zi8MwtVHREpjHc6h,78,79b8c6ebde4cb50292d7a39385ea647a34e824216afc17ee5d47a8c8a9f09de0,,234
233,c5,17V2VF5b1CmigfPVqujRoCWaiNfGZHdigz6HU7,38,a3ae2848de528f2ac87e1309c5a0591ea59d17dfcba083f9d57b360f64824e77,,234
234,c3,1ZeK9j4KbGp26TqiEj712Uy3dDSxEvoCgHx2pJ,59,dbbdb204aaf174cb7c17e49cb17dcfe57822765f536e19ebde9ba24d55a9b891,,235
234,c1,1X2L9fkqq9LAbwPDz1SqCJiNrmxKdikgue6yYZ,117,aca731b3552185e72b494bd81cf5cd74dd5dc18cdc113e1a25a86e1b3ae309e6,,235
235,c2,1UxnAi2fFtTDq4ueXQFEL4zi8MwtVHREpjHc6h,79,8a82b5808db16efd7ecc4fa8898ccb39dd59329660f4a1b1cbd108d7c22c8fad,,236
235,c1,1X2L9fkqq9LAbwPDz1SqCJiNrmxKdikgue6yYZ,118,b4faba8c9bfa3d7a9d0910ee5c5267e7e65c5f9c0ee681944bcc6889cbd955a9,,236
235,c4,1KJxpGjjCx4L4ui7yXDrVyjxijxMShNRXcS3XB,48,81cd471ef6a514c316b73a0913c195c9e3fefa850706fc6e346042a0a4b8c07e,,236
236,c3,1ZeK9j4KbGp26TqiEj712Uy3dDSxEvoCgHx2pJ,60,c8a0431dc155788e240fd9e949e1d000781e53fd5c42c5947fadae62200e3a37,,237
236,c1,1X2L9fkqq9LAbwPDz1SqCJiNrmxKdikgue6yYZ,119,19c3538b1fc703fbd66de5ca23644a04fc85b443dbc7eedae8457cd459a6a046,,237
237,c2,1UxnAi2fFtTDq4ueXQFEL4zi8MwtVHREpjHc6h,80,acaa4d025fea12eb29e1b6b9a0f2438573dbebafe4e0b94b87122c020b3c7af5,,238
237,c5,17V2VF5b1CmigfPVqujRoCWaiNfGZHdigz6HU7,39,28cb405e43702dd57a8f1f41bc90bb7f99e12b9aaf4428d6f9d49f65d37763d4,,238
237,c1,1X2L9fkqq9LAbwPDz1SqCJiNrmxKdikgue6yYZ,120,5dd2619eeeb6a5882dfd11f65118b48f322949409d14b64e9c89332065d3bdfd,,238
239,c4,1KJxpGjjCx4L4ui7yXDrVyjxijxMShNRXcS3XB,49,ca1c884956d1c7dd89487f967fb5d2e61793c2ccc2c380854190e729069fefb1,,240
239,c3,1ZeK9j4KbGp26TqiEj712Uy3dDSxEvoCgHx2pJ,61,25881f5d58f622b1b539555737d122df794fcdec116ae8dd2e59a0556538feaf,,240
239,c2,1UxnAi2fFtTDq4ueXQFEL4zi8MwtVHREpjHc6h,81,dfff43b98b4b5aa358f5db19abdac44593a922b88fbf1862d28a9dc1296419d9,,240
239,c1,1X2L9fkqq9LAbwPDz1SqCJiNrmxKdikgue6yYZ,121,cd437e48cca9c2f8ec29c5df1707d2a82ea6cfb3aa002b2d45758a25c4035290,,240
240,c1,1X2L9fkqq9LAbwPDz1SqCJiNrmxKdikgue6yYZ,122,562b8030b56c9775aac74e98e29b3e49c349022f4642f1aec2b80eaf6b0405fc,,241
241,c2,1UxnAi2fFtTDq4ueXQFEL4zi8MwtVHREpjHc6h,82,b5d1d86d4a8d7f63a8a1abdd11c1147ffc40fbb8b2b1972eae4ca897dba1d85d,,242
241,c5,17V2VF5b1CmigfPVqujRoCWaiNfGZHdigz6HU7,40,b25d1a11b603ebe8638a24e833de73c5e9ccd82a87e36dcf9851f5c37301dcb5,,242
241,c3,1ZeK9j4KbGp26TqiEj712Uy3dDSxEvoCgHx2pJ,62,eaf5c20e699fb86cd17370756c64937ec04a908d5fa03f475969d4ea83490c3a,,242
241,c1,1X2L9fkqq9LAbwPDz1SqCJiNrmxKdikgue6yYZ,123,de875cdb63fcde86adac945c50493e4ccd47f4e951f25a19d9af4570e4318da3,,242
242,c4,1KJxpGjjCx4L4ui7yXDrVyjxijxMShNRXcS3XB,50,54fa7ce8936014c48699c0ad6bb69f46574f83c7d626daf8a847159baf6340fb,,243
242,c2,1UxnAi2fFtTDq4ueXQFEL4zi8MwtVHREpjHc6h,83,699a1ce1f78e0ed7eba99eea18359fbf2b71e43c462530cff4c548b336f02bc6,,243
242,c1,1X2L9fkqq9LAbwPDz1SqCJiNrmxKdikgue6yYZ,124,e96b3a21c0a42e58a1814852e83ca0db0da8b49d00475a41866f8366460a4592,,243
244,c3,1ZeK9j4KbGp26TqiEj712Uy3dDSxEvoCgHx2pJ,63,0dc7622a3f4b271dac131a15a58d6070d77715de14e8505cef2c07dca07e63a0,,245
244,c1,1X2L9fkqq9LAbwPDz1SqCJiNrmxKdikgue6yYZ,125,f1f6b91e124986c62c007723d8e3bcb1331b67367be64061c17c8513a75d8ba0,,245
245,c2,1UxnAi2fFtTDq4ueXQFEL4zi8MwtVHREpjHc6h,84,d8ccb0df3bdb0acb329d57e66646f3cb226d96189ef009552c23eecadae5c857,,246
245,c5,17V2VF5b1CmigfPVqujRoCWaiNfGZHdigz6HU7,41,48eaea75960e58a8cd01218af81caf7a5eec518611f27cc889c6777038cc8087,,246
245,c4,1KJxpGjjCx4L4ui7yXDrVyjxijxMShNRXcS3XB,51,38f10da07d67cb2408aa4ffd20ff50000c54c8b8480630ccc20dfc56c7a2ac23,,246
245,c1,1X2L9fkqq9LAbwPDz1SqCJiNrmxKdikgue6yYZ,126,b73c3e7369ebc7e50b08d36252d670cbce00e1e380a838dee3b03a86c22cd89c,,246
246,c3,1ZeK9j4KbGp26TqiEj712Uy3dDSxEvoCgHx2pJ,64,c71e31748132e9ebcdc3b96bd7c23a518932269028e253801c027efecca700b0,,248
247,c2,1UxnAi2fFtTDq4ueXQFEL4zi8MwtVHREpjHc6h,85,517575c8e5f7da12c7dc09063e356c521911564e559e645f517a0fc356d72239,,248
247,c1,1X2L9fkqq9LAbwPDz1SqCJiNrmxKdikgue6yYZ,127,945715b4029065750e21302e95d94237775e857ef4db5c81e64f182fa398b43c,,248
248,c1,1X2L9fkqq9LAbwPDz1SqCJiNrmxKdikgue6yYZ,128,8f84cec907fcde03b41a3dfb2a120c0db2a3c5b951c92d9595cdb3a2c8933885,,249
248,c4,1KJxpGjjCx4L4ui7yXDrVyjxijxMShNRXcS3XB,52,29bb46fb3cd11f2f9f657ee61baa2431a788a8cc8760d88c9330e513e75c90b8,,250
248,c2,1UxnAi2fFtTDq4ueXQFEL4zi8MwtVHREpjHc6h,86,45a9410797a603dbc6e8e8ed662abf3910c65bc7ae9c175aa4fcdb807b48bad2,,250
249,c3,1ZeK9j4KbGp26TqiEj712Uy3dDSxEvoCgHx2pJ,65,65ead3c69e9a5a31eb703bda61022e8b25c76aed2f263237060bf33486ade102,,250
249,c1,1X2L9fkqq9LAbwPDz1SqCJiNrmxKdikgue6yYZ,129,98afcefd31afd4412f18573b64294b9b2c765eeec8f3a5e9e7908a89aafe88ef,,250
249,c5,17V2VF5b1CmigfPVqujRoCWaiNfGZHdigz6HU7,42,39a9d5c719187c83cbc8dcf2c5f96999d0488091154ab66153992a15d44fc123,,250
250,c2,1UxnAi2fFtTDq4ueXQFEL4zi8MwtVHREpjHc6h,87,78eaa5232be977e95612533bad50a1604c50354b3c913807b7a3258d8101729e,,251
250,c1,1X2L9fkqq9LAbwPDz1SqCJiNrmxKdikgue6yYZ,130,0d259561b18e2cb0b1180e021009aba9136f2741ccfa72496137644137074b8b,,251
252,c4,1KJxpGjjCx4L4ui7yXDrVyjxijxMShNRXcS3XB,53,93028de5aec07958173e41e249d147b5431228dc4507509afb4973b1fe18bdf7,,253
252,c3,1ZeK9j4KbGp26TqiEj712Uy3dDSxEvoCgHx2pJ,66,58133dc7e8f912a96b4bd50815d957d66621bbf02ce7fa0dd1f21038d077415c,,253
252,c1,1X2L9fkqq9LAbwPDz1SqCJiNrmxKdikgue6yYZ,131,aea2e401f424455384c5ec6466834feb6f52f0ddcb90eaf4f1cb9df7d231f2e7,,253
252,c2,1UxnAi2fFtTDq4ueXQFEL4zi8MwtVHREpjHc6h,88,73950a4a8a77398a01faae68ac31e3a2e39244bba29f8fe5ae74c0d005e6d18f,,253
253,c1,1X2L9fkqq9LAbwPDz1SqCJiNrmxKdikgue6yYZ,132,a4a0466f01167eb3e939b918a15214a5f8d0a2147ce57e4b4a04f466b1f40bc1,,254
253,c5,17V2VF5b1CmigfPVqujRoCWaiNfGZHdigz6HU7,43,04ada091affffeb99f50591363a3bcdde091df1e71d1d7b07d1fd3e260785901,,255
255,c3,1ZeK9j4KbGp26TqiEj712Uy3dDSxEvoCgHx2pJ,67,a076a541c681d1f15c4e0243fd48e69ad942a64b8ad07827ae81d04955c432af,,256
255,c2,1UxnAi2fFtTDq4ueXQFEL4zi8MwtVHREpjHc6h,89,e61dd9bfca59205d5c7c9848977499a9b0c6069788595970692a161c73ac6bcb,,256
255,c1,1X2L9fkqq9LAbwPDz1SqCJiNrmxKdikgue6yYZ,133,f1f06209ce92233a4348a55d02e7fb1af5f79930cc6e0bcaaa3d473fa1bfea36,,256
256,c4,1KJxpGjjCx4L4ui7yXDrVyjxijxMShNRXcS3XB,54,b5a6ece4ec0bff69378be979b2ad8fc4fd68a66a7973ddd771692309980ad989,,257
257,c1,1X2L9fkqq9LAbwPDz1SqCJiNrmxKdikgue6yYZ,134,6a105deac4692432f21c12b4eff551910b9cb252598ec78e717c0d5690f5c676,,258
257,c2,1UxnAi2fFtTDq4ueXQFEL4zi8MwtVHREpjHc6h,90,5f785c57a9e592473fe3d92c3341ef4b0dc577892f40deb051ed441ba36b95a2,,258
258,c3,1ZeK9j4KbGp26TqiEj712Uy3dDSxEvoCgHx2pJ,68,3b62e2e255d3a33371d1a50d8e26b8acf1bb18983c12f20411e1b32f62b3ecf6,,259
258,c1,1X2L9fkqq9LAbwPDz1SqCJiNrmxKdikgue6yYZ,135,0196a4f2dad5ebcd5b4d50c5a4c38e103403e6cb34a1a187024be777bb1367d6,,259
258,c5,17V2VF5b1CmigfPVqujRoCWaiNfGZHdigz6HU7,44,e070789776e0b148297937acad0f7e730eb0fcd32e095407210e973133c2ef61,,259
259,c4,1KJxpGjjCx4L4ui7yXDrVyjxijxMShNRXcS3XB,55,571a2389ffedbb2c979ece32105d5df71ecac83458ff453a88a991f753a0577c,,260
259,c2,1UxnAi2fFtTDq4ueXQFEL4zi8MwtVHREpjHc6h,91,039a68c74731463c7b67b0051aefb06233a8de812219b98709ac2a52e5c134fb,,260
259,c1,1X2L9fkqq9LAbwPDz1SqCJiNrmxKdikgue6yYZ,136,1983ec8c027c5ea79b9f265f2e8b6ecbca1f1b2e4743220f8b11befc55d75d33,,260
261,c3,1ZeK9j4KbGp26TqiEj712Uy3dDSxEvoCgHx2pJ,69,17603a66259a6987672602981f437f90a95aa9866a4e94e22c3593e6458e48b2,,262
261,c1,1X2L9fkqq9LAbwPDz1SqCJiNrmxKdikgue6yYZ,137,c674ae42115204b845cc99be932f895d79b594a4bccdf7ebe9f0e7d516b90b5f,,262
262,c2,1UxnAi2fFtTDq4ueXQFEL4zi8MwtVHREpjHc6h,92,8d7da996f6c0061069068c038c984d120d6ef34fbb751c00f3bf74b955b2c7e1,,263
262,c1,1X2L9fkqq9LAbwPDz1SqCJiNrmxKdikgue6yYZ,138,ec37345a8694636f798bcbbb29ec602627cb821dd2447e723f1f8c264d481893,,263
263,c5,17V2VF5b1CmigfPVqujRoCWaiNfGZHdigz6HU7,45,3976854f0dba94457094f25c90646b78176343e78953e51f8a71e15660a57dac,,264
263,c4,1KJxpGjjCx4L4ui7yXDrVyjxijxMShNRXcS3XB,56,c1ba38bfd1d1a9e4f04e29b632a54a6e473dd14798ccb92b9363f3055346f437,,264
264,c3,1ZeK9j4KbGp26TqiEj712Uy3dDSxEvoCgHx2pJ,70,61d8ca9a91514eb5bd621b9d1614668fb38b87641fc515a52072745f0fb7238b,,265
264,c2,1UxnAi2fFtTDq4ueXQFEL4zi8MwtVHREpjHc6h,93,782f5753d98fabac9ce0c364e849d30557f11c731d77b51c0d16e18e4e1f6180,,265
264,c1,1X2L9fkqq9LAbwPDz1SqCJiNrmxKdikgue6yYZ,139,092cd107e81633f1230b9c88a8f933b935965933e2675c69f9f312a03e583372,,265
266,c1,1X2L9fkqq9LAbwPDz1SqCJiNrmxKdikgue6yYZ,140,d9c64aa12c6e4c91b87fafe2ff2c016361c9b4cb8a57221c32df65390c089f1d,,267
266,c2,1UxnAi2fFtTDq4ueXQFEL4zi8MwtVHREpjHc6h,94,3a73f16c422eb295990b9f155773152e26a27921911ab413a14becdc092e0165,,267
267,c4,1KJxpGjjCx4L4ui7yXDrVyjxijxMShNRXcS3XB,57,21f95209c17bb30c0df5c4bef1bfd88dcdaeb5614f4a003125585c82b8993d2a,,268
267,c3,1ZeK9j4KbGp26TqiEj712Uy3dDSxEvoCgHx2pJ,71,981989b2d79850c960a76fb65a3ab458d0827cdee7263b4a27f8b1669920cff8,,268
267,c1,1X2L9fkqq9LAbwPDz1SqCJiNrmxKdikgue6yYZ,141,5e571b38331cf9669455e87f07c6a21512acb45f031fc1a7fdce33faa5638194,,268
268,c5,17V2VF5b1CmigfPVqujRoCWaiNfGZHdigz6HU7,46,9f84272df4801b1e73be371543e6f8d8e2c3e2a971c3f29aa87c61f0f5ef760e,,269
268,c2,1UxnAi2fFtTDq4ueXQFEL4zi8MwtVHREpjHc6h,95,e01942102d4d81129944188d00c098a39fc966fb45504dcce538a9c009d9024c,,269
268,c1,1X2L9fkqq9LAbwPDz1SqCJiNrmxKdikgue6yYZ,142,470010d471c26c0cca700609257ecfd16a61c8f1feb63045c49df8e3297c91d0,,269
269,c3,1ZeK9j4KbGp26TqiEj712Uy3dDSxEvoCgHx2pJ,72,e3cad79f5457179da2fea0ff82b9d661edc978591c7df7df3063189beb240b91,,270
269,c1,1X2L9fkqq9LAbwPDz1SqCJiNrmxKdikgue6yYZ,143,5184c744f2d396b70985a6f93e5334692833ad6bdf1b3c4970244fbfce5ad706,,270
270,c4,1KJxpGjjCx4L4ui7yXDrVyjxijxMShNRXcS3XB,58,f77063f4953a2fe23a43f45c97aca59e1d8a0756eb86a77ffbdcb4883b9604da,,271
270,c2,1UxnAi2fFtTDq4ueXQFEL4zi8MwtVHREpjHc6h,96,4efa156715dbb7e4f7afa0d9d493c050f1cc882eed5f8f5d52a902fe725e2f92,,271
270,c1,1X2L9fkqq9LAbwPDz1SqCJiNrmxKdikgue6yYZ,144,7fdb3edca48018f23ea8ffc549b598185e0988a29f1f434cb0f456e48657a3eb,,271
271,c5,17V2VF5b1CmigfPVqujRoCWaiNfGZHdigz6HU7,47,584da088f6f4772fc05ac6f91c3b4524d6d4e5ae59a1ecffb4840094a26807bf,,273
272,c3,1ZeK9j4KbGp26TqiEj712Uy3dDSxEvoCgHx2pJ,73,deba04f06b59203d2bc46a9cd454da56af555ceaef31f98bb30ef20a7e3a41d4,,273
272,c2,1UxnAi2fFtTDq4ueXQFEL4zi8MwtVHREpjHc6h,97,719debbc5dfa190432c7992ee124ef5115c0fdfcda3c09f088f8f16497ebf698,,273
272,c1,1X2L9fkqq9LAbwPDz1SqCJiNrmxKdikgue6yYZ,145,8e11f0fc28089135a4b48697b66cba6c26e7f9bfbe82c821eac6fe15446e1178,,273
274,c4,1KJxpGjjCx4L4ui7yXDrVyjxijxMShNRXcS3XB,59,7c36845c6db7e9aa3ea0680d5214f5256d16a74d8224ebf209b10a13d7431432,,275
274,c1,1X2L9fkqq9LAbwPDz1SqCJiNrmxKdikgue6yYZ,146,4c7acf48f8090dd9de5431d2eacb55e1516c521826138993acb1c1473073e3eb,,275
274,c2,1UxnAi2fFtTDq4ueXQFEL4zi8MwtVHREpjHc6h,98,94821ddcdde21d011dc97588e438e1aafda8ae54efbb8dc4d4f7f8492443ded2,,275
275,c3,1ZeK9j4KbGp26TqiEj712Uy3dDSxEvoCgHx2pJ,74,2f1cf2bc8b21a6e18761d63555a040983ba37ea2c894168a41b9409938193384,,276
275,c1,1X2L9fkqq9LAbwPDz1SqCJiNrmxKdikgue6yYZ,147,dc9c5d589e6874cea052ddc23e07cebba5ce441b210af09df1a5b1432dc61f36,,276
276,c5,17V2VF5b1CmigfPVqujRoCWaiNfGZHdigz6HU7,48,69bc171dacbfa1907ff5eb2b4dbf9a12613c3257f18d9c8ae508dec8d282d0ac,,277
276,c2,1UxnAi2fFtTDq4ueXQFEL4zi8MwtVHREpjHc6h,99,3f17209ab8057dbce65db99db65bc4e8e9f922576c7d16c71c6d386803554c64,,277
276,c1,1X2L9fkqq9LAbwPDz1SqCJiNrmxKdikgue6yYZ,148,b99deb305f64a63e85b5bae41179cdda649ba8e8710586f577e223eee1bca214,,277
277,c4,1KJxpGjjCx4L4ui7yXDrVyjxijxMShNRXcS3XB,60,5862d43508c9005d1a62d136de75b52875d8759a15d84219b79ee50a6f79f0e4,,278
277,c3,1ZeK9j4KbGp26TqiEj712Uy3dDSxEvoCgHx2pJ,75,6058d24fa1b09ea517c75ea1259af1f148b4c26dbbae332f70eb2a89876d9d08,,278
277,c1,1X2L9fkqq9LAbwPDz1SqCJiNrmxKdikgue6yYZ,149,23e7213d3b4409e1303caf9f9a1e6b39641a2e1fbbe37a8986a0e81d6046403b,,278
278,c2,1UxnAi2fFtTDq4ueXQFEL4zi8MwtVHREpjHc6h,100,04c4f204a9b71cc551897343fa7b2ee56f61b5eaaf20989a820f1e572bc75d24,,279
279,c1,1X2L9fkqq9LAbwPDz1SqCJiNrmxKdikgue6yYZ,150,8c3420d9189a6d8099416619abd518918c9eca8960074e585d5015fd1d275307,,280
280,c5,17V2VF5b1CmigfPVqujRoCWaiNfGZHdigz6HU7,49,9641a26c06d5c09d5f48b79e99c3fe38a2ae6f3aa213ddf1f02e0bdd74e442a1,,281
280,c4,1KJxpGjjCx4L4ui7yXDrVyjxijxMShNRXcS3XB,61,e08e089fed8cf7111e752701f3a3ad5805221c1dd64384e7550e4fea13a5ceb9,,281
280,c3,1ZeK9j4KbGp26TqiEj712Uy3dDSxEvoCgHx2pJ,76,9dcd7be4c3d6b0d2fcda29f24b79b06907160754a22091527b0cf465e2ef96a0,,281
280,c2,1UxnAi2fFtTDq4ueXQFEL4zi8MwtVHREpjHc6h,101,69a1d2e09dfc77c4980c82ebb9de5ca43f406f51e9096d77a2c70bea50d2ed77,,281
280,c1,1X2L9fkqq9LAbwPDz1SqCJiNrmxKdikgue6yYZ,151,043f6b7ca06bfb4184ea174233c4c946415e2f393ab51a5a3cef6eb6140a5816,,281
282,c1,1X2L9fkqq9LAbwPDz1SqCJiNrmxKdikgue6yYZ,152,ec595d2062ee277973ea4a4c1312c361f39f0b54c5eca27903e75f05f1988bf7,,283
282,c2,1UxnAi2fFtTDq4ueXQFEL4zi8MwtVHREpjHc6h,102,5aa412a56a98862aa4f46f50f42b4b5591f4a32fc0028d530659a2bb3c2099fb,,283
283,c3,1ZeK9j4KbGp26TqiEj712Uy3dDSxEvoCgHx2pJ,77,09938b8e20f92a4181f4763b9d71ff1aca025a3a963dbd2c39404b7a4b16299a,,284
283,c1,1X2L9fkqq9LAbwPDz1SqCJiNrmxKdikgue6yYZ,153,94664348080a52a3edc386ef62e38c66add4aaa681ff6758be8cd3b0bc04c537,,284
283,c4,1KJxpGjjCx4L4ui7yXDrVyjxijxMShNRXcS3XB,62,40ed4b8b66309c5cfeb86f512d523a8b8c62445eed65098c54ca90757967e7cf,,284
284,c2,1UxnAi2fFtTDq4ueXQFEL4zi8MwtVHREpjHc6h,103,c126ef2adf80135cd9c66465d8c6830d2a37bf037c529e13855285b1fe9e941a,,285
284,c1,1X2L9fkqq9LAbwPDz1SqCJiNrmxKdikgue6yYZ,154,814acba76364126bbc1e996ffa52ce24f821c8a24c2041d9262147837e12b03e,,285
284,c5,17V2VF5b1CmigfPVqujRoCWaiNfGZHdigz6HU7,50,f094a898d4f2c21b6625911d12f7219072cc99380935acb0926d938f8727277b,,285
285,c3,1ZeK9j4KbGp26TqiEj712Uy3dDSxEvoCgHx2pJ,78,882a5eea6a7d1934e3cdaceeb60edf0a6984c648f2ebde9d4dd7eaf1d8c1c9f5,,287
285,c1,1X2L9fkqq9LAbwPDz1SqCJiNrmxKdikgue6yYZ,155,2424d50cd938813e0fa058570635d41c1507b07d960ccbceb7d478bcd46c5e2d,,287
286,c2,1UxnAi2fFtTDq4ueXQFEL4zi8MwtVHREpjHc6h,104,5774336c1d36bde6f4bd2ce6c61d4f51311933009bc6cf20a515bc8b10875b83,,287
287,c4,1KJxpGjjCx4L4ui7yXDrVyjxijxMShNRXcS3XB,63,fd4142f56eefb530dc4bd82a5f75c3660c917cfbdce078aa84837a52158234c7,,288
287,c1,1X2L9fkqq9LAbwPDz1SqCJiNrmxKdikgue6yYZ,156,942af075372655e3c4f516926539f2220085486caf68a42434678b1379e889f3,,288
288,c3,1ZeK9j4KbGp26TqiEj712Uy3dDSxEvoCgHx2pJ,79,e8061d28406d01e46d6eb3dc7c8987ba47c888b1ea598b3c1383f92ea38e88da,,289
288,c2,1UxnAi2fFtTDq4ueXQFEL4zi8MwtVHREpjHc6h,105,1b6a66865f1343f7851be443c30481debfbb000408681da70905e2ddad55afef,,289
288,c1,1X2L9fkqq9LAbwPDz1SqCJiNrmxKdikgue6yYZ,157,3a32ddf7ab5017c80c331f1586b5d619da6cb2151ab578aa8720b0b1a0d7afce,,289
288,c5,17V2VF5b1CmigfPVqujRoCWaiNfGZHdigz6HU7,51,394622778a45919dca52da49ae49d92d9c5d1433acc0a36ae2796dd00b02c92e,,289
289,c1,1X2L9fkqq9LAbwPDz1SqCJiNrmxKdikgue6yYZ,158,1a1ae5e6332c267fbf0d3e0b0185b6e72558811b758fd61c0cd413edc2f486bf,,290
290,c4,1KJxpGjjCx4L4ui7yXDrVyjxijxMShNRXcS3XB,64,fb6bc8fbe8a3deb182aa5dcb212104b0b79d065755f1c6d495311c50ab0d6bbb,,291
290,c2,1UxnAi2fFtTDq4ueXQFEL4zi8MwtVHREpjHc6h,106,29631ad3b49414a9e5683f20038974a0a02e3a07d2ebf5b59be167c9ef5b898c,,291
290,c3,1ZeK9j4KbGp26TqiEj712Uy3dDSxEvoCgHx2pJ,80,8fcc01f2cce13c1690f949214a8759aa9f8ebf9fdbaffb41584a9ddc976aedac,,292
290,c1,1X2L9fkqq9LAbwPDz1SqCJiNrmxKdikgue6yYZ,159,cd7ed942b32dd597bfd16d978a6320f98cb4f21f399280d9cac9368159f0cd4c,,292
292,c2,1UxnAi2fFtTDq4ueXQFEL4zi8MwtVHREpjHc6h,107,1420668dd0087f8ff10e0ef44bc2bc70f77c9f636a75e1c3cd900a15ddbcca5f,,293
292,c1,1X2L9fkqq9LAbwPDz1SqCJiNrmxKdikgue6yYZ,160,b39bf20cae8fff2c23e8d6534a388fa613a616c1af6c7d23d82c635167f878b9,,293
293,c5,17V2VF5b1CmigfPVqujRoCWaiNfGZHdigz6HU7,52,6684962f4dd8a4f0463d9552ba90975db0e37dcb6180ca846f35649473980ddb,,294
294,c4,1KJxpGjjCx4L4ui7yXDrVyjxijxMShNRXcS3XB,65,a71ff6b0dfca1aff1b8b458cd371fe3ada0253aa718659b9597ff31ed71dda43,,295
294,c3,1ZeK9j4KbGp26TqiEj712Uy3dDSxEvoCgHx2pJ,81,6936def27f2f0f9ea5ddbd5e04da8aa92e5a731ba8112c11dddcdf45438a9369,,295
294,c1,1X2L9fkqq9LAbwPDz1SqCJiNrmxKdikgue6yYZ,161,695fba76f6c0631864eff2bc2392caf2ca3b392c1cb3fce9068d3ad77a888dc3,,295
294,c2,1UxnAi2fFtTDq4ueXQFEL4zi8MwtVHREpjHc6h,108,a97adcaf5d7592ef1dfb9047fbc09a9217fdcc09fc735485942ae37dd4b14932,,296
295,c1,1X2L9fkqq9LAbwPDz1SqCJiNrmxKdikgue6yYZ,162,a9bcf0eca129d1cc27664acf1f72828aea32b6b1f8660be3493f12818cbd4ab7,,297
297,c3,1ZeK9j4KbGp26TqiEj712Uy3dDSxEvoCgHx2pJ,82,42b65e506172dbc4f6be423ec4f092d83a6993df59cc00d7705b682a4e5814fc,,298
297,c2,1UxnAi2fFtTDq4ueXQFEL4zi8MwtVHREpjHc6h,109,c35ad0582906dbe089b07a5067c11c45f749713e75f3df8b4fd97efac2b443c0,,298
297,c1,1X2L9fkqq9LAbwPDz1SqCJiNrmxKdikgue6yYZ,163,b216944d91315c867b0a61c24b8371585999d859f5d226749ecb09d34f10a4a5,,298
298,c5,17V2VF5b1CmigfPVqujRoCWaiNfGZHdigz6HU7,53,84ef045eadcebc763cbd0933c333ad473372f82020c2e19cdc18121efc21913d,,299
298,c4,1KJxpGjjCx4L4ui7yXDrVyjxijxMShNRXcS3XB,66,951702c4dc8c913ed075fee536a52cdfbd1ed5c7e247a3ef6c69aa6eb46084cc,,299
298,c1,1X2L9fkqq9LAbwPDz1SqCJiNrmxKdikgue6yYZ,164,70c1aebbf3759fe63661cd71bba71cbe77fd4e9eacab05490da371cb154294eb,,300
299,c2,1UxnAi2fFtTDq4ueXQFEL4zi8MwtVHREpjHc6h,110,dc6035e074c968aa6e71dc2a9d60b554e590ce9c78098236590cda4a51ae41f4,,300
300,c3,1ZeK9j4KbGp26TqiEj712Uy3dDSxEvoCgHx2pJ,83,a4e132f22095e7c0b4d4c5cd7157aa43d79e42106ddc01b62039dc50be29bd70,,301
300,c1,1X2L9fkqq9LAbwPDz1SqCJiNrmxKdikgue6yYZ,165,7aed86c8a5e9546c6143efa78e88a60c2e37fd32a52cef8be4b71110fec48978,,301
301,c4,1KJxpGjjCx4L4ui7yXDrVyjxijxMShNRXcS3XB,67,277265d83ac8f85c232831e0188c33cc9e25c3187367cd426071e7cee6e8a275,,302
301,c2,1UxnAi2fFtTDq4ueXQFEL4zi8MwtVHREpjHc6h,111,835848e2257c640f38cf7d1922a8c0036492bb35c776893dbfce0b978dc871de,,302
301,c1,1X2L9fkqq9LAbwPDz1SqCJiNrmxKdikgue6yYZ,166,3e019e8900a85b918d9c49f40674e1266251525370ab9d218aae7f9629ed61a1,,302
301,c5,17V2VF5b1CmigfPVqujRoCWaiNfGZHdigz6HU7,54,07b8b46c2ecb325579210ee593c4abe5795079af02523a4ef744664a9207c74c,,303
302,c3,1ZeK9j4KbGp26TqiEj712Uy3dDSxEvoCgHx2pJ,84,4377893c80cd4c0871ffe97ca0ea91b4943f20b94e234badbe656ad9e702c127,,303
302,c1,1X2L9fkqq9LAbwPDz1SqCJiNrmxKdikgue6yYZ,167,663d64aa2f68d0f8979eec6b0e00618e34c809d3f97295deada299797eaa91a8,,303
302,c2,1UxnAi2fFtTDq4ueXQFEL4zi8MwtVHREpjHc6h,112,d8df4a0a97c686ef5a6de9751ce0ddc324f5e321ddd4e6cef840e4ace453da26,,303
303,c1,1X2L9fkqq9LAbwPDz1SqCJiNrmxKdikgue6yYZ,168,2ada2f7877ba1f3bef9b03990129b8f507599516c31925a9cdb09ea306d4a8f6,,304
304,c4,1KJxpGjjCx4L4ui7yXDrVyjxijxMShNRXcS3XB,68,770095e54148548b0cd658990a267ca52f8497c7e7b827442de4e0caf66c76ba,,305
304,c3,1ZeK9j4KbGp26TqiEj712Uy3dDSxEvoCgHx2pJ,85,5c56950a67e8b22bf5687494250087441612136dc1be8d4f4be3479a3204343f,,306
304,c2,1UxnAi2fFtTDq4ueXQFEL4zi8MwtVHREpjHc6h,113,918449ccb7a506ec388266a47c87351f50808afaee52ce54221fffc4b1f73632,,306
305,c1,1X2L9fkqq9LAbwPDz1SqCJiNrmxKdikgue6yYZ,169,946d1a3c94d352124fde4d90eb6d424ab16ebd1a356e92d7fc08c0db5d71b648,,306
305,c5,17V2VF5b1CmigfPVqujRoCWaiNfGZHdigz6HU7,55,3f7fa84e5cdf801a48f1b1cd5a987156eda5be73cde58c3e95b678a2a2a72c83,,307
306,c1,1X2L9fkqq9LAbwPDz1SqCJiNrmxKdikgue6yYZ,170,95c39e11079d0b59dbba9eb7b27579dc30389cddeda4c3487af357e12ce57365,,307
307,c2,1UxnAi2fFtTDq4ueXQFEL4zi8MwtVHREpjHc6h,114,3b367a8b5dea73c9d1507804bf2dd773320a12de0eda4f76cb1e2f397fb3c5c5,,308
308,c4,1KJxpGjjCx4L4ui7yXDrVyjxijxMShNRXcS3XB,69,dd1de0bd94b31fe538e414b3e657e9f22997b00e2d2db38c7420be01959747f0,,309
308,c3,1ZeK9j4KbGp26TqiEj712Uy3dDSxEvoCgHx2pJ,86,38a0fddb9b1fdce0cbd99c829d29e0f83fd40ca2f332c1ac4ca69a1e00be44be,,309
308,c1,1X2L9fkqq9LAbwPDz1SqCJiNrmxKdikgue6yYZ,171,79a1432d01b3fdf328a020d6626dd3d9cc34f2da2f4cf6b638560e8a8797158a,,309
309,c2,1UxnAi2fFtTDq4ueXQFEL4zi8MwtVHREpjHc6h,115,083eb4a7a286f24399f42f4eeefa62dace6481d324971bf7ab31190529ff3400,,310
309,c1,1X2L9fkqq9LAbwPDz1SqCJiNrmxKdikgue6yYZ,172,d5a334f7f0052cb6eeabf08a74dae2d8ea8d52809d1ec0383c461c60fb5106e7,,310
310,c5,17V2VF5b1CmigfPVqujRoCWaiNfGZHdigz6HU7,56,1e7bb55fd9471fa847e964cae3d98e2fa4a71c855e4ef925199ce9f4d667826e,,311
310,c3,1ZeK9j4KbGp26TqiEj712Uy3dDSxEvoCgHx2pJ,87,5de5c659c9a4262bf7c901dc043c96054742990f0866c1be062cfac176c96bbd,,311
310,c1,1X2L9fkqq9LAbwPDz1SqCJiNrmxKdikgue6yYZ,173,4b365bcc7c3b00046bbc754eb9a2b46fa7560c28cfcede0fd0df55122f45262b,,311
311,c4,1KJxpGjjCx4L4ui7yXDrVyjxijxMShNRXcS3XB,70,6e8af7684dfd99148747522b6bd278bcd9e76ffca72c04a04ef3dfb52b852f99,,312
311,c2,1UxnAi2fFtTDq4ueXQFEL4zi8MwtVHREpjHc6h,116,39cb79ccef1e4c002b7714a938cb479b39dab6350bf72925149fdedf10f41f95,,312
311,c1,1X2L9fkqq9LAbwPDz1SqCJiNrmxKdikgue6yYZ,174,3c8c36e2a93245cab89fa92b0520f29a31161bb1b878d4307a745a2f9835d0ba,,313
313,c3,1ZeK9j4KbGp26TqiEj712Uy3dDSxEvoCgHx2pJ,88,31a5cd43a436345fe840635ba183b1768cbd9e16261f02d80b009b88e260da93,,314
313,c2,1UxnAi2fFtTDq4ueXQFEL4zi8MwtVHREpjHc6h,117,55a922f5429cda626d6dca4de09598f469d1c305ea635442c748b8889fd61ac4,,314
313,c1,1X2L9fkqq9LAbwPDz1SqCJiNrmxKdikgue6yYZ,175,64446357d416a7d45ff01c6275fa830d3f24ca3cf956348b4cc66f6898a51e43,,314
314,c5,17V2VF5b1CmigfPVqujRoCWaiNfGZHdigz6HU7,57,8d25c1ff96c01b4b0d43efeef762a509ede7557d99dbfb1a532311051980a317,,316
314,c4,1KJxpGjjCx4L4ui7yXDrVyjxijxMShNRXcS3XB,71,d8ad01c8e8fb20ac18e44c7ba657db8b360a94803690a0b5744cfb44f51aab41,,316
315,c1,1X2L9fkqq9LAbwPDz1SqCJiNrmxKdikgue6yYZ,176,3ecb8b2ab7b59c2e3a358e9acb66b9286e559e522956c91cdc85afd87233a1a9,,316
315,c2,1UxnAi2fFtTDq4ueXQFEL4zi8MwtVHREpjHc6h,118,43ac81312e7dba7fad97cdc5cd5ee3380e39ce9b2742d5a19a7eebd8f7058910,,316
316,c3,1ZeK9j4KbGp26TqiEj712Uy3dDSxEvoCgHx2pJ,89,35aaa546e8e81cd666ab79b404042677362cff75497baab2f553c6f0c7a80a70,,317
316,c1,1X2L9fkqq9LAbwPDz1SqCJiNrmxKdikgue6yYZ,177,35e9c469339c2aa810c3dec75ad3ed81cc252e083c46e8dbe01eb72892ff28e4,,317
317,c2,1UxnAi2fFtTDq4ueXQFEL4zi8MwtVHREpjHc6h,119,309b3187ca9057e2d9e823c0b9e2e582be7fabbabb1f81eda5557d3981e556cb,,318
317,c1,1X2L9fkqq9LAbwPDz1SqCJiNrmxKdikgue6yYZ,178,cb23361bf404a90a98547459ffc006194ae391819ed41dee4514bc5ebc9ff575,,318
317,c4,1KJxpGjjCx4L4ui7yXDrVyjxijxMShNRXcS3XB,72,c32b331f43c9353bb439a7ca6af76aa10f0ef48139e75db1aba0b11c597176ea,,318
318,c3,1ZeK9j4KbGp26TqiEj712Uy3dDSxEvoCgHx2pJ,90,affb3e31a3fedd350f1c4d4a90f781038aeb06b739dbb8d58e08bdc944a75415,,319
318,c1,1X2L9fkqq9LAbwPDz1SqCJiNrmxKdikgue6yYZ,179,27e428ee181b313cbe2d03fa053bf93c0dff057a2c45ab45d76ca827b297c6a5,,319
318,c5,17V2VF5b1CmigfPVqujRoCWaiNfGZHdigz6HU7,58,e6ce4cae22976ca6ad7ac8b36533e65b0838d8b8e5d8163c623c952f780b4723,,319
319,c2,1UxnAi2fFtTDq4ueXQFEL4zi8MwtVHREpjHc6h,120,9a76952df0a7e40a4f5e041440d10f64126923d72ef564793266f09949fa20de,,320
319,c1,1X2L9fkqq9LAbwPDz1SqCJiNrmxKdikgue6yYZ,180,61014522348aa9ed0407f4480aaa3f1c3597eb2527d0cfff316c357f322bfc32,,321
321,c4,1KJxpGjjCx4L4ui7yXDrVyjxijxMShNRXcS3XB,73,a359b68aabc8d6cd29c6406e7938eba2b1a5833c5b189b95f129ada569059ad4,,322
321,c3,1ZeK9j4KbGp26TqiEj712Uy3dDSxEvoCgHx2pJ,91,86e4e3c2e44df561bdcd4658351bc6a2a6d52a7d5af3440204d223081445810f,,322
321,c2,1UxnAi2fFtTDq4ueXQFEL4zi8MwtVHREpjHc6h,121,729c8037c58a4355bd39bdac61ab09f8184c8cda60d91bb0f963649c0947b9e1,,322
321,c1,1X2L9fkqq9LAbwPDz1SqCJiNrmxKdikgue6yYZ,181,d5855c603272ad235ab2102133fa721f7b33f6742da9a56f6453da5d0a0c71bc,,322
322,c1,1X2L9fkqq9LAbwPDz1SqCJiNrmxKdikgue6yYZ,182,77309f73a1d0242da46d3e4bbc4c94b4ed31f7326da71cc6bf515fa649c82b41,,323
322,c5,17V2VF5b1CmigfPVqujRoCWaiNfGZHdigz6HU7,59,bed3505d1146d0c088123a4b329cad63ac39963720462700613bb0ef51aac9aa,,324
323,c2,1UxnAi2fFtTDq4ueXQFEL4zi8MwtVHREpjHc6h,122,3336380f1ef6f4312da0b25ad4883c32b883f6ec2fe1b6767721e20d4b06f6fa,,324
323,c3,1ZeK9j4KbGp26TqiEj712Uy3dDSxEvoCgHx2pJ,92,3523b669f603fb29f004b80e518cffa3f5d4ff1411c82abaa4eb5b9f324226c3,,325
324,c1,1X2L9fkqq9LAbwPDz1SqCJiNrmxKdikgue6yYZ,183,16dc8c6d40bc4ac48b23451e345fc85e018f1115ffbac912b6ee5151ab4b06b2,,325
324,c4,1KJxpGjjCx4L4ui7yXDrVyjxijxMShNRXcS3XB,74,aebf235eadbfd829ab36c24e2dbafeffd7cf3bcea06305f5548fd245039f66e6,,325
325,c2,1UxnAi2fFtTDq4ueXQFEL4zi8MwtVHREpjHc6h,123,1404bc6866ae2f8a593c54248c8f6c45c81786f2631da37a5b0999dd84c6ce49,,326
325,c1,1X2L9fkqq9LAbwPDz1SqCJiNrmxKdikgue6yYZ,184,46606b4054874ac39f6c0bbd1bd8d54cfc8adf7f6c4c60eeb11426c998ba809c,,326
327,c3,1ZeK9j4KbGp26TqiEj712Uy3dDSxEvoCgHx2pJ,93,2766593cb975ca3f463e14f534d76f4978c2bf11dda0e10e3f7adc1da91e5c7d,,328
327,c1,1X2L9fkqq9LAbwPDz1SqCJiNrmxKdikgue6yYZ,185,3ac978e7aafe6b34aa7fbaff976c6a795da9b99cff6cd4e9a6ca806be51cb43f,,328
327,c5,17V2VF5b1CmigfPVqujRoCWaiNfGZHdigz6HU7,60,bf9ef6c2dcb78562e2bcef29166ab9993ddb94f1b6909f70a71a9ec92f2f6833,,328
327,c2,1UxnAi2fFtTDq4ueXQFEL4zi8MwtVHREpjHc6h,124,8d582f18d338a5d0ca71e16201c3b68e3d649ecf8634d7c19bdc58deafab81ee,,328
328,c4,1KJxpGjjCx4L4ui7yXDrVyjxijxMShNRXcS3XB,75,f45c97a9f0b74803acf14f3b64d860d9a6d776f6d0028154860014570bd71dd8,,329
328,c1,1X2L9fkqq9LAbwPDz1SqCJiNrmxKdikgue6yYZ,186,002e9e29f23adfa9716acecfb504e0f591f2ee2d0a89e304b953e3e70c59e5eb,,329
329,c3,1ZeK9j4KbGp26TqiEj712Uy3dDSxEvoCgHx2pJ,94,ef474b7d49559cfc5766df577a5b37f3048584f841fb4c9cf22f853ff460f17f,,330
329,c2,1UxnAi2fFtTDq4ueXQFEL4zi8MwtVHREpjHc6h,125,df2b1eb915b7fa2581cc4e730c3d3610a0244fb1c7da654a500e064c67a31344,,330
329,c1,1X2L9fkqq9LAbwPDz1SqCJiNrmxKdikgue6yYZ,187,de8f729dfbe7d7eba6f60b9f5f9b0e24f49a883a72434ea1e9dde72f590f4a77,,330
330,c1,1X2L9fkqq9LAbwPDz1SqCJiNrmxKdikgue6yYZ,188,49466a56753451e3a575db2cfd9292986f7245f775b3fd7d83be2cc5071a9b20,,332
331,c5,17V2VF5b1CmigfPVqujRoCWaiNfGZHdigz6HU7,61,323468789c14f042c393a57d17e8ef1a48feda2000db10243d8bef4807c092d9,,332
331,c4,1KJxpGjjCx4L4ui7yXDrVyjxijxMShNRXcS3XB,76,73f196c94ea0dc2174d5c0dfd76960cae496c7d5ceec44106eb7aa2e6c6e0074,,332
331,c2,1UxnAi2fFtTDq4ueXQFEL4zi8MwtVHREpjHc6h,126,dd04bed7b6b65c5cc0844952a3dddb5889639624cc4ebbe4ea0c1792c1cc5fe8,,332
332,c3,1ZeK9j4KbGp26TqiEj712Uy3dDSxEvoCgHx2pJ,95,b9e244e7baa9a51086be29c393d56632701dad69ec49e6f806f03aa30cf595e9,,333
332,c1,1X2L9fkqq9LAbwPDz1SqCJiNrmxKdikgue6yYZ,189,f23d0cc6dfed6391fed4b816de97d564d51f880aef7008d49f38d45e77f98e62,,333
333,c2,1UxnAi2fFtTDq4ueXQFEL4zi8MwtVHREpjHc6h,127,9206870e15d68e1798aa2de88fcaa9228d068bd9565c6a59947caece2d34d6d5,,334
333,c1,1X2L9fkqq9LAbwPDz1SqCJiNrmxKdikgue6yYZ,190,e81613f624460e8adc6870d7cca8537088d670d87c47eb231211ee2354a45ce0,,334
334,c4,1KJxpGjjCx4L4ui7yXDrVyjxijxMShNRXcS3XB,77,8cd79bd50e4d7903af55a046a23474f35dd447bc1224b5eafc10625c70fa8ef1,,335
334,c3,1ZeK9j4KbGp26TqiEj712Uy3dDSxEvoCgHx2pJ,96,f8584645f60dfa8240515558f12f13e085d64e643b6198344d34d5464fc00b6c,,335
334,c1,1X2L9fkqq9LAbwPDz1SqCJiNrmxKdikgue6yYZ,191,13d029f9d8a5f96ac57f32e5ea22d46ca73ecdc4eabcf0b37c3f5aa7d4e6439f,,335
335,c2,1UxnAi2fFtTDq4ueXQFEL4zi8MwtVHREpjHc6h,128,a4cf25cf4f4aa7dbfd9b9cc5121efdb083be87cfac1fc49ab82a3c2073140b06,,336
335,c5,17V2VF5b1CmigfPVqujRoCWaiNfGZHdigz6HU7,62,166bb4dd76f25ce857436fc04e6a65717392f8e41079a857f2df8f26d4601bf4,,336
335,c1,1X2L9fkqq9LAbwPDz1SqCJiNrmxKdikgue6yYZ,192,d47140b135e64adc07a3e22072db30c8944e4dec04c2cb28b880be8bd6533bf4,,336
337,c3,1ZeK9j4KbGp26TqiEj712Uy3dDSxEvoCgHx2pJ,97,15070c4bea1e3d5047d96e7cdb2a83607cf264f90c5d5c550f51e004794d2455,,338
337,c2,1UxnAi2fFtTDq4ueXQFEL4zi8MwtVHREpjHc6h,129,b8f5b995ad9c324b433fd246995e9a8b286ab05093ad5cbe49c4f2d3ea99e9a4,,338
337,c1,1X2L9fkqq9LAbwPDz1SqCJiNrmxKdikgue6yYZ,193,a0b85970736ce27697aa4d0c155dea36917cbc0572f75767ec0af46d684b238d,,338
337,c4,1KJxpGjjCx4L4ui7yXDrVyjxijxMShNRXcS3XB,78,fcc15c646257d11ef0c5ea17eaaaf61ada83a241d3281dbf35c179525d8e3a8e,,338
338,c1,1X2L9fkqq9LAbwPDz1SqCJiNrmxKdikgue6yYZ,194,67aeeffd2c82b68d946a15d784ed077c0ede3909500b3e912da8dcd97c4358a2,,339
338,c2,1UxnAi2fFtTDq4ueXQFEL4zi8MwtVHREpjHc6h,130,547a65ad0289c2c008b6d8a986aa75f28155e67044435b4fb9c7004ef1ff655f,,339
339,c5,17V2VF5b1CmigfPVqujRoCWaiNfGZHdigz6HU7,63,4cc1b86e8be0bb766465e713f9d44a6ce6714449b1ce43532a39f73d7ea17f5c,,340
339,c3,1ZeK9j4KbGp26TqiEj712Uy3dDSxEvoCgHx2pJ,98,dc43034c1535ec9b895bf084ea1df89a65d72b33c5da4e948cd105b0c3e778cf,,340
339,c1,1X2L9fkqq9LAbwPDz1SqCJiNrmxKdikgue6yYZ,195,8d3255205d79c7c8a3694638776e86a4951a950e473268e2aacfe18aa6a613f4,,340
340,c4,1KJxpGjjCx4L4ui7yXDrVyjxijxMShNRXcS3XB,79,8bda6dda000b71c81228160552c93e2b99a0ee000a2f4de3a9a62ff2a25d630a,,341
340,c2,1UxnAi2fFtTDq4ueXQFEL4zi8MwtVHREpjHc6h,131,a2ffc5931ed0ecd3b068fdecaac626be23a90d03799237f88e99caf756c29043,,341
340,c1,1X2L9fkqq9LAbwPDz1SqCJiNrmxKdikgue6yYZ,196,8cee4149f18d90076538947485572ea18bd0c4a8e0ff9d032c017f4180f33c3e,,341
342,c3,1ZeK9j4KbGp26TqiEj712Uy3dDSxEvoCgHx2pJ,99,392511a338194d234d4e07fddac4a09ca2cd885cf216254f1a1226ea7d5c438a,,343
342,c1,1X2L9fkqq9LAbwPDz1SqCJiNrmxKdikgue6yYZ,197,6de44f526af592df2bace42bc454694fc9e59eb72a2c2fe155f70354e75c293a,,343
343,c2,1UxnAi2fFtTDq4ueXQFEL4zi8MwtVHREpjHc6h,132,8adc4c145442b432a4b5f1ae7bbaa8750f320f65eccd4c341261f694e212bc89,,344
343,c5,17V2VF5b1CmigfPVqujRoCWaiNfGZHdigz6HU7,64,895a73b9f4325a5d2fb0fa7ac844f06df7207de87600756643fbf7fd5881c106,,344
343,c1,1X2L9fkqq9LAbwPDz1SqCJiNrmxKdikgue6yYZ,198,42ae1b50315bb19f89c3e810cea5c393c4837d8dcf7fc9b65403bde0ff920e33,,344
344,c4,1KJxpGjjCx4L4ui7yXDrVyjxijxMShNRXcS3XB,80,900fc0f2d08fbfd99918daf9366c17de2b0803da1b897b3ab6eb458b2b77c437,,345
344,c3,1ZeK9j4KbGp26TqiEj712Uy3dDSxEvoCgHx2pJ,100,bf615d19bbedb4e4007a5dc9e3dd8fa8389dbbea0436d5c730d696c0dddd3186,,345
344,c2,1UxnAi2fFtTDq4ueXQFEL4zi8MwtVHREpjHc6h,133,61bf8c9e22c116b796f39c61a9eb1b973511839dffb162b30cf0d609c4bb4b29,,345
344,c1,1X2L9fkqq9LAbwPDz1SqCJiNrmxKdikgue6yYZ,199,e24745f323c3289f71069bb19f295e4c7e70277e7ce96900cb058bd8bc0c7ce8,,345
346,c1,1X2L9fkqq9LAbwPDz1SqCJiNrmxKdikgue6yYZ,200,a80a7f9a951875bca7166c8f4bc41dfdef75c171d8ed62fbc2cd547a95d7c898,,347
346,c2,1UxnAi2fFtTDq4ueXQFEL4zi8MwtVHREpjHc6h,134,d3a5166b430d951e9c9ae4865337b658a6d3ad5c3c9f2dfbb12678c1c1c6fba7,,347
347,c5,17V2VF5b1CmigfPVqujRoCWaiNfGZHdigz6HU7,65,13f7d0e027a5fe8d364ca0c2d8dedd157cfb285a0fff03806cae1afef4419e6d,,348
347,c4,1KJxpGjjCx4L4ui7yXDrVyjxijxMShNRXcS3XB,81,187b6218b9ab00b60b88030d2ba0874564cfdfa0a7e1bfdaf92f6f4a39090204,,348
347,c3,1ZeK9j4KbGp26TqiEj712Uy3dDSxEvoCgHx2pJ,101,25eba963925adc1738ec8d55302bf9a8ab5ac7b37f832465992daceef85b2904,,348
347,c1,1X2L9fkqq9LAbwPDz1SqCJiNrmxKdikgue6yYZ,201,4427f0534f92a22514a73126532e5b6e37994a79f8a3981ccab6f2c5ff990266,,348
348,c2,1UxnAi2fFtTDq4ueXQFEL4zi8MwtVHREpjHc6h,135,5c28d4b0191ed6b49144040df512829bac8335c01fe83a39c809705a54330ea7,,350
349,c1,1X2L9fkqq9LAbwPDz1SqCJiNrmxKdikgue6yYZ,202,5151db97d954ed11be870a00d555ecd7b7ea7b41eadfe16fa96d42edac3916bc,,350
350,c3,1ZeK9j4KbGp26TqiEj712Uy3dDSxEvoCgHx2pJ,102,4af5f8940b5e3cdd5956651cc627f8ec16f0a5ea05709344c974e4f002107b67,,351
350,c1,1X2L9fkqq9LAbwPDz1SqCJiNrmxKdikgue6yYZ,203,96d8e03c320050704b89a5f60d4eb6d323246b3679371d740f6f1f7d24d2db2e,,352
351,c4,1KJxpGjjCx4L4ui7yXDrVyjxijxMShNRXcS3XB,82,2be7e4b68954b7020a0f76b40b93169809ad5f9317491efa4ecdeae6e8cd772f,,353
351,c2,1UxnAi2fFtTDq4ueXQFEL4zi8MwtVHREpjHc6h,136,02791029eda915fd360ac077d257da231cff0dc2a677d2c668a02d3c59276082,,353
352,c1,1X2L9fkqq9LAbwPDz1SqCJiNrmxKdikgue6yYZ,204,02c43171fa77973e06721a56c8ec12d3ccf6a950194e040dd921efd8c6cdbf3a,,353
352,c5,17V2VF5b1CmigfPVqujRoCWaiNfGZHdigz6HU7,66,108d6cfbe5d31c638ab9ab6873b352d0b1aaae7088bbd79280810c742197c6e8,,353
353,c3,1ZeK9j4KbGp26TqiEj712Uy3dDSxEvoCgHx2pJ,103,87be8cdaf475267d40285b4b698d518af5a0bedebf9604521cfb6ec9730c396e,,355
353,c2,1UxnAi2fFtTDq4ueXQFEL4zi8MwtVHREpjHc6h,137,33194d8b87aa11585a414254dd96748fb1e36eea7c01efa624ca2c0889c5e7eb,,355
353,c1,1X2L9fkqq9LAbwPDz1SqCJiNrmxKdikgue6yYZ,205,55d28f04442367158f5ec80013ec08f5edc110271649af821aa8c943f29da36a,,355
355,c4,1KJxpGjjCx4L4ui7yXDrVyjxijxMShNRXcS3XB,83,007e11d9b75c717bca519100151f9b0b7df726c25b4bed1d316af0002c5919aa,,356
355,c1,1X2L9fkqq9LAbwPDz1SqCJiNrmxKdikgue6yYZ,206,e0f5230f0760601c28bd0cfcd303ece74dbc89e482885c1aa93564d0fde5d5b0,,356
355,c2,1UxnAi2fFtTDq4ueXQFEL4zi8MwtVHREpjHc6h,138,12fb0738a3bda455a4cca9479467913f1006558dd4476b7820667dabdff9ffe3,,356
356,c3,1ZeK9j4KbGp26TqiEj712Uy3dDSxEvoCgHx2pJ,104,3230d442ea8a01d3809c9094e8fb9dd06eac58cda63e0291e9c5bd9b4e5c23b7,,357
356,c1,1X2L9fkqq9LAbwPDz1SqCJiNrmxKdikgue6yYZ,207,ca18c53791d2cf76b59d3ae1d8d1e178b193c7a9d1de12c0b411ba2b0b29a1e2,,357
356,c5,17V2VF5b1CmigfPVqujRoCWaiNfGZHdigz6HU7,67,d16f21a541593f062fde0bbb21b1a5e267d1fe8c8da19bb5e7c23a2bc1ac217a,,357
357,c2,1UxnAi2fFtTDq4ueXQFEL4zi8MwtVHREpjHc6h,139,352e7511a29d5145ddf5c6846c2587f0ecae72b6b9d29abb8bbd75c0366418b2,,359
357,c1,1X2L9fkqq9LAbwPDz1SqCJiNrmxKdikgue6yYZ,208,857f73343742a4f99d177fb693760178758e03c991fa2a3e03ab58d6955c6094,,359
358,c4,1KJxpGjjCx4L4ui7yXDrVyjxijxMShNRXcS3XB,84,2446ee4dfe522cb142d66924ca648ecc38d68d775e5a2fa35eae6fd3e57c7a13,,359
359,c3,1ZeK9j4KbGp26TqiEj712Uy3dDSxEvoCgHx2pJ,105,9a646edc6e4ab17d44a7631120d1aeb041bddf8def179a9a04c3e8a0315dd03a,,360
359,c1,1X2L9fkqq9LAbwPDz1SqCJiNrmxKdikgue6yYZ,209,e9b4b4bd5ffc9ab8c5d004e02f82ef2cd3ea95e3575315bcbff665dcbd853010,,360
359,c2,1UxnAi2fFtTDq4ueXQFEL4zi8MwtVHREpjHc6h,140,aa7ca8f3255668be8ecf2fe6277d80c72d6c337108f0ca8c8d73811e15f2ba43,,361
361,c1,1X2L9fkqq9LAbwPDz1SqCJiNrmxKdikgue6yYZ,210,66f6a7aeedb8eb40a359435ee0ada6f7fe6c9c2b294fe2d2a2d691b57c6c651b,,362
361,c5,17V2VF5b1CmigfPVqujRoCWaiNfGZHdigz6HU7,68,86074e42dbd146480cb1e12c61472330c1a3ce33f08819bf20eba67bd29341af,,362
362,c4,1KJxpGjjCx4L4ui7yXDrVyjxijxMShNRXcS3XB,85,5b4945df50616033d8337e952323e15f44cc03be074b1130b77ccc70fcd73bda,,363
362,c3,1ZeK9j4KbGp26TqiEj712Uy3dDSxEvoCgHx2pJ,106,ccfced587bbbca99344a6536a5731cded4c5f3f54d3d8201c60ef22b487831e3,,363
362,c2,1UxnAi2fFtTDq4ueXQFEL4zi8MwtVHREpjHc6h,141,995a958ba6db95b2fdf3fddea3ed09b7297d45fda82fbe945f0463f93c7892da,,363
362,c1,1X2L9fkqq9LAbwPDz1SqCJiNrmxKdikgue6yYZ,211,358879669a402f5c14b673f2c63df29e3c5baa7c989b67e81d1546ea5301b8bc,,363
363,c1,1X2L9fkqq9LAbwPDz1SqCJiNrmxKdikgue6yYZ,212,5575f8c34288e34efd26dda2d636583f76aa626da53db7051704b44df416bf5f,,364
364,c2,1UxnAi2fFtTDq4ueXQFEL4zi8MwtVHREpjHc6h,142,3b9e9d209d8c4ab752b72ec0710def53a48e362aa5e45a0267dbb4b58870935e,,365
364,c3,1ZeK9j4KbGp26TqiEj712Uy3dDSxEvoCgHx2pJ,107,752bd219da8c6aed682d31f1d4add1109db08d1b2c808aa7d08db78fc8063073,,366
365,c1,1X2L9fkqq9LAbwPDz1SqCJiNrmxKdikgue6yYZ,213,842192ac1ab87c79a7df830b29bfab2909dacd6bd933b0db44299d0028ee2750,,366
365,c5,17V2VF5b1CmigfPVqujRoCWaiNfGZHdigz6HU7,69,e32c0da1c862e3ced101112e51155ef5eb0e176ffb0119ee82977cbc8b8b5ab2,,366
365,c4,1KJxpGjjCx4L4ui7yXDrVyjxijxMShNRXcS3XB,86,aebd6e97c59b993d192c0d5536bdf145cd26f6909a806ac43502d67fdb695f20,,366
366,c2,1UxnAi2fFtTDq4ueXQFEL4zi8MwtVHREpjHc6h,143,23267a9bf186d70cfdc94a4df866a75d3c19ec122a1dc6927ed33a7d7e0de4c2,,367
366,c1,1X2L9fkqq9LAbwPDz1SqCJiNrmxKdikgue6yYZ,214,34038c541501ef12571cca9c92adfd6f0acb9f41001257b773856520bb025396,,367
367,c3,1ZeK9j4KbGp26TqiEj712Uy3dDSxEvoCgHx2pJ,108,a033ecc033184f7f4ee6b14a7e13c442bfba166c781954b0359063efdb565826,,368
367,c1,1X2L9fkqq9LAbwPDz1SqCJiNrmxKdikgue6yYZ,215,4663f6949aabad16a5ea5bcbc352276f1a9ebe82f28e6caa46780d968b44cb58,,368
368,c2,1UxnAi2fFtTDq4ueXQFEL4zi8MwtVHREpjHc6h,144,eec7aecc4bf6f421175161348506b9c2d0e405dfcd786765c397e3f1dfb28bac,,369
368,c4,1KJxpGjjCx4L4ui7yXDrVyjxijxMShNRXcS3XB,87,00b17757e9a7cf50e1a84c7e99a5c7fcf2b1333b95f0900d3b614d7ead2d1a7b,,370
369,c1,1X2L9fkqq9LAbwPDz1SqCJiNrmxKdikgue6yYZ,216,51d704d92a948245c2927fe189077ea311cf1cc02091bdaf94db195fa0758bb0,,370
370,c5,17V2VF5b1CmigfPVqujRoCWaiNfGZHdigz6HU7,70,a6abfdfd46b62f96fe3dc4b7ea198412539011f17db08e2b978e081cb3dedc1b,,371
371,c3,1ZeK9j4KbGp26TqiEj712Uy3dDSxEvoCgHx2pJ,109,453e514e19f70e70bdfdb47415f938c18735c09e21e9526ccc8f07f0fb1ddceb,,372
370,c2,1UxnAi2fFtTDq4ueXQFEL4zi8MwtVHREpjHc6h,145,6aeea6abc6fced573874afa1f1c23dd4173d00fae2874bb7f95604abb90ffae3,,372
371,c1,1X2L9fkqq9LAbwPDz1SqCJiNrmxKdikgue6yYZ,217,1a09c668330d5607f50310a7599dcead90473307239c36856bd00996d561113b,,372
372,c1,1X2L9fkqq9LAbwPDz1SqCJiNrmxKdikgue6yYZ,218,21f93ad540587787f2dd41f2ad724249e50bd6cbaa3e32e4e6ed80533d1cc5d7,,373
373,c4,1KJxpGjjCx4L4ui7yXDrVyjxijxMShNRXcS3XB,88,70db14e8f12be211d5687622fba2031d9daffa805e859ce81f5b607c220c037f,,374
373,c2,1UxnAi2fFtTDq4ueXQFEL4zi8MwtVHREpjHc6h,146,e45e34141e958d7e1c7ce95c6c4054189a9818c1ad0d24eb779605e4a6519901,,374
373,c3,1ZeK9j4KbGp26TqiEj712Uy3dDSxEvoCgHx2pJ,110,b3e4d133c5474b40cc260dc735c689e8ef0542cfee459e8785783374921feced,,375
373,c1,1X2L9fkqq9LAbwPDz1SqCJiNrmxKdikgue6yYZ,219,b9618c6d985c34bcf3d0ab19921ae354d513a32bfe416d98bd7934d6d82830bf,,375
374,c5,17V2VF5b1CmigfPVqujRoCWaiNfGZHdigz6HU7,71,dce1a092d2691ffa29e742437b3ff2e8385f35010f2cb459970a0e36cc17e7a8,,375
375,c2,1UxnAi2fFtTDq4ueXQFEL4zi8MwtVHREpjHc6h,147,59b29b2998f2c3ced45ed87922f0ea562fe5017e0148c0e54074b281999db9f2,,376
375,c1,1X2L9fkqq9LAbwPDz1SqCJiNrmxKdikgue6yYZ,220,34ed7eca81c904739680e497131993513148bf0aaf6f33cb0500c3e9dc0d50f0,,376
377,c4,1KJxpGjjCx4L4ui7yXDrVyjxijxMShNRXcS3XB,89,309b88d693d3e45356619c730b0e5fe61e686ae6bca41331d0f30166f27e1a60,,378
377,c3,1ZeK9j4KbGp26TqiEj712Uy3dDSxEvoCgHx2pJ,111,ae8b31e7cdb6aa1ecf0b56b1a3c8277fc19c9899321b515c15b232e17b8e2268,,378
377,c1,1X2L9fkqq9LAbwPDz1SqCJiNrmxKdikgue6yYZ,221,ded2fbbe5d9cecc4b90f01076ec1e4042a6db735fd7059f4f36201736c79d8eb,,378
377,c2,1UxnAi2fFtTDq4ueXQFEL4zi8MwtVHREpjHc6h,148,c76192a712a9f28f36de60cf5bcf9eb7f2e1a44d336a2c6c1ac3a4faed965982,,379
378,c1,1X2L9fkqq9LAbwPDz1SqCJiNrmxKdikgue6yYZ,222,d65beca052ac40daa033af74294fef49d00b69343e117c788644373ba5d888b8,,379
379,c5,17V2VF5b1CmigfPVqujRoCWaiNfGZHdigz6HU7,72,52b4a63d3c97d711196e397cd00912651dd2b371657e822de2d45730eed4a9a8,,380
379,c3,1ZeK9j4KbGp26TqiEj712Uy3dDSxEvoCgHx2pJ,112,ac56ccc9d606ca00a46ad41ea55c9780a41d900642c23f36912993ef99c465a6,,380
379,c2,1UxnAi2fFtTDq4ueXQFEL4zi8MwtVHREpjHc6h,149,853e63c8f86030a057666076dd9fa292b7401d0356b2b1ae7b73931594837926,,380
379,c1,1X2L9fkqq9LAbwPDz1SqCJiNrmxKdikgue6yYZ,223,9eeaf011ecd9fff36c0b8058c9fb113e5e8d6ae515a194b2baba60d2c9eead48,,380
380,c4,1KJxpGjjCx4L4ui7yXDrVyjxijxMShNRXcS3XB,90,03a45d1e8502745477151b73e901a8522bec59a9bbffcc67fc9ea70ceebed518,,381
381,c1,1X2L9fkqq9LAbwPDz1SqCJiNrmxKdikgue6yYZ,224,6642e8670544f13dc270160928c5a1c9d32d0f0eef1d26fa8adc2f642e32c3a4,,382
382,c2,1UxnAi2fFtTDq4ueXQFEL4zi8MwtVHREpjHc6h,150,c9aa366fdc7b5bd79869ee14fc5a7c56d6347a1ea10442a7d7e1cede4856a9a7,,383
383,c3,1ZeK9j4KbGp26TqiEj712Uy3dDSxEvoCgHx2pJ,113,cab7890f3ba6fbd480533670831b68f765fff4b44daf70168a43de735a2202ba,,384
383,c1,1X2L9fkqq9LAbwPDz1SqCJiNrmxKdikgue6yYZ,225,910c4ec23e9c79cd26656d3dd4c136fdf01c1a4f4be742182d6c233aa0412954,,384
384,c5,17V2VF5b1CmigfPVqujRoCWaiNfGZHdigz6HU7,73,fc20ba4c68743969282e4046661aa9c8d7d28c9f75be09ac759e6dbef37c16fe,,385
384,c4,1KJxpGjjCx4L4ui7yXDrVyjxijxMShNRXcS3XB,91,8005aaa7f7b54f57b34602af2342e026b5532a4abf430e0104d57bbecca27246,,385
384,c2,1UxnAi2fFtTDq4ueXQFEL4zi8MwtVHREpjHc6h,151,8f97ee9f481d430819765b00718848be89f759ad3cefba249d3cdc24a66530af,,385
384,c1,1X2L9fkqq9LAbwPDz1SqCJiNrmxKdikgue6yYZ,226,e653f322671d64b951be91a89d43b8e22d422a679dab2ec517700bf6254b5b2a,,385
385,c3,1ZeK9j4KbGp26TqiEj712Uy3dDSxEvoCgHx2pJ,114,aaa07d3641a508bbc3310d974c083842509a0eb3ae33495fd8da336aac81d119,,386
385,c1,1X2L9fkqq9LAbwPDz1SqCJiNrmxKdikgue6yYZ,227,066422f0dacccca8f91e64736aa2bccab09abfc21f2d97f0bdf886c9aa072b0e,,386
386,c2,1UxnAi2fFtTDq4ueXQFEL4zi8MwtVHREpjHc6h,152,12ad3f52dc0938601a8e8c6fc333696ce321e47284cc006630192d3343e68563,,387
387,c1,1X2L9fkqq9LAbwPDz1SqCJiNrmxKdikgue6yYZ,228,f4d026d05ecf996ac60d35d72875cffcaf69b11600f855093736d13517f7524d,,388
388,c4,1KJxpGjjCx4L4ui7yXDrVyjxijxMShNRXcS3XB,92,36ecd697e183609eab1eb21533fad781392b193d721422a7db6fb26a50484295,,389
389,c3,1ZeK9j4KbGp26TqiEj712Uy3dDSxEvoCgHx2pJ,115,83b79af78c0c4688d750dbeeaaf0c3cdf5a786b97803c983b6afedd6d8b0416a,,390
389,c2,1UxnAi2fFtTDq4ueXQFEL4zi8MwtVHREpjHc6h,153,d79c01623509af9edd9c39c2b8cacaf97235ee9b2ba7bad081ab47a116512d84,,390
389,c1,1X2L9fkqq9LAbwPDz1SqCJiNrmxKdikgue6yYZ,229,39f4b61654bfb8a1ed458676efd5aa20d25fbde94cac5a59732aa0fcb82b473a,,390
389,c5,17V2VF5b1CmigfPVqujRoCWaiNfGZHdigz6HU7,74,221436c7050f3b56747d3309a176c3fa9d73bb3ae22e3fc63296c93d6007c041,,390
390,c1,1X2L9fkqq9LAbwPDz1SqCJiNrmxKdikgue6yYZ,230,b8de404002e8a4a20a828c36497adbd6fcb0d802a57237430c1df2657bd349bb,,391
390,c2,1UxnAi2fFtTDq4ueXQFEL4zi8MwtVHREpjHc6h,154,1cb8982f4261fd9b5f8a980ffbbe870884ac2da0a354f9e1601d72d9591222e2,,391
391,c4,1KJxpGjjCx4L4ui7yXDrVyjxijxMShNRXcS3XB,93,06afeabdecc9bff2fae7f167c53a01165a2038ff955dd9d0bb41766efcd01daa,,392
391,c3,1ZeK9j4KbGp26TqiEj712Uy3dDSxEvoCgHx2pJ,116,f78c79d81457c3b00ba38d53012bdb122f6a53d81ada7d667dfe749abb9c7454,,392
391,c1,1X2L9fkqq9LAbwPDz1SqCJiNrmxKdikgue6yYZ,231,bb3fb5efa065608033528be5d317c06ac1b2cb871359a31386024a46f18ef4ea,,392
392,c2,1UxnAi2fFtTDq4ueXQFEL4zi8MwtVHREpjHc6h,155,66a0ce0e972e3740a22b932a1a4e608299bab70fca0578d7b2c1cfb96edfbe4d,,393
392,c1,1X2L9fkqq9LAbwPDz1SqCJiNrmxKdikgue6yYZ,232,90a5d5feab37d951f95d8bf79c63a633c3cf3c6f3c252c5c95371ba16b9a70ad,,393
393,c5,17V2VF5b1CmigfPVqujRoCWaiNfGZHdigz6HU7,75,727f970c0ce067ecc28ad64ec65712c21dba2cec5622f886318abb18fc3cf6bb,,394
394,c3,1ZeK9j4KbGp26TqiEj712Uy3dDSxEvoCgHx2pJ,117,0b4c8ae6a9003307ea8a47e3208547ffe08317745bdac303f4d0f46ec260c686,,395
394,c1,1X2L9fkqq9LAbwPDz1SqCJiNrmxKdikgue6yYZ,233,976409cb934eb70e83f1a85f015207b4a97f24fd0a24b936e1ca375bc7e7658a,,395
394,c4,1KJxpGjjCx4L4ui7yXDrVyjxijxMShNRXcS3XB,94,52b4182fc94be2c9d716b130f6546d141adedf0e81dc22913bddcdd62fe26821,,395
394,c2,1UxnAi2fFtTDq4ueXQFEL4zi8MwtVHREpjHc6h,156,69096902e897af550126f4a9e6edaf35641156955c44dd0fc90960998b22c868,,395
395,c1,1X2L9fkqq9LAbwPDz1SqCJiNrmxKdikgue6yYZ,234,e305fcfbac46d5dce7de38321055e1edeb9b004a5f4a9c37bf220b17f4ea89df,,396
396,c3,1ZeK9j4KbGp26TqiEj712Uy3dDSxEvoCgHx2pJ,118,e8f7c8a1a66677a31975ba3f99d27b85e958c51a6b73750e4fa688fb4c0e10ed,,398
396,c2,1UxnAi2fFtTDq4ueXQFEL4zi8MwtVHREpjHc6h,157,8773cb789cdd1dc711921bffa94fae037764b3d1fbe5f2f6de151eaf6fff4e4d,,398
397,c1,1X2L9fkqq9LAbwPDz1SqCJiNrmxKdikgue6yYZ,235,aa1b2bbe9937f22a4dc9133baec87d0732d7a85705922c0707f3fbb7ac6fc707,,398
397,c5,17V2VF5b1CmigfPVqujRoCWaiNfGZHdigz6HU7,76,952c1ab63dd4b8c94a8682545441436463af6ee12b5f8208b12fa7f69368bcd9,,398
398,c4,1KJxpGjjCx4L4ui7yXDrVyjxijxMShNRXcS3XB,95,fa86491a26daf573ced8d8cd630fcf3392a83a2f2c5c58816e8e9d47933212ae,,399
398,c1,1X2L9fkqq9LAbwPDz1SqCJiNrmxKdikgue6yYZ,236,7ea2924b31e7549e7b0cebd1e8eb897aa2c157bcc1e0270d5fb411090a986294,,400
399,c2,1UxnAi2fFtTDq4ueXQFEL4zi8MwtVHREpjHc6h,158,17080a3ccd8cc34e98c0c6f9243580cf83af3caec5b75f745d822ff7e8d22e7a,,400
400,c3,1ZeK9j4KbGp26TqiEj712Uy3dDSxEvoCgHx2pJ,119,c454781d02cc761bb6d5370bda5b0547179932ec78b18a30f1798e4d6df86c4a,,401
400,c1,1X2L9fkqq9LAbwPDz1SqCJiNrmxKdikgue6yYZ,237,ae035ace1b8b5a410022f3f8e7deb5734335e867992baea179f17f19dc133e6a,,401
401,c2,1UxnAi2fFtTDq4ueXQFEL4zi8MwtVHREpjHc6h,159,becfab8e87c28bb9ea2284bc7e70c47bed38db989f2cb295303f56aa2eb93f23,,402
401,c1,1X2L9fkqq9LAbwPDz1SqCJiNrmxKdikgue6yYZ,238,2a2c1a959021d88e446509ca57372ae1ead917730a8e931582c223d8d7385dd7,,402
401,c5,17V2VF5b1CmigfPVqujRoCWaiNfGZHdigz6HU7,77,4abcaeae58384c62ac9cfa308032d5550ea3690ad0d0ae23b59aa88371c56076,,403
402,c4,1KJxpGjjCx4L4ui7yXDrVyjxijxMShNRXcS3XB,96,82f83e6d309ae64d4002cd0ca76a27ed77a6f611a45f4ae2b949ea09c1684d4c,,403
402,c3,1ZeK9j4KbGp26TqiEj712Uy3dDSxEvoCgHx2pJ,120,0dad23d7bc4e668f926d3090bfa6dc76beaaf21cf588336df8d2a5699d118698,,404
403,c1,1X2L9fkqq9LAbwPDz1SqCJiNrmxKdikgue6yYZ,239,8ee759be1ccd98431041969f3ce69ef1050037bba7279196831dfd4db65a3f0a,,404
403,c2,1UxnAi2fFtTDq4ueXQFEL4zi8MwtVHREpjHc6h,160,1286c85cd5a57e0d39de3772f6d75ca3afdb2b67e3e607abc37cabb272e9ac70,,404
404,c1,1X2L9fkqq9LAbwPDz1SqCJiNrmxKdikgue6yYZ,240,711e6aacff3522823d2194adf2e66666e4d00c4351ad86a554cfebee639649db,,405
405,c4,1KJxpGjjCx4L4ui7yXDrVyjxijxMShNRXcS3XB,97,a2596feb328b96095d761ac8ebc5de858f32eec907a586cee5becaa0196f70ae,,406
405,c3,1ZeK9j4KbGp26TqiEj712Uy3dDSxEvoCgHx2pJ,121,fa9c2482342f73f95ab199cd273c559cfea52de82af2d1126f390024336857e7,,406
405,c2,1UxnAi2fFtTDq4ueXQFEL4zi8MwtVHREpjHc6h,161,ffa843c99cab11617fb25b7a333ced8dd1c5710e0a2d7bc82020330ebf02451e,,406
405,c1,1X2L9fkqq9LAbwPDz1SqCJiNrmxKdikgue6yYZ,241,2ed27c8348036658bf3ca037904c2e6f70259d220333188f34032ea5a26f2054,,406
406,c5,17V2VF5b1CmigfPVqujRoCWaiNfGZHdigz6HU7,78,f8279de18e1988d35559bb07eb83f2152347e4f7333efeef31b9a9c0e3eb671c,,407
406,c1,1X2L9fkqq9LAbwPDz1SqCJiNrmxKdikgue6yYZ,242,57781c3c514b5965b5c0b2a3a703e6424518a96eb6ffd9782b4060c51a14a1fa,,408
407,c2,1UxnAi2fFtTDq4ueXQFEL4zi8MwtVHREpjHc6h,162,5b2a7d1574b439e5af0c6cc107bd0c874a01eb114d10290fb4ae730741106cca,,408
408,c3,1ZeK9j4KbGp26TqiEj712Uy3dDSxEvoCgHx2pJ,122,7106c00208ee3317e649a99a7b79c183f73303792a227d286dee50ac6a2657f5,,409
408,c1,1X2L9fkqq9LAbwPDz1SqCJiNrmxKdikgue6yYZ,243,7733a31a614c40a84c645c1db4433b6b88e1d16f38310f31c13f0470e08fb1e6,,409
409,c4,1KJxpGjjCx4L4ui7yXDrVyjxijxMShNRXcS3XB,98,98089dc77aa10c9960cc3f1ebdb87e6049dedb37f74de89e6e9a4451eda594bd,,410
410,c2,1UxnAi2fFtTDq4ueXQFEL4zi8MwtVHREpjHc6h,163,47f74839a3230eab83a37f23c71e9862eb4b94027151b4281d383fe8204368d6,,411
410,c1,1X2L9fkqq9LAbwPDz1SqCJiNrmxKdikgue6yYZ,244,55acff4843ebc0b72354f98b5000aadb8b4f0fdf5f09ffa6880844c9a8ff3df1,,411
411,c5,17V2VF5b1CmigfPVqujRoCWaiNfGZHdigz6HU7,79,4f247d214ca684fa3b2eadc9792761766ef5be0b3832c4f27c558c68ace5be47,,412
412,c3,1ZeK9j4KbGp26TqiEj712Uy3dDSxEvoCgHx2pJ,123,14f2ea9e07967a970020359bc54182436ef9e5768e54dd8ef46254605c8a6e84,,413
412,c1,1X2L9fkqq9LAbwPDz1SqCJiNrmxKdikgue6yYZ,245,75923c3c2eb69170e9c346284e71533ecd679d87feff9e58a7f44852e3cefd00,,413
413,c2,1UxnAi2fFtTDq4ueXQFEL4zi8MwtVHREpjHc6h,164,b00eb7b3e38e4a92fa30fbb43043b99602a1316851602a49d42f5979f8d57811,,414
413,c4,1KJxpGjjCx4L4ui7yXDrVyjxijxMShNRXcS3XB,99,405e30f34cd0d6f3d7853d786f33a3c9bd064439500c374683ddcadebaa77eff,,415
414,c1,1X2L9fkqq9LAbwPDz1SqCJiNrmxKdikgue6yYZ,246,5f4d0cbf8c1375dbb75d09bbea214029c053472217ba39e98bdb102806b2e06a,,415
415,c3,1ZeK9j4KbGp26TqiEj712Uy3dDSxEvoCgHx2pJ,124,f81f4df27ba1b5b7b00685255409af749d4c6acc6ff70371537910983463e971,,416
415,c2,1UxnAi2fFtTDq4ueXQFEL4zi8MwtVHREpjHc6h,165,130d81b58e457209482010c9ab7ae986ccc41986529e97edf8c9fa3776e74402,,416
415,c1,1X2L9fkqq9LAbwPDz1SqCJiNrmxKdikgue6yYZ,247,cc5b3ab84f437a5661d23c8e04a4cb6751c94284f3cd502916094fcead76079d,,416
416,c5,17V2VF5b1CmigfPVqujRoCWaiNfGZHdigz6HU7,80,726ee9dd40c5d4a443861e22174398754da8dedef4e043acec44fde0badc84b2,,417
416,c1,1X2L9fkqq9LAbwPDz1SqCJiNrmxKdikgue6yYZ,248,a378262ebfe0a541b52a8d1c412f677058b32be9b5b6662a93926ead97f3dc5f,,417
417,c4,1KJxpGjjCx4L4ui7yXDrVyjxijxMShNRXcS3XB,100,a73614634cbd111e1dd3aeb43b64d3cd87e8eac70fbd719515a2f7d8cadf26cb,,418
417,c2,1UxnAi2fFtTDq4ueXQFEL4zi8MwtVHREpjHc6h,166,b894c5a226715cf2015b4ac9f5eb1b865ccc670b6d0e091b69372c17af9a0413,,418
417,c3,1ZeK9j4KbGp26TqiEj712Uy3dDSxEvoCgHx2pJ,125,d50a012c944cf55e786c40c84fdbbc056924b0de1eadb964055ad6e67c5a6309,,418
417,c1,1X2L9fkqq9LAbwPDz1SqCJiNrmxKdikgue6yYZ,249,15dd378078f06a231de3ecb54045aa2f1481b3a82ae3e5da0a92e510b2e0b163,,418
418,c2,1UxnAi2fFtTDq4ueXQFEL4zi8MwtVHREpjHc6h,167,84ae3fed46dc60fd60ff9cdfd5a2f247c7104ea00d46316ae5217cd050fd01ad,,419
418,c1,1X2L9fkqq9LAbwPDz1SqCJiNrmxKdikgue6yYZ,250,622da5aeb3eb7aa6427315dcf429147ce8b7f1e25b81ccfc02a53450a64e5da6,,419
420,c5,17V2VF5b1CmigfPVqujRoCWaiNfGZHdigz6HU7,81,31c00d0d40a1607a21366201c3872ae0f161ec96acae9470bd1d6d08eec1fa72,,421
420,c4,1KJxpGjjCx4L4ui7yXDrVyjxijxMShNRXcS3XB,101,6e7c33aa2707eae174daf2445534924b90e3e34c4774ffd58777c9c07b0542e5,,421
420,c3,1ZeK9j4KbGp26TqiEj712Uy3dDSxEvoCgHx2pJ,126,aadc4f3603f4cbbcafb410cea136962f8be2a7495aa7f9fc2d6729496e5344d0,,421
420,c1,1X2L9fkqq9LAbwPDz1SqCJiNrmxKdikgue6yYZ,251,30039f617d1268e834c129fba096df27bf5a6044b5e7a620da845b736199482f,,421
420,c2,1UxnAi2fFtTDq4ueXQFEL4zi8MwtVHREpjHc6h,168,54bf6e54303c5e0b7e27161c1a4fa644fd1942e779bdbb638174dfc7e49c9c7e,,421
421,c1,1X2L9fkqq9LAbwPDz1SqCJiNrmxKdikgue6yYZ,252,94673d02325327cd68fcd90eb4baad7586f553e7b99ed8432468109db7911801,,422
422,c3,1ZeK9j4KbGp26TqiEj712Uy3dDSxEvoCgHx2pJ,127,da0f4b578bd1aa64852d2c3588828b0808910f6418a1e5dc665835adc2ebc462,,423
422,c2,1UxnAi2fFtTDq4ueXQFEL4zi8MwtVHREpjHc6h,169,d74772f93c9d6b9e02d0054d902d2495232b88b0b3cb395d6bb31893ced26d1d,,423
422,c1,1X2L9fkqq9LAbwPDz1SqCJiNrmxKdikgue6yYZ,253,b583766773de56c07ba4eefd25c62f8868d545564f787f8de9b6a406a787d037,,423
423,c4,1KJxpGjjCx4L4ui7yXDrVyjxijxMShNRXcS3XB,102,f6b44dc8c499efce2cad6a413695428c1533adb8039e58e37b4e7e6e98e2e25e,,424
424,c1,1X2L9fkqq9LAbwPDz1SqCJiNrmxKdikgue6yYZ,254,1110b5686e744de9adb4af74a960a84fb894e38fd5721c8d28cad978fc61f31f,,425
424,c5,17V2VF5b1CmigfPVqujRoCWaiNfGZHdigz6HU7,82,3cc56895a0fd0ac0562612696410a28b629f684d5ac960fbe2239ff06539de37,,425
424,c2,1UxnAi2fFtTDq4ueXQFEL4zi8MwtVHREpjHc6h,170,8a06513fc14a64154472f76426014d46570620d3d2755ba333fba741ae33e0f5,,425
425,c3,1ZeK9j4KbGp26TqiEj712Uy3dDSxEvoCgHx2pJ,128,28f824de8c85342a3952160087bfefd5b84b9de0e5e8aff66081b3389e1f2674,,426
425,c1,1X2L9fkqq9LAbwPDz1SqCJiNrmxKdikgue6yYZ,255,b8a680e6f6271036d6edb21f26ade94ed930aeb91455e8a4ec42057ef2d5fc85,,426
426,c4,1KJxpGjjCx4L4ui7yXDrVyjxijxMShNRXcS3XB,103,b770ddb91ac84a3ee97053b5c3ca14f71a55334c735c6fd899f5b6c73aaf6508,,427
426,c2,1UxnAi2fFtTDq4ueXQFEL4zi8MwtVHREpjHc6h,171,20b025364239ac3eff079756b10fd848612c8aa574989ac6ca30cba9e298b81e,,427
426,c1,1X2L9fkqq9LAbwPDz1SqCJiNrmxKdikgue6yYZ,256,bc7c62c15160017294838f998f9a599b6d3224cb6181fd1058078114eb271562,,427
427,c3,1ZeK9j4KbGp26TqiEj712Uy3dDSxEvoCgHx2pJ,129,dcefac9a706d3b39098408ae303d54a9e4b19670399e1867a670115bb6a2dd9a,,428
427,c1,1X2L9fkqq9LAbwPDz1SqCJiNrmxKdikgue6yYZ,257,45d19b0e35b287fdec7354464b5ac776973d6d2554b66091ebb7bb3e23f71636,,428
427,c5,17V2VF5b1CmigfPVqujRoCWaiNfGZHdigz6HU7,83,a0f245dcc754d068a47332ec8336a83bb2eac73ede3c80d78e040c39a649e583,,428
428,c2,1UxnAi2fFtTDq4ueXQFEL4zi8MwtVHREpjHc6h,172,a94d46a9b8d4cdba173c7d57e06872bc8c7025e42c7307e20b51fc3f3c556396,,429
428,c1,1X2L9fkqq9LAbwPDz1SqCJiNrmxKdikgue6yYZ,258,6dbfea307f89c0eef71c05812a03778dff34275860d4b2bf61544b03e3c116e3,,429
429,c4,1KJxpGjjCx4L4ui7yXDrVyjxijxMShNRXcS3XB,104,28fbf6d60430f39f9e938b0a29ea9781b2ebf465f74c58cbbb01ced13e71caa6,,430
429,c3,1ZeK9j4KbGp26TqiEj712Uy3dDSxEvoCgHx2pJ,130,87b58ff17e34c5df3ab328257e75e54f5abbd91d5e5559e92d54f71086a4895c,,431
429,c2,1UxnAi2fFtTDq4ueXQFEL4zi8MwtVHREpjHc6h,173,5e803ce08d2fad4f7f55f411cb80b9b08bc8adb8773996c0e96b11503280e077,,431
429,c1,1X2L9fkqq9LAbwPDz1SqCJiNrmxKdikgue6yYZ,259,2562efd108e39ecb3c29e2b1d8a74d0cf3b3ca6726160c719b8b2a0eb4fe08c9,,431
431,c1,1X2L9fkqq9LAbwPDz1SqCJiNrmxKdikgue6yYZ,260,4c8cf71c61758f7805bbde3b79916e57e6f9bb2197487eee9db0e614fd6f0cd9,,432
432,c5,17V2VF5b1CmigfPVqujRoCWaiNfGZHdigz6HU7,84,ecea15794a52c47f9d6041e5c733fd7d50da2c781011080cb9b6f0aea6809420,,433
432,c2,1UxnAi2fFtTDq4ueXQFEL4zi8MwtVHREpjHc6h,174,06cb3e6ce091e35fe6efcd5c10c593747f995bf4a7785402e14684947158ecd8,,433
432,c4,1KJxpGjjCx4L4ui7yXDrVyjxijxMShNRXcS3XB,105,24deb5ce41d69c9cb99eaead719faf6729e221daa3872437eba6ce36957127bc,,433
432,c3,1ZeK9j4KbGp26TqiEj712Uy3dDSxEvoCgHx2pJ,131,d67760050bc3fc65db6a996fbe1d93bebfb232961fdb31aa1fe59bede6574fe5,,433
432,c1,1X2L9fkqq9LAbwPDz1SqCJiNrmxKdikgue6yYZ,261,2b0e38c5c956a70d46b17a6a448d4e8550f711c008df00d1d9407dbb5342c504,,433
434,c2,1UxnAi2fFtTDq4ueXQFEL4zi8MwtVHREpjHc6h,175,2e56ea714e3c2f0acea64d6004d479fd555e9699298f0fa15e8ad93e9554dc28,,
434,c1,1X2L9fkqq9LAbwPDz1SqCJiNrmxKdikgue6yYZ,262,3d669c7ff14abf41544eac5b917e17b3ed6698ca923070974ccd042aceb83df0,,
