experiment_id,replication_id,area,target_block_time,dumpfunction,malus_enabled,weight_epoch_length,height,epoch,epoch_buried,n_candidates_logged,n_candidates_with_weight,all_candidates_logged,winner_observed_host,winner_observed_address,winner_observed_logged_score,winner_theoretical_argmin_delay_host,winner_theoretical_argmin_score_host,argmin_delay_equals_argmin_score,winner_matches_theoretical_argmin,inversion,observed_winner_rank_by_delay,delay_min_s,delay_winner_s,margin_G_logged_s,margin_G_recomputed_s,inversion_gap_s,score_min,score_gap_2_1,W_tot_effective,W_tot_minus_argmin_weff,weff_argmin_score,p_observed_winner,phi_s,phi_identical_across_nodes,block_time,parent_time,dt_prev_s,scheduler_residual_s,verify_delay_floor_s,time_bar_slack_s,time_bar_ok,verify_parent_matches_chain,fork_detected,n_competing_blocks,competing_hashes,n_rejects,txcount,streak_length_so_far,winner_repeats_previous,n_candidates_delay_recompute_mismatch
run2-tbt-10s,1,nazionale,10,none,true,12,65,6,1,3,3,1,m1,1adtRPUq4ybX3pziYy2xMkFSGwepw299oQivBt,1,m1,m1,1,1,0,1,11.623,11.623,3.283,3.2829,0.0,6.69189962e-06,2.117488628e-05,161475.0,54388.0,107087.0,0.66318,0.083,1,946685446,946685434,12,0.377,11,1,1,1,0,0,,0,7,1,,0
run2-tbt-10s,1,nazionale,10,none,true,12,66,6,1,3,3,1,m1,1adtRPUq4ybX3pziYy2xMkFSGwepw299oQivBt,1,m1,m1,1,1,0,1,8.364,8.364,5.036,5.0367,0.0,2.52375356e-06,8.76253964e-06,161475.0,54388.0,107087.0,0.66318,0.083,1,946685455,946685446,9,0.636,8,1,1,1,0,0,,0,6,2,1,0
run2-tbt-10s,1,nazionale,10,none,true,12,67,6,1,3,3,1,m3,1PZ3gzLZ6RaKq1ZtUUs5657xvQwtwxQH2tMqJa,1,m3,m3,1,1,0,1,8.612,8.612,2.973,2.9736,0.0,2.90695999e-06,4.06329931e-06,154149.0,142496.0,11653.0,0.075596,0.0,1,946685465,946685455,10,1.388,8,2,1,1,0,0,,0,5,1,0,0
run2-tbt-10s,1,nazionale,10,none,true,12,68,6,1,3,3,1,m1,1adtRPUq4ybX3pziYy2xMkFSGwepw299oQivBt,1,m1,m1,1,1,0,1,6.308,6.308,8.758,8.7588,0.0,8.5954033e-07,6.749598557e-05,154149.0,50057.0,104092.0,0.675269,0.333,1,946685472,946685465,7,0.692,6,1,1,1,0,0,,0,3,1,0,0
run2-tbt-10s,1,nazionale,10,none,true,12,69,6,1,3,3,1,m1,1adtRPUq4ybX3pziYy2xMkFSGwepw299oQivBt,1,m1,m1,1,1,0,1,14.569,14.569,0.045,0.0456,0.0,1.90406218e-05,5.821552000000028e-07,154149.0,50057.0,104092.0,0.675269,0.5,1,946685488,946685472,16,1.431,14,2,1,1,0,0,,0,6,2,1,0
run2-tbt-10s,1,nazionale,10,none,true,12,70,6,1,3,3,1,m1,1adtRPUq4ybX3pziYy2xMkFSGwepw299oQivBt,1,m1,m1,1,1,0,1,5.898,5.898,5.064,5.0643,0.0,6.22321999e-07,5.287959621e-06,154149.0,50057.0,104092.0,0.675269,-0.083,1,946685494,946685488,6,0.102,5,1,1,1,0,0,,0,5,3,1,0
run2-tbt-10s,1,nazionale,10,none,true,12,71,6,1,3,3,1,m1,1adtRPUq4ybX3pziYy2xMkFSGwepw299oQivBt,1,m1,m1,1,1,0,1,12.126,12.126,2.073,2.0728,0.0,8.05227824e-06,8.192818259999999e-06,154149.0,50057.0,104092.0,0.675269,0.083,1,946685507,946685494,13,0.874,12,1,1,1,0,0,,0,4,4,1,0
run2-tbt-10s,1,nazionale,10,none,true,12,72,7,1,3,3,1,m1,1adtRPUq4ybX3pziYy2xMkFSGwepw299oQivBt,1,m1,m1,1,1,0,1,10.725,10.725,4.232,4.2319,0.0,5.53888104e-06,3.308113746e-05,154149.0,50057.0,104092.0,0.675269,-0.083,1,946685518,946685507,11,0.275,10,1,1,1,0,0,,0,6,5,1,0
run2-tbt-10s,1,nazionale,10,none,true,12,73,7,1,3,3,1,m1,1adtRPUq4ybX3pziYy2xMkFSGwepw299oQivBt,1,m1,m1,1,1,0,1,6.368,6.368,8.669,8.6691,0.0,9.16720196e-07,4.2142702204e-05,154149.0,50057.0,104092.0,0.675269,0.25,1,946685525,946685518,7,0.632,6,1,1,1,0,0,,0,8,6,1,0
run2-tbt-10s,1,nazionale,10,none,true,12,74,7,1,3,3,1,m1,1adtRPUq4ybX3pziYy2xMkFSGwepw299oQivBt,1,m1,m1,1,1,0,1,8.945,8.945,5.009,5.0092,0.0,3.14864714e-06,1.090693326e-05,154149.0,50057.0,104092.0,0.675269,0.5,1,946685535,946685525,10,1.055,8,2,1,1,0,0,,0,4,7,1,0
run2-tbt-10s,1,nazionale,10,none,true,12,75,7,1,3,3,1,m1,1adtRPUq4ybX3pziYy2xMkFSGwepw299oQivBt,1,m1,m1,1,1,0,1,14.773,14.773,0.194,0.1942,0.0,2.45438235e-05,1.2455308399999997e-05,154149.0,50057.0,104092.0,0.675269,0.0,1,946685550,946685535,15,0.227,14,1,1,1,0,0,,0,8,8,1,0
run2-tbt-10s,1,nazionale,10,none,true,12,76,7,1,3,3,1,m1,1adtRPUq4ybX3pziYy2xMkFSGwepw299oQivBt,1,m1,m1,1,1,0,1,12.858,12.858,1.369,1.3694,0.0,1.01998515e-05,6.992833300000002e-06,154149.0,50057.0,104092.0,0.675269,-0.333,1,946685564,946685550,14,1.142,12,2,1,1,0,0,,0,5,9,1,0
run2-tbt-10s,1,nazionale,10,none,true,12,77,7,1,3,3,1,m2,19kvdJGdyLyMu8NcGpqistnByR71TSqfptkRQe,1,m2,m2,1,1,0,1,11.542,11.542,2.226,2.226,0.0,7.20991953e-06,7.31884877e-06,154149.0,115745.0,38404.0,0.249136,-0.833,1,946685577,946685564,13,1.458,11,2,1,1,0,0,,0,6,1,0,0
run2-tbt-10s,1,nazionale,10,none,true,12,78,7,1,3,3,1,m1,1adtRPUq4ybX3pziYy2xMkFSGwepw299oQivBt,1,m1,m1,1,1,0,1,10.686,10.686,3.276,3.2762,0.0,5.73547528e-06,1.0221433720000001e-05,154149.0,50057.0,104092.0,0.675269,-0.917,1,946685589,946685577,12,1.314,10,2,1,1,0,0,,0,8,1,0,0
run2-tbt-10s,1,nazionale,10,none,true,12,79,7,1,3,3,1,m1,1adtRPUq4ybX3pziYy2xMkFSGwepw299oQivBt,1,m1,m1,1,1,0,1,10.983,10.983,1.606,1.6064,0.0,6.17669808e-06,3.51199201e-06,157352.0,51762.0,105590.0,0.671043,-1.167,1,946685600,946685589,11,0.017,10,1,1,1,0,0,,0,4,2,1,0
run2-tbt-10s,1,nazionale,10,none,true,12,80,7,1,3,3,1,m1,1adtRPUq4ybX3pziYy2xMkFSGwepw299oQivBt,1,m1,m1,1,1,0,1,7.405,7.405,6.481,6.4818,0.0,1.96068285e-06,1.360459605e-05,157352.0,51762.0,105590.0,0.671043,-1.25,1,946685608,946685600,8,0.595,7,1,1,1,0,0,,0,4,3,1,0
run2-tbt-10s,1,nazionale,10,none,true,12,81,7,1,3,3,1,m1,1adtRPUq4ybX3pziYy2xMkFSGwepw299oQivBt,1,m1,m1,1,1,0,1,9.605,9.605,5.127,5.1264,0.0,4.24454847e-06,5.165466853e-05,157352.0,51762.0,105590.0,0.671043,-1.333,1,946685617,946685608,9,-0.605,9,0,1,1,0,0,,0,4,4,1,0
run2-tbt-10s,1,nazionale,10,none,true,12,82,7,1,3,3,1,m1,1adtRPUq4ybX3pziYy2xMkFSGwepw299oQivBt,1,m1,m1,1,1,0,1,8.773,8.773,0.087,0.0868,0.0,3.1652215e-06,9.143496000000028e-08,157352.0,51762.0,105590.0,0.671043,-0.75,1,946685626,946685617,9,0.227,8,1,1,1,0,0,,0,5,5,1,0
run2-tbt-10s,1,nazionale,10,none,true,12,83,7,1,3,3,1,m1,1adtRPUq4ybX3pziYy2xMkFSGwepw299oQivBt,1,m1,m1,1,1,0,1,8.984,8.984,5.283,5.2821,0.0,3.44471383e-06,1.5181759070000001e-05,157352.0,51762.0,105590.0,0.671043,-1.0,1,946685636,946685626,10,1.016,8,2,1,1,0,0,,0,5,6,1,0
run2-tbt-10s,1,nazionale,10,none,true,12,84,8,1,3,3,1,m1,1adtRPUq4ybX3pziYy2xMkFSGwepw299oQivBt,1,m1,m1,1,1,0,1,7.41,7.41,7.245,7.2444,0.0,1.87941297e-06,2.312760473e-05,157352.0,51762.0,105590.0,0.671043,-0.75,1,946685644,946685636,8,0.59,7,1,1,1,0,0,,0,3,7,1,0
run2-tbt-10s,1,nazionale,10,none,true,12,85,8,1,3,3,1,m1,1adtRPUq4ybX3pziYy2xMkFSGwepw299oQivBt,1,m2,m2,1,0,1,2,12.948,14.17,1.222,1.2222,1.222,1.03827693e-05,6.2519779e-06,157352.0,118948.0,38404.0,0.671043,-0.5,1,946685658,946685644,14,-0.17,14,0,1,1,1,1,0094aeb2aa776db2015d2b10512ac214a35efb1590925abdd52e95e9eb9e9c16,0,10,8,1,0
run2-tbt-10s,1,nazionale,10,none,true,12,86,8,1,3,3,1,m1,1adtRPUq4ybX3pziYy2xMkFSGwepw299oQivBt,1,m1,m1,1,1,0,1,5.389,5.389,9.261,9.2606,0.0,3.97098899e-07,2.7024636801e-05,157352.0,51762.0,105590.0,0.671043,-1.083,1,946685664,946685658,6,0.611,5,1,1,1,0,0,,0,3,9,1,0
run2-tbt-10s,1,nazionale,10,none,true,12,87,8,1,3,3,1,m1,1adtRPUq4ybX3pziYy2xMkFSGwepw299oQivBt,1,m2,m2,1,0,1,2,9.297,9.5,0.203,0.2027,0.203,3.73838811e-06,2.3629967000000046e-07,157352.0,118948.0,38404.0,0.671043,-0.75,1,946685674,946685664,10,0.5,9,1,1,1,0,0,,0,5,10,1,0
run2-tbt-10s,1,nazionale,10,none,true,12,88,8,1,3,3,1,m2,19kvdJGdyLyMu8NcGpqistnByR71TSqfptkRQe,1,m2,m2,1,1,0,1,9.885,9.885,3.536,3.5367,0.0,4.34365834e-06,7.66255276e-06,157352.0,118948.0,38404.0,0.244064,-0.333,1,946685685,946685674,11,1.115,9,2,1,1,0,0,,0,6,1,0,0
run2-tbt-10s,1,nazionale,10,none,true,12,89,8,1,3,3,1,m2,19kvdJGdyLyMu8NcGpqistnByR71TSqfptkRQe,1,m2,m2,1,1,0,1,8.132,8.132,3.529,3.5291,0.0,2.40303708e-06,4.599664980000001e-06,157352.0,118948.0,38404.0,0.244064,-0.083,1,946685693,946685685,8,-0.132,8,0,1,1,0,0,,0,4,2,1,0
run2-tbt-10s,1,nazionale,10,none,true,12,90,8,1,3,3,1,m2,19kvdJGdyLyMu8NcGpqistnByR71TSqfptkRQe,1,m3,m3,1,0,1,3,14.578,15.067,0.483,0.4828,0.489,1.91893237e-05,2.8514033299999997e-05,157352.0,143994.0,13358.0,0.244064,0.333,1,946685709,946685693,16,0.933,15,1,1,1,0,0,,0,8,3,1,0
run2-tbt-10s,1,nazionale,10,none,true,12,91,8,1,3,3,1,m2,19kvdJGdyLyMu8NcGpqistnByR71TSqfptkRQe,1,m2,m2,1,1,0,1,10.793,10.793,4.012,4.0116,0.0,5.10670306e-06,1.8106775439999998e-05,169554.0,128544.0,41010.0,0.24187,0.0,1,946685720,946685709,11,0.207,10,1,1,1,0,0,,0,5,4,1,0
run2-tbt-10s,1,nazionale,10,none,true,12,92,8,1,3,3,1,m2,19kvdJGdyLyMu8NcGpqistnByR71TSqfptkRQe,1,m2,m2,1,1,0,1,6.575,6.575,6.169,6.1691,0.0,1.01063883e-06,7.77101642e-06,169554.0,128544.0,41010.0,0.24187,0.0,1,946685726,946685720,6,-0.575,6,0,1,1,0,0,,0,3,5,1,0
run2-tbt-10s,1,nazionale,10,none,true,12,93,8,1,3,3,1,m2,19kvdJGdyLyMu8NcGpqistnByR71TSqfptkRQe,1,m2,m2,1,1,0,1,13.604,13.604,0.912,0.9124,0.0,1.14733648e-05,5.9981431e-06,169554.0,128544.0,41010.0,0.24187,0.167,1,946685741,946685726,15,1.396,13,2,1,1,0,0,,0,8,6,1,0
run2-tbt-10s,1,nazionale,10,none,true,12,94,8,1,3,3,1,m2,19kvdJGdyLyMu8NcGpqistnByR71TSqfptkRQe,1,m2,m2,1,1,0,1,5.599,5.599,9.228,9.227,0.0,4.06591935e-07,2.6364766465e-05,169554.0,128544.0,41010.0,0.24187,-0.333,1,946685747,946685741,6,0.401,5,1,1,1,0,0,,0,1,7,1,0
run2-tbt-10s,1,nazionale,10,none,true,12,95,8,1,3,3,1,m1,1adtRPUq4ybX3pziYy2xMkFSGwepw299oQivBt,1,m1,m1,1,1,0,1,9.377,9.377,5.606,5.6063,0.0,3.41298334e-06,6.316806356e-05,169554.0,54368.0,115186.0,0.679347,-0.083,1,946685758,946685747,11,1.623,9,2,1,1,0,0,,0,5,1,0,0
run2-tbt-10s,1,nazionale,10,none,true,12,96,9,1,3,3,1,m1,1adtRPUq4ybX3pziYy2xMkFSGwepw299oQivBt,1,m1,m1,1,1,0,1,7.496,7.496,1.084,1.0832,0.0,1.72013093e-06,9.238557299999999e-07,169554.0,54368.0,115186.0,0.679347,-0.167,1,946685766,946685758,8,0.504,7,1,1,1,0,0,,0,6,2,1,0
run2-tbt-10s,1,nazionale,10,none,true,12,97,9,1,3,3,1,m2,19kvdJGdyLyMu8NcGpqistnByR71TSqfptkRQe,1,m2,m2,1,1,0,1,7.435,7.435,7.521,7.5208,0.0,1.67177108e-06,3.850744692e-05,169554.0,128544.0,41010.0,0.24187,-0.167,1,946685775,946685766,9,1.565,7,2,1,1,0,0,,0,5,1,0,0
run2-tbt-10s,1,nazionale,10,none,true,12,98,9,1,3,3,1,m2,19kvdJGdyLyMu8NcGpqistnByR71TSqfptkRQe,1,m2,m2,1,1,0,1,7.946,7.946,4.637,4.6371,0.0,2.01645157e-06,6.237920500000001e-06,169554.0,128544.0,41010.0,0.24187,0.25,1,946685784,946685775,9,1.054,7,2,1,1,0,0,,0,7,2,1,0
run2-tbt-10s,1,nazionale,10,none,true,12,99,9,1,3,3,1,m1,1adtRPUq4ybX3pziYy2xMkFSGwepw299oQivBt,1,m1,m1,1,1,0,1,10.007,10.007,3.908,3.908,0.0,4.09662539e-06,9.003973510000001e-06,169554.0,54368.0,115186.0,0.679347,0.0,1,946685796,946685784,12,1.993,10,2,1,1,0,0,,0,4,1,0,0
run2-tbt-10s,1,nazionale,10,none,true,12,100,9,1,3,3,1,m1,1adtRPUq4ybX3pziYy2xMkFSGwepw299oQivBt,1,m1,m1,1,1,0,1,14.177,14.177,0.768,0.7682,0.0,1.4972064e-05,2.1225972600000003e-05,169554.0,54368.0,115186.0,0.679347,-0.167,1,946685810,946685796,14,-0.177,14,0,1,1,0,0,,0,6,2,1,0
run2-tbt-10s,1,nazionale,10,none,true,12,101,9,1,3,3,1,m1,1adtRPUq4ybX3pziYy2xMkFSGwepw299oQivBt,1,m1,m1,1,1,0,1,13.12,13.12,1.234,1.2336,0.0,1.01243802e-05,6.842896000000001e-06,169554.0,54368.0,115186.0,0.679347,-0.417,1,946685823,946685810,13,-0.12,13,0,1,1,0,0,,0,7,3,1,0
run2-tbt-10s,1,nazionale,10,none,true,12,102,9,1,3,3,1,m2,19kvdJGdyLyMu8NcGpqistnByR71TSqfptkRQe,1,m2,m2,1,1,0,1,10.983,10.983,3.84,3.84,0.0,5.62957131e-06,3.5122315589999995e-05,169554.0,128544.0,41010.0,0.24187,-0.833,1,946685835,946685823,12,1.017,10,2,1,1,0,0,,0,7,1,0,0
run2-tbt-10s,1,nazionale,10,none,true,12,103,9,1,3,3,1,m2,19kvdJGdyLyMu8NcGpqistnByR71TSqfptkRQe,1,m2,m2,1,1,0,1,12.018,12.018,2.602,2.6016,0.0,8.03047266e-06,1.5044628439999999e-05,154935.0,116531.0,38404.0,0.247872,-0.5,1,946685847,946685835,12,-0.018,12,0,1,1,0,0,,0,7,2,1,0
run2-tbt-10s,1,nazionale,10,none,true,12,104,9,1,3,3,1,m1,1adtRPUq4ybX3pziYy2xMkFSGwepw299oQivBt,1,m1,m1,1,1,0,1,5.461,5.461,8.845,8.8449,0.0,3.84090379e-07,1.8022608420999997e-05,154935.0,49345.0,105590.0,0.681512,-0.583,1,946685854,946685847,7,1.539,5,2,1,1,0,0,,0,3,1,0,0
run2-tbt-10s,1,nazionale,10,none,true,12,105,9,1,3,3,1,m1,1adtRPUq4ybX3pziYy2xMkFSGwepw299oQivBt,1,m2,m2,1,0,1,2,14.121,14.443,0.322,0.3218,0.322,1.67562695e-05,3.6467207999999977e-06,154935.0,116531.0,38404.0,0.681512,-0.667,1,946685869,946685854,15,0.557,14,1,1,1,1,1,0060b36dfaf1bbbfd74bb2b3f5cc6f2792e31903eea360e751bf36b7af086d8e,0,7,2,1,0
run2-tbt-10s,1,nazionale,10,none,true,12,106,9,1,3,3,1,m1,1adtRPUq4ybX3pziYy2xMkFSGwepw299oQivBt,1,m1,m1,1,1,0,1,14.116,14.116,0.56,0.56,0.0,1.67092255e-05,8.832778500000002e-06,154935.0,49345.0,105590.0,0.681512,-0.667,1,946685884,946685869,15,0.884,14,1,1,1,0,0,,0,5,3,1,0
run2-tbt-10s,1,nazionale,10,none,true,12,107,9,1,3,3,1,m3,1PZ3gzLZ6RaKq1ZtUUs5657xvQwtwxQH2tMqJa,1,m3,m3,1,1,0,1,8.424,8.424,2.96,2.9597,0.0,2.98983356e-06,4.102033300000001e-06,154935.0,143994.0,10941.0,0.070617,-1.417,1,946685894,946685884,10,1.576,8,2,1,1,0,0,,0,6,1,0,0
run2-tbt-10s,1,nazionale,10,none,true,12,108,10,1,3,3,1,m2,19kvdJGdyLyMu8NcGpqistnByR71TSqfptkRQe,1,m2,m2,1,1,0,1,11.668,11.668,1.82,1.8204,0.0,7.6318007e-06,5.8159829e-06,154935.0,116531.0,38404.0,0.247872,-1.333,1,946685907,946685894,13,1.332,11,2,1,1,0,0,,0,4,1,0,0
run2-tbt-10s,1,nazionale,10,none,true,12,109,10,1,3,3,1,m1,1adtRPUq4ybX3pziYy2xMkFSGwepw299oQivBt,1,m1,m1,1,1,0,1,13.147,13.147,1.076,1.0761,0.0,1.22333562e-05,8.128158e-06,154935.0,49345.0,105590.0,0.681512,-1.75,1,946685921,946685907,14,0.853,13,1,1,1,1,1,0096ddd8e3498e1b7307f4c58d94cbf5a99226a58be7b7a2d28adee781977086,0,11,1,0,0
run2-tbt-10s,1,nazionale,10,none,true,12,110,10,1,3,3,1,m1,1adtRPUq4ybX3pziYy2xMkFSGwepw299oQivBt,1,m2,m2,1,0,1,2,12.337,12.694,0.357,0.3571,0.357,9.68477244e-06,1.1262417600000002e-06,154935.0,116531.0,38404.0,0.681512,-2.167,1,946685934,946685921,13,0.306,12,1,1,1,1,1,007d38a7d6be9effac7fa0974e6082b6013aa51e46dba6c4e1894afa77214e1b,0,6,2,1,0
run2-tbt-10s,1,nazionale,10,none,true,12,111,10,1,3,3,1,m1,1adtRPUq4ybX3pziYy2xMkFSGwepw299oQivBt,1,m1,m1,1,1,0,1,11.4,11.4,2.473,2.4723,0.0,7.56003634e-06,1.031193826e-05,154935.0,49345.0,105590.0,0.681512,-2.5,1,946685947,946685934,13,1.6,11,2,1,1,0,0,,0,6,3,1,0
run2-tbt-10s,1,nazionale,10,none,true,12,112,10,1,3,3,1,m1,1adtRPUq4ybX3pziYy2xMkFSGwepw299oQivBt,1,m1,m1,1,1,0,1,6.314,6.314,6.774,6.7736,0.0,1.30519779e-06,1.1405581209999999e-05,154935.0,49345.0,105590.0,0.681512,-2.583,1,946685953,946685947,6,-0.314,6,0,1,1,0,0,,0,2,4,1,0
run2-tbt-10s,1,nazionale,10,none,true,12,113,10,1,3,3,1,m1,1adtRPUq4ybX3pziYy2xMkFSGwepw299oQivBt,1,m1,m1,1,1,0,1,10.749,10.749,3.794,3.7934,0.0,6.1314407e-06,2.55249702e-05,154935.0,49345.0,105590.0,0.681512,-1.917,1,946685964,946685953,11,0.251,10,1,1,1,0,0,,0,5,5,1,0
run2-tbt-10s,1,nazionale,10,none,true,12,114,10,1,3,3,1,m1,1adtRPUq4ybX3pziYy2xMkFSGwepw299oQivBt,1,m1,m1,1,1,0,1,7.192,7.192,2.21,2.2098,0.0,1.89283876e-06,2.2680489199999997e-06,154935.0,49345.0,105590.0,0.681512,-1.75,1,946685972,946685964,8,0.808,7,1,1,1,0,0,,0,7,6,1,0
run2-tbt-10s,1,nazionale,10,none,true,12,115,10,1,3,3,1,m3,1PZ3gzLZ6RaKq1ZtUUs5657xvQwtwxQH2tMqJa,1,m3,m3,1,1,0,1,7.122,7.122,2.938,2.938,0.0,1.56038403e-06,2.77378246e-06,176359.0,161297.0,15062.0,0.085405,-1.417,1,946685980,946685972,8,0.878,7,1,1,1,0,0,,0,6,1,0,0
run2-tbt-10s,1,nazionale,10,none,true,12,116,10,1,3,3,1,m1,1adtRPUq4ybX3pziYy2xMkFSGwepw299oQivBt,1,m1,m1,1,1,0,1,12.066,12.066,0.737,0.7369,0.0,7.38900743e-06,1.7940707799999998e-06,176359.0,61173.0,115186.0,0.653134,-1.083,1,946685994,946685980,14,1.934,12,2,1,1,0,0,,0,5,1,0,0
run2-tbt-10s,1,nazionale,10,none,true,12,117,10,1,3,3,1,m1,1adtRPUq4ybX3pziYy2xMkFSGwepw299oQivBt,1,m1,m1,1,1,0,1,5.638,5.638,9.027,9.0262,0.0,5.79587178e-07,4.7296813622e-05,176359.0,61173.0,115186.0,0.653134,-1.667,1,946686000,946685994,6,0.362,5,1,1,1,0,0,,0,3,2,1,0
run2-tbt-10s,1,nazionale,10,none,true,12,118,10,1,3,3,1,m1,1adtRPUq4ybX3pziYy2xMkFSGwepw299oQivBt,1,m1,m1,1,1,0,1,5.695,5.695,6.017,6.0169,0.0,5.21464032e-07,6.111130298e-06,176359.0,61173.0,115186.0,0.653134,-0.917,1,946686007,946686000,7,1.305,5,2,1,1,0,0,,0,4,3,1,0
run2-tbt-10s,1,nazionale,10,none,true,12,119,10,1,3,3,1,m1,1adtRPUq4ybX3pziYy2xMkFSGwepw299oQivBt,1,m1,m1,1,1,0,1,10.463,10.463,2.232,2.2317,0.0,4.54470901e-06,3.901050480000001e-06,176359.0,61173.0,115186.0,0.653134,-0.25,1,946686018,946686007,11,0.537,10,1,1,1,0,0,,0,4,4,1,0
run2-tbt-10s,1,nazionale,10,none,true,12,120,11,1,3,3,1,m1,1adtRPUq4ybX3pziYy2xMkFSGwepw299oQivBt,1,m1,m1,1,1,0,1,6.197,6.197,8.64,8.6395,0.0,7.66321786e-07,2.5556818214000003e-05,176359.0,61173.0,115186.0,0.653134,-0.333,1,946686025,946686018,7,0.803,6,1,1,1,0,0,,0,4,5,1,0
run2-tbt-10s,1,nazionale,10,none,true,12,121,11,1,3,3,1,m1,1adtRPUq4ybX3pziYy2xMkFSGwepw299oQivBt,1,m1,m1,1,1,0,1,6.831,6.831,6.631,6.6311,0.0,1.12335508e-06,9.368964619999999e-06,176359.0,61173.0,115186.0,0.653134,0.167,1,946686032,946686025,7,0.169,6,1,1,1,0,0,,0,6,6,1,0
run2-tbt-10s,1,nazionale,10,none,true,12,122,11,1,3,3,1,m1,1adtRPUq4ybX3pziYy2xMkFSGwepw299oQivBt,1,m1,m1,1,1,0,1,8.786,8.786,2.253,2.2527,0.0,2.56233025e-06,2.4774010200000005e-06,176359.0,61173.0,115186.0,0.653134,0.75,1,946686041,946686032,9,0.214,8,1,1,1,0,0,,0,6,7,1,0
run2-tbt-10s,1,nazionale,10,none,true,12,123,11,1,3,3,1,m1,1adtRPUq4ybX3pziYy2xMkFSGwepw299oQivBt,1,m1,m1,1,1,0,1,12.195,12.195,2.808,2.8078,0.0,6.78680636e-06,1.5023808939999999e-05,176359.0,61173.0,115186.0,0.653134,1.083,1,946686054,946686041,13,0.805,12,1,1,1,0,0,,0,7,8,1,0
run2-tbt-10s,1,nazionale,10,none,true,12,124,11,1,3,3,1,m1,1adtRPUq4ybX3pziYy2xMkFSGwepw299oQivBt,1,m1,m1,1,1,0,1,6.931,6.931,5.418,5.4175,0.0,1.06642262e-06,6.01548154e-06,176359.0,61173.0,115186.0,0.653134,1.083,1,946686062,946686054,8,1.069,6,2,1,1,0,0,,0,3,9,1,0
run2-tbt-10s,1,nazionale,10,none,true,12,125,11,1,3,3,1,m1,1adtRPUq4ybX3pziYy2xMkFSGwepw299oQivBt,1,m1,m1,1,1,0,1,11.419,11.419,3.58,3.5797,0.0,5.54059573e-06,1.710934987e-05,176359.0,61173.0,115186.0,0.653134,0.917,1,946686074,946686062,12,0.581,11,1,1,1,0,0,,0,5,10,1,0
run2-tbt-10s,1,nazionale,10,none,true,12,126,11,1,3,3,1,m1,1adtRPUq4ybX3pziYy2xMkFSGwepw299oQivBt,1,m1,m1,1,1,0,1,10.755,10.755,4.271,4.2711,0.0,4.64015415e-06,1.953833015e-05,176359.0,61173.0,115186.0,0.653134,0.833,1,946686085,946686074,11,0.245,10,1,1,1,0,0,,0,9,11,1,0
run2-tbt-10s,1,nazionale,10,none,true,12,127,11,1,3,3,1,m1,1adtRPUq4ybX3pziYy2xMkFSGwepw299oQivBt,1,m1,m1,1,1,0,1,13.398,13.398,1.425,1.4252,0.0,1.07403564e-05,1.0775884099999999e-05,163953.0,51762.0,112191.0,0.684288,0.583,1,946686100,946686085,15,1.602,13,2,1,1,0,0,,0,4,12,1,0
run2-tbt-10s,1,nazionale,10,none,true,12,128,11,1,3,3,1,m1,1adtRPUq4ybX3pziYy2xMkFSGwepw299oQivBt,1,m1,m1,1,1,0,1,9.039,9.039,5.961,5.961,0.0,3.15546008e-06,9.092001142e-05,163953.0,51762.0,112191.0,0.684288,0.0,1,946686109,946686100,9,-0.039,9,0,1,1,0,0,,0,6,13,1,0
run2-tbt-10s,1,nazionale,10,none,true,12,129,11,1,3,3,1,m2,19kvdJGdyLyMu8NcGpqistnByR71TSqfptkRQe,1,m2,m2,1,1,0,1,5.756,5.756,6.447,6.4473,0.0,4.24418477e-07,7.166882133e-06,163953.0,125549.0,38404.0,0.234238,0.417,1,946686117,946686109,8,2.244,5,3,1,1,0,0,,0,5,1,0,0
run2-tbt-10s,1,nazionale,10,none,true,12,130,11,1,3,3,1,m3,1PZ3gzLZ6RaKq1ZtUUs5657xvQwtwxQH2tMqJa,1,m3,m3,1,1,0,1,10.809,10.809,2.665,2.6652,0.0,5.23225362e-06,6.03884318e-06,163953.0,150595.0,13358.0,0.081475,0.25,1,946686129,946686117,12,1.191,10,2,1,1,0,0,,0,4,1,0,0
run2-tbt-10s,1,nazionale,10,none,true,12,131,11,1,3,3,1,m3,1PZ3gzLZ6RaKq1ZtUUs5657xvQwtwxQH2tMqJa,1,m2,m2,1,0,1,3,14.751,14.903,0.061,0.0615,0.152,2.33896817e-05,2.0425895999999993e-06,163953.0,125549.0,38404.0,0.081475,-0.167,1,946686144,946686129,15,0.097,14,1,1,1,0,0,,0,7,2,1,0
run2-tbt-10s,1,nazionale,10,none,true,12,132,12,1,3,3,1,m1,1adtRPUq4ybX3pziYy2xMkFSGwepw299oQivBt,1,m1,m1,1,1,0,1,8.085,8.085,0.19,0.1895,0.0,2.33894245e-06,1.7199592999999964e-07,163953.0,51762.0,112191.0,0.684288,-0.5,1,946686155,946686144,11,2.915,8,3,1,1,1,1,000e023fce4c08eecd5418d1385ebe3e33baa0848bb48b7599aeb5ec100cb5a9,0,4,1,0,0
run2-tbt-10s,1,nazionale,10,none,true,12,133,12,1,3,3,1,m1,1adtRPUq4ybX3pziYy2xMkFSGwepw299oQivBt,1,m1,m1,1,1,0,1,14.374,14.374,0.247,0.2469,0.0,1.87914133e-05,4.245725199999997e-06,163953.0,51762.0,112191.0,0.684288,-0.833,0,946686170,946686155,15,0.626,14,1,1,1,1,1,004503132f22f4430b7c7ad7e1b29190fece2981c3bcf641625049fd334d9b1e,0,10,2,1,0
run2-tbt-10s,1,nazionale,10,none,true,12,134,12,1,3,3,1,m1,1adtRPUq4ybX3pziYy2xMkFSGwepw299oQivBt,1,m1,m1,1,1,0,1,11.855,11.855,1.917,1.9173,0.0,7.66705686e-06,6.834564540000001e-06,163953.0,51762.0,112191.0,0.684288,-1.5,1,946686182,946686170,12,0.145,11,1,1,1,0,0,,0,7,3,1,0
run2-tbt-10s,1,nazionale,10,none,true,12,135,12,1,3,3,1,m1,1adtRPUq4ybX3pziYy2xMkFSGwepw299oQivBt,1,m1,m1,1,1,0,1,9.401,9.401,5.249,5.2487,0.0,3.93166887e-06,8.786872383e-05,163953.0,51762.0,112191.0,0.684288,-1.75,1,946686192,946686182,10,0.599,9,1,1,1,0,0,,0,4,4,1,0
run2-tbt-10s,1,nazionale,10,none,true,12,136,12,1,3,3,1,m2,19kvdJGdyLyMu8NcGpqistnByR71TSqfptkRQe,1,m2,m2,1,1,0,1,11.163,11.163,2.333,2.3328,0.0,6.33877156e-06,6.5712690400000004e-06,163953.0,125549.0,38404.0,0.234238,-1.5,1,946686205,946686192,13,1.837,11,2,1,1,0,0,,0,6,1,0,0
run2-tbt-10s,1,nazionale,10,none,true,12,137,12,1,3,3,1,m1,1adtRPUq4ybX3pziYy2xMkFSGwepw299oQivBt,1,m1,m1,1,1,0,1,12.547,12.547,2.069,2.0691,0.0,9.60864218e-06,5.703491692e-05,163953.0,51762.0,112191.0,0.684288,-1.917,1,946686220,946686205,15,2.453,12,3,1,1,0,0,,0,5,1,0,0
run2-tbt-10s,1,nazionale,10,none,true,12,138,12,1,3,3,1,m1,1adtRPUq4ybX3pziYy2xMkFSGwepw299oQivBt,1,m1,m1,1,1,0,1,13.979,13.979,0.045,0.0443,0.0,1.72911819e-05,4.784053000000005e-07,163953.0,51762.0,112191.0,0.684288,-2.167,1,946686234,946686220,14,0.021,13,1,1,1,0,0,,0,9,2,1,0
run2-tbt-10s,1,nazionale,10,none,true,12,139,12,1,3,3,1,m1,1adtRPUq4ybX3pziYy2xMkFSGwepw299oQivBt,1,m2,m2,1,0,1,2,9.148,10.82,1.672,1.6728,1.672,3.7939283e-06,2.2775138200000004e-06,163929.0,120445.0,43484.0,0.653252,-2.417,1,946686245,946686234,11,0.18,10,1,1,1,1,1,00a61a4982fb9e51160a8b876c5b855a072dac3f0d3f2e613bbab438ad272f06,0,7,3,1,0
run2-tbt-10s,1,nazionale,10,none,true,12,140,12,1,3,3,1,m1,1adtRPUq4ybX3pziYy2xMkFSGwepw299oQivBt,1,m1,m1,1,1,0,1,10.594,10.594,0.891,0.8914,0.0,5.60545536e-06,1.5424600700000003e-06,163929.0,56842.0,107087.0,0.653252,-2.083,1,946686256,946686245,11,0.406,10,1,1,1,0,0,,0,2,4,1,0
run2-tbt-10s,1,nazionale,10,none,true,12,141,12,1,3,3,1,m2,19kvdJGdyLyMu8NcGpqistnByR71TSqfptkRQe,1,m2,m2,1,1,0,1,5.659,5.659,3.97,3.9698,0.0,7.17339652e-07,3.6084213279999995e-06,163929.0,120445.0,43484.0,0.265261,-2.25,1,946686263,946686256,7,1.341,5,2,1,1,0,0,,0,5,1,0,0
run2-tbt-10s,1,nazionale,10,none,true,12,142,12,1,3,3,1,m1,1adtRPUq4ybX3pziYy2xMkFSGwepw299oQivBt,1,m1,m1,1,1,0,1,10.111,10.111,1.884,1.8839,0.0,4.93145543e-06,3.3525842800000005e-06,163929.0,56842.0,107087.0,0.653252,-2.167,1,946686276,946686263,13,2.889,10,3,1,1,1,1,0036bf0a77ad81501314ecec1bb0760b4b3d1b610fbd7fbb7bd7ec138d7d2789,0,4,1,0,0
run2-tbt-10s,1,nazionale,10,none,true,12,143,12,1,3,3,1,m1,1adtRPUq4ybX3pziYy2xMkFSGwepw299oQivBt,1,m2,m2,1,0,1,2,6.927,7.284,0.357,0.357,0.357,1.64233809e-06,3.0586125999999977e-07,163929.0,120445.0,43484.0,0.653252,-2.25,0,946686283,946686276,7,-0.284,7,0,1,1,1,1,0029055cdb34c5ea1e13dbf4522f85275619ffb5c033f4b82f241aea0c669d4a,0,5,2,1,0
run2-tbt-10s,1,nazionale,10,none,true,12,144,13,1,3,3,1,m1,1adtRPUq4ybX3pziYy2xMkFSGwepw299oQivBt,1,m1,m1,1,1,0,1,11.62,11.62,2.851,2.8504,0.0,7.2173926e-06,1.6268225499999998e-05,163929.0,56842.0,107087.0,0.653252,-1.583,1,946686295,946686283,12,0.38,11,1,1,1,0,0,,0,6,3,1,0
run2-tbt-10s,1,nazionale,10,none,true,12,145,13,1,3,3,1,m1,1adtRPUq4ybX3pziYy2xMkFSGwepw299oQivBt,1,m1,m1,1,1,0,1,7.941,7.941,6.667,6.6677,0.0,2.41941594e-06,2.8970525259999997e-05,163929.0,56842.0,107087.0,0.653252,-1.667,1,946686304,946686295,9,1.059,7,2,1,1,0,0,,0,6,4,1,0
run2-tbt-10s,1,nazionale,10,none,true,12,146,13,1,3,3,1,m1,1adtRPUq4ybX3pziYy2xMkFSGwepw299oQivBt,1,m1,m1,1,1,0,1,13.264,13.264,1.268,1.2688,0.0,1.15603139e-05,1.1339288e-05,163929.0,56842.0,107087.0,0.653252,-1.167,1,946686319,946686304,15,1.736,13,2,1,1,0,0,,0,7,5,1,0
run2-tbt-10s,1,nazionale,10,none,true,12,147,13,1,3,3,1,m1,1adtRPUq4ybX3pziYy2xMkFSGwepw299oQivBt,1,m1,m1,1,1,0,1,11.369,11.369,2.715,2.7152,0.0,6.6752502e-06,1.0164263999999998e-05,163929.0,56842.0,107087.0,0.653252,-1.417,1,946686331,946686319,12,0.631,11,1,1,1,0,0,,0,6,6,1,0
run2-tbt-10s,1,nazionale,10,none,true,12,148,13,1,3,3,1,m1,1adtRPUq4ybX3pziYy2xMkFSGwepw299oQivBt,1,m1,m1,1,1,0,1,11.541,11.541,2.972,2.9714,0.0,7.06244807e-06,1.7773193730000003e-05,163929.0,56842.0,107087.0,0.653252,-1.583,1,946686343,946686331,12,0.459,11,1,1,1,0,0,,0,7,7,1,0
run2-tbt-10s,1,nazionale,10,none,true,12,149,13,1,3,3,1,m1,1adtRPUq4ybX3pziYy2xMkFSGwepw299oQivBt,1,m1,m1,1,1,0,1,8.436,8.436,6.204,6.2042,0.0,2.85371046e-06,2.839908994e-05,163929.0,56842.0,107087.0,0.653252,-1.5,1,946686352,946686343,9,0.564,8,1,1,1,0,0,,0,2,8,1,0
run2-tbt-10s,1,nazionale,10,none,true,12,150,13,1,3,3,1,m1,1adtRPUq4ybX3pziYy2xMkFSGwepw299oQivBt,1,m1,m1,1,1,0,1,13.64,13.64,0.95,0.9505,0.0,1.31386631e-05,1.0431175200000001e-05,163929.0,56842.0,107087.0,0.653252,-1.0,1,946686366,946686352,14,0.36,13,1,1,1,0,0,,0,11,9,1,0
run2-tbt-10s,1,nazionale,10,none,true,12,151,13,1,3,3,1,m1,1adtRPUq4ybX3pziYy2xMkFSGwepw299oQivBt,1,m1,m1,1,1,0,1,8.638,8.638,6.162,6.1621,0.0,2.70722663e-06,9.379237697e-05,178840.0,57052.0,121788.0,0.680989,-1.0,1,946686375,946686366,9,0.362,8,1,1,1,0,0,,0,3,10,1,0
run2-tbt-10s,1,nazionale,10,none,true,12,152,13,1,3,3,1,m1,1adtRPUq4ybX3pziYy2xMkFSGwepw299oQivBt,1,m3,m3,1,0,1,2,8.855,10.833,1.978,1.9782,1.978,2.87668306e-06,2.24681059e-06,178840.0,167899.0,10941.0,0.680989,-0.833,1,946686386,946686375,11,0.167,10,1,1,1,1,1,00204e7901407df194671ae8b87409f05b1b7b3ba1587e32e0d95f64f36f05dd,0,4,11,1,0
run2-tbt-10s,1,nazionale,10,none,true,12,153,13,1,3,3,1,m1,1adtRPUq4ybX3pziYy2xMkFSGwepw299oQivBt,1,m1,m1,1,1,0,1,10.007,10.007,4.82,4.8196,0.0,4.07357762e-06,2.9856293579999998e-05,178840.0,57052.0,121788.0,0.680989,-0.833,0,946686397,946686386,11,0.993,10,1,1,1,0,0,,0,6,12,1,0
run2-tbt-10s,1,nazionale,10,none,true,12,154,13,1,3,3,1,m2,19kvdJGdyLyMu8NcGpqistnByR71TSqfptkRQe,1,m2,m2,1,1,0,1,9.467,9.467,3.753,3.7528,0.0,3.55038961e-06,6.8858139899999995e-06,178840.0,132729.0,46111.0,0.257834,-1.167,1,946686408,946686397,11,1.533,9,2,1,1,0,0,,0,5,1,0,0
run2-tbt-10s,1,nazionale,10,none,true,12,155,13,1,3,3,1,m2,19kvdJGdyLyMu8NcGpqistnByR71TSqfptkRQe,1,m1,m1,1,0,1,2,8.126,8.285,0.159,0.159,0.159,2.2609236e-06,1.3484020999999992e-07,178840.0,57052.0,121788.0,0.257834,-1.0,1,946686416,946686408,8,-0.285,8,0,1,1,0,0,,0,4,2,1,0
run2-tbt-10s,1,nazionale,10,none,true,12,156,14,1,3,3,1,m1,1adtRPUq4ybX3pziYy2xMkFSGwepw299oQivBt,1,m1,m1,1,1,0,1,12.407,12.407,2.237,2.2369,0.0,8.03494498e-06,1.585143212e-05,178840.0,57052.0,121788.0,0.680989,-1.083,1,946686431,946686416,15,2.593,12,3,1,1,0,0,,0,6,1,0,0
run2-tbt-10s,1,nazionale,10,none,true,12,157,14,1,3,3,1,m1,1adtRPUq4ybX3pziYy2xMkFSGwepw299oQivBt,1,m1,m1,1,1,0,1,12.29,12.29,2.307,2.3069,0.0,7.87915045e-06,1.612478245e-05,178840.0,57052.0,121788.0,0.680989,-1.333,1,946686444,946686431,13,0.71,12,1,1,1,0,0,,0,11,2,1,0
run2-tbt-10s,1,nazionale,10,none,true,12,158,14,1,3,3,1,m1,1adtRPUq4ybX3pziYy2xMkFSGwepw299oQivBt,1,m1,m1,1,1,0,1,7.981,7.981,6.684,6.6839,0.0,2.25166454e-06,4.7880564959999995e-05,178840.0,57052.0,121788.0,0.680989,-1.667,1,946686453,946686444,9,1.019,7,2,1,1,0,0,,0,5,3,1,0
run2-tbt-10s,1,nazionale,10,none,true,12,159,14,1,3,3,1,m1,1adtRPUq4ybX3pziYy2xMkFSGwepw299oQivBt,1,m1,m1,1,1,0,1,8.54,8.54,4.573,4.5728,0.0,2.64891391e-06,7.412766490000001e-06,178840.0,57052.0,121788.0,0.680989,-1.167,1,946686462,946686453,9,0.46,8,1,1,1,0,0,,0,4,4,1,0
run2-tbt-10s,1,nazionale,10,none,true,12,160,14,1,3,3,1,m1,1adtRPUq4ybX3pziYy2xMkFSGwepw299oQivBt,1,m1,m1,1,1,0,1,14.46,14.46,0.009,0.0091,0.0,1.86348481e-05,1.4329490000000052e-07,178840.0,57052.0,121788.0,0.680989,-0.917,1,946686477,946686462,15,0.54,14,1,1,1,0,0,,0,6,5,1,0
run2-tbt-10s,1,nazionale,10,none,true,12,161,14,1,3,3,1,m3,1PZ3gzLZ6RaKq1ZtUUs5657xvQwtwxQH2tMqJa,1,m3,m3,1,1,0,1,8.865,8.865,3.153,3.1536,0.0,2.94850283e-06,4.27362719e-06,178840.0,167899.0,10941.0,0.061178,-1.167,1,946686488,946686477,11,2.135,8,3,1,1,0,0,,0,5,1,0,0
run2-tbt-10s,1,nazionale,10,none,true,12,162,14,1,3,3,1,m2,19kvdJGdyLyMu8NcGpqistnByR71TSqfptkRQe,1,m2,m2,1,1,0,1,8.86,8.86,1.219,1.2183,0.0,2.97602295e-06,1.3000315500000001e-06,178840.0,132729.0,46111.0,0.257834,-1.333,1,946686499,946686488,11,2.14,8,3,1,1,0,0,,0,7,1,0,0
run2-tbt-10s,1,nazionale,10,none,true,12,163,14,1,3,3,1,m1,1adtRPUq4ybX3pziYy2xMkFSGwepw299oQivBt,1,m1,m1,1,1,0,1,9.12,9.12,5.576,5.5757,0.0,3.32007943e-06,2.436371037e-05,171278.0,56092.0,115186.0,0.672509,-1.083,1,946686510,946686499,11,1.88,9,2,1,1,0,0,,0,6,1,0,0
run2-tbt-10s,1,nazionale,10,none,true,12,164,14,1,3,3,1,m1,1adtRPUq4ybX3pziYy2xMkFSGwepw299oQivBt,1,m1,m1,1,1,0,1,14.084,14.084,0.603,0.603,0.0,1.58202889e-05,1.3806049500000002e-05,171278.0,56092.0,115186.0,0.672509,-1.25,1,946686524,946686510,14,-0.084,14,0,1,1,0,0,,0,6,2,1,0
run2-tbt-10s,1,nazionale,10,none,true,12,165,14,1,3,3,1,m3,1PZ3gzLZ6RaKq1ZtUUs5657xvQwtwxQH2tMqJa,1,m2,m2,1,0,1,2,7.396,7.449,0.053,0.0531,0.053,1.83439887e-06,4.262262999999995e-08,171278.0,130248.0,41030.0,0.087939,-1.5,1,946686533,946686524,9,1.551,7,2,1,1,1,1,00380d480515eaff108714e60643ec47d59716e7198d1217bdb0079e23a6f5e4,0,5,1,0,0
run2-tbt-10s,1,nazionale,10,none,true,12,166,14,1,3,3,1,m1,1adtRPUq4ybX3pziYy2xMkFSGwepw299oQivBt,1,m2,m2,1,0,1,2,12.425,13.008,0.583,0.5832,0.583,8.55879994e-06,1.7001425600000011e-06,171278.0,130248.0,41030.0,0.672509,-1.333,1,946686546,946686533,13,-0.008,13,0,1,1,1,1,0063e96a89fba8ae905fc1c5a6cfd1c8ca6c9eb1b8af96899624b6582c09a310,0,5,1,0,0
run2-tbt-10s,1,nazionale,10,none,true,12,167,14,1,3,3,1,m1,1adtRPUq4ybX3pziYy2xMkFSGwepw299oQivBt,1,m1,m1,1,1,0,1,7.288,7.288,7.371,7.3713,0.0,1.74813998e-06,3.031021272e-05,171278.0,56092.0,115186.0,0.672509,-1.5,1,946686554,946686546,8,0.712,7,1,1,1,0,0,,0,3,2,1,0
run2-tbt-10s,1,nazionale,10,none,true,12,168,15,1,3,3,1,m1,1adtRPUq4ybX3pziYy2xMkFSGwepw299oQivBt,1,m1,m1,1,1,0,1,6.279,6.279,7.48,7.4803,0.0,1.00327975e-06,1.2796589949999999e-05,171278.0,56092.0,115186.0,0.672509,-1.5,1,946686561,946686554,7,0.721,6,1,1,1,0,0,,0,4,3,1,0
run2-tbt-10s,1,nazionale,10,none,true,12,169,15,1,3,3,1,m1,1adtRPUq4ybX3pziYy2xMkFSGwepw299oQivBt,1,m2,m2,1,0,1,2,13.271,13.696,0.425,0.4252,0.425,1.08389889e-05,1.8548543999999987e-06,171278.0,130248.0,41030.0,0.672509,-0.833,1,946686575,946686561,14,0.304,13,1,1,1,0,0,,0,9,4,1,0
run2-tbt-10s,1,nazionale,10,none,true,12,170,15,1,3,3,1,m1,1adtRPUq4ybX3pziYy2xMkFSGwepw299oQivBt,1,m1,m1,1,1,0,1,9.518,9.518,1.938,1.9376,0.0,3.70863688e-06,2.6578972200000005e-06,171278.0,56092.0,115186.0,0.672509,-0.917,1,946686585,946686575,10,0.482,9,1,1,1,0,0,,0,5,5,1,0
run2-tbt-10s,1,nazionale,10,none,true,12,171,15,1,3,3,1,m1,1adtRPUq4ybX3pziYy2xMkFSGwepw299oQivBt,1,m1,m1,1,1,0,1,8.778,8.778,6.02,6.0199,0.0,2.96089767e-06,4.5832207930000005e-05,171278.0,56092.0,115186.0,0.672509,-1.0,1,946686594,946686585,9,0.222,8,1,1,1,0,0,,0,4,6,1,0
run2-tbt-10s,1,nazionale,10,none,true,12,172,15,1,3,3,1,m3,1PZ3gzLZ6RaKq1ZtUUs5657xvQwtwxQH2tMqJa,1,m3,m3,1,1,0,1,8.203,8.203,3.928,3.9282,0.0,2.4287943e-06,5.28395397e-06,171278.0,156216.0,15062.0,0.087939,-1.0,1,946686603,946686594,9,0.797,8,1,1,1,0,0,,0,5,1,0,0
run2-tbt-10s,1,nazionale,10,none,true,12,173,15,1,3,3,1,m2,19kvdJGdyLyMu8NcGpqistnByR71TSqfptkRQe,1,m2,m2,1,1,0,1,7.564,7.564,0.941,0.941,0.0,1.80848694e-06,8.014417999999999e-07,171278.0,130248.0,41030.0,0.239552,-0.5,1,946686612,946686603,9,1.436,7,2,1,1,1,1,000a37c780c265501e871cdc5a8fa2693a80fe91e68d70db567a869a3082d6cc,0,3,1,0,0
run2-tbt-10s,1,nazionale,10,none,true,12,174,15,1,3,3,1,m3,1PZ3gzLZ6RaKq1ZtUUs5657xvQwtwxQH2tMqJa,1,m3,m3,1,1,0,1,10.75,10.75,2.994,2.9932,0.0,5.08858389e-06,7.34021201e-06,171278.0,156216.0,15062.0,0.087939,-0.333,1,946686624,946686612,12,1.25,10,2,1,1,0,0,,0,9,1,0,0
run2-tbt-10s,1,nazionale,10,none,true,12,175,15,1,3,3,1,m3,1PZ3gzLZ6RaKq1ZtUUs5657xvQwtwxQH2tMqJa,1,m1,m1,1,0,1,3,14.089,14.916,0.492,0.492,0.827,1.42676396e-05,5.1696959000000015e-06,174655.0,59469.0,115186.0,0.076482,-0.417,1,946686639,946686624,15,0.084,14,1,1,1,0,0,,0,5,2,1,0
run2-tbt-10s,1,nazionale,10,none,true,12,176,15,1,3,3,1,m3,1PZ3gzLZ6RaKq1ZtUUs5657xvQwtwxQH2tMqJa,1,m3,m3,1,1,0,1,7.28,7.28,3.808,3.8077,0.0,1.59407148e-06,4.00323924e-06,174655.0,161297.0,13358.0,0.076482,-0.75,1,946686647,946686639,8,0.72,7,1,1,1,0,0,,0,6,3,1,0
run2-tbt-10s,1,nazionale,10,none,true,12,177,15,1,3,3,1,m1,1adtRPUq4ybX3pziYy2xMkFSGwepw299oQivBt,1,m1,m1,1,1,0,1,11.32,11.32,3.424,3.4234,0.0,5.80250357e-06,1.6417272630000002e-05,174655.0,59469.0,115186.0,0.659506,-0.25,1,946686660,946686647,13,1.68,11,2,1,1,0,0,,0,3,1,0,0
run2-tbt-10s,1,nazionale,10,none,true,12,178,15,1,3,3,1,m1,1adtRPUq4ybX3pziYy2xMkFSGwepw299oQivBt,1,m1,m1,1,1,0,1,11.864,11.864,0.716,0.7156,0.0,6.85723435e-06,1.5489555099999997e-06,174655.0,59469.0,115186.0,0.659506,-0.583,1,946686672,946686660,12,0.136,11,1,1,1,0,0,,0,7,2,1,0
run2-tbt-10s,1,nazionale,10,none,true,12,179,15,1,3,3,1,m2,19kvdJGdyLyMu8NcGpqistnByR71TSqfptkRQe,1,m2,m2,1,1,0,1,8.349,8.349,3.871,3.8717,0.0,2.4213039e-06,5.11835256e-06,174655.0,128544.0,46111.0,0.264012,-0.5,1,946686681,946686672,9,0.651,8,1,1,1,0,0,,0,5,1,0,0
run2-tbt-10s,1,nazionale,10,none,true,12,180,16,1,3,3,1,m2,19kvdJGdyLyMu8NcGpqistnByR71TSqfptkRQe,1,m2,m2,1,1,0,1,6.588,6.588,5.577,5.5763,0.0,1.07021021e-06,6.38669785e-06,174655.0,128544.0,46111.0,0.264012,-0.583,1,946686688,946686681,7,0.412,6,1,1,1,0,0,,0,2,2,1,0
run2-tbt-10s,1,nazionale,10,none,true,12,181,16,1,3,3,1,m1,1adtRPUq4ybX3pziYy2xMkFSGwepw299oQivBt,1,m1,m1,1,1,0,1,5.355,5.355,2.606,2.6056,0.0,2.76773202e-07,1.829101958e-06,174655.0,59469.0,115186.0,0.659506,-0.583,1,946686695,946686688,7,1.645,5,2,1,1,0,0,,0,8,1,0,0
run2-tbt-10s,1,nazionale,10,none,true,12,182,16,1,3,3,1,m2,19kvdJGdyLyMu8NcGpqistnByR71TSqfptkRQe,1,m2,m2,1,1,0,1,11.322,11.322,3.598,3.5981,0.0,5.726377e-06,2.19026862e-05,174655.0,128544.0,46111.0,0.264012,0.0,1,946686708,946686695,13,1.678,11,2,1,1,0,0,,0,4,1,0,0
run2-tbt-10s,1,nazionale,10,none,true,12,183,16,1,3,3,1,m1,1adtRPUq4ybX3pziYy2xMkFSGwepw299oQivBt,1,m1,m1,1,1,0,1,9.096,9.096,5.742,5.7412,0.0,3.06616876e-06,2.263132784e-05,174655.0,59469.0,115186.0,0.659506,-0.25,1,946686719,946686708,11,1.904,9,2,1,1,0,0,,0,9,1,0,0
run2-tbt-10s,1,nazionale,10,none,true,12,184,16,1,3,3,1,m1,1adtRPUq4ybX3pziYy2xMkFSGwepw299oQivBt,1,m1,m1,1,1,0,1,6.62,6.62,8.097,8.0974,0.0,1.06887406e-06,2.133952864e-05,174655.0,59469.0,115186.0,0.659506,-0.417,1,946686727,946686719,8,1.38,6,2,1,1,0,0,,0,5,2,1,0
run2-tbt-10s,1,nazionale,10,none,true,12,185,16,1,3,3,1,m1,1adtRPUq4ybX3pziYy2xMkFSGwepw299oQivBt,1,m1,m1,1,1,0,1,13.073,13.073,1.287,1.2864,0.0,9.63064039e-06,6.73650931e-06,174655.0,59469.0,115186.0,0.659506,-0.333,1,946686740,946686727,13,-0.073,13,0,1,1,0,0,,0,3,3,1,0
run2-tbt-10s,1,nazionale,10,none,true,12,186,16,1,3,3,1,m1,1adtRPUq4ybX3pziYy2xMkFSGwepw299oQivBt,1,m1,m1,1,1,0,1,6.183,6.183,8.308,8.3072,0.0,8.08362469e-07,1.7974665530999998e-05,174655.0,59469.0,115186.0,0.659506,-0.667,1,946686747,946686740,7,0.817,6,1,1,1,0,0,,0,7,4,1,0
run2-tbt-10s,1,nazionale,10,none,true,12,187,16,1,3,3,1,m3,1PZ3gzLZ6RaKq1ZtUUs5657xvQwtwxQH2tMqJa,1,m3,m3,1,1,0,1,5.682,5.682,2.79,2.7902,0.0,4.69214851e-07,2.211323109e-06,161975.0,148617.0,13358.0,0.08247,-0.25,1,946686754,946686747,7,1.318,5,2,1,1,0,0,,0,3,1,0,0
run2-tbt-10s,1,nazionale,10,none,true,12,188,16,1,3,3,1,m2,19kvdJGdyLyMu8NcGpqistnByR71TSqfptkRQe,1,m2,m2,1,1,0,1,13.154,13.154,0.66,0.6605,0.0,1.01575516e-05,2.5870736e-06,161975.0,118491.0,43484.0,0.268461,0.417,1,946686768,946686754,14,0.846,13,1,1,1,0,0,,0,7,1,0,0
run2-tbt-10s,1,nazionale,10,none,true,12,189,16,1,3,3,1,m2,19kvdJGdyLyMu8NcGpqistnByR71TSqfptkRQe,1,m2,m2,1,1,0,1,7.11,7.11,5.207,5.2072,0.0,1.47601247e-06,6.685079479999999e-06,161975.0,118491.0,43484.0,0.268461,-0.083,1,946686776,946686768,8,0.89,7,1,1,1,0,0,,0,4,2,1,0
run2-tbt-10s,1,nazionale,10,none,true,12,190,16,1,3,3,1,m1,1adtRPUq4ybX3pziYy2xMkFSGwepw299oQivBt,1,m1,m1,1,1,0,1,12.832,12.832,2.233,2.2323,0.0,9.25215592e-06,4.312425818e-05,161975.0,56842.0,105133.0,0.649069,0.333,1,946686791,946686776,15,2.168,12,3,1,1,0,0,,0,7,1,0,0
run2-tbt-10s,1,nazionale,10,none,true,12,191,16,1,3,3,1,m1,1adtRPUq4ybX3pziYy2xMkFSGwepw299oQivBt,1,m2,m2,1,0,1,2,14.675,14.772,0.097,0.0975,0.097,2.08388077e-05,2.071291199999997e-06,161975.0,118491.0,43484.0,0.649069,0.083,1,946686806,946686791,15,0.228,14,1,1,1,0,0,,0,6,2,1,0
run2-tbt-10s,1,nazionale,10,none,true,12,192,17,1,3,3,1,m1,1adtRPUq4ybX3pziYy2xMkFSGwepw299oQivBt,1,m1,m1,1,1,0,1,9.778,9.778,2.976,2.9765,0.0,4.11033643e-06,5.34417676e-06,161975.0,56842.0,105133.0,0.649069,-0.417,1,946686816,946686806,10,0.222,9,1,1,1,0,0,,0,4,3,1,0
run2-tbt-10s,1,nazionale,10,none,true,12,193,17,1,3,3,1,m1,1adtRPUq4ybX3pziYy2xMkFSGwepw299oQivBt,1,m1,m1,1,1,0,1,11.173,11.173,3.456,3.4561,0.0,6.14816007e-06,1.6929656930000002e-05,161975.0,56842.0,105133.0,0.649069,-0.667,1,946686828,946686816,12,0.827,11,1,1,1,0,0,,0,8,4,1,0
run2-tbt-10s,1,nazionale,10,none,true,12,194,17,1,3,3,1,m1,1adtRPUq4ybX3pziYy2xMkFSGwepw299oQivBt,1,m2,m2,1,0,1,2,12.38,14.283,1.903,1.9027,1.903,8.80231657e-06,9.68573733e-06,161975.0,118491.0,43484.0,0.649069,-1.083,1,946686842,946686828,14,-0.283,14,0,1,1,1,1,001e9bcf99315798780af8fd21339ed01864923e0611aac1ea767bf1c3ef2efb,0,8,5,1,0
run2-tbt-10s,1,nazionale,10,none,true,12,195,17,1,3,3,1,m1,1adtRPUq4ybX3pziYy2xMkFSGwepw299oQivBt,1,m1,m1,1,1,0,1,7.679,7.679,6.441,6.4419,0.0,2.12484892e-06,1.4786301480000002e-05,161975.0,56842.0,105133.0,0.649069,-1.167,1,946686850,946686842,8,0.321,7,1,1,1,0,0,,0,3,6,1,0
run2-tbt-10s,1,nazionale,10,none,true,12,196,17,1,3,3,1,m2,19kvdJGdyLyMu8NcGpqistnByR71TSqfptkRQe,1,m2,m2,1,1,0,1,7.043,7.043,4.257,4.2571,0.0,1.554536e-06,4.8971365699999996e-06,161975.0,118491.0,43484.0,0.268461,-0.917,1,946686859,946686850,9,1.957,7,2,1,1,0,0,,0,4,1,0,0
run2-tbt-10s,1,nazionale,10,none,true,12,197,17,1,3,3,1,m1,1adtRPUq4ybX3pziYy2xMkFSGwepw299oQivBt,1,m1,m1,1,1,0,1,10.805,10.805,3.955,3.9552,0.0,5.66489885e-06,2.846216185e-05,161975.0,56842.0,105133.0,0.649069,-1.0,1,946686871,946686859,12,1.195,10,2,1,1,0,0,,0,7,1,0,0
run2-tbt-10s,1,nazionale,10,none,true,12,198,17,1,3,3,1,m1,1adtRPUq4ybX3pziYy2xMkFSGwepw299oQivBt,1,m2,m2,1,0,1,2,9.138,9.389,0.251,0.2504,0.251,3.49393081e-06,2.7848769e-07,161975.0,118491.0,43484.0,0.649069,-0.917,1,946686881,946686871,10,0.611,9,1,1,1,0,0,,0,7,2,1,0
run2-tbt-10s,1,nazionale,10,none,true,12,199,17,1,3,3,1,m1,1adtRPUq4ybX3pziYy2xMkFSGwepw299oQivBt,1,m1,m1,1,1,0,1,6.98,6.98,4.54,4.5402,0.0,1.5726716e-06,5.499936519999999e-06,159058.0,51971.0,107087.0,0.673258,-1.167,1,946686889,946686881,8,1.02,6,2,1,1,0,0,,0,3,3,1,0
run2-tbt-10s,1,nazionale,10,none,true,12,200,17,1,3,3,1,m1,1adtRPUq4ybX3pziYy2xMkFSGwepw299oQivBt,1,m1,m1,1,1,0,1,9.315,9.315,5.432,5.4326,0.0,3.83306729e-06,4.805683631e-05,159058.0,51971.0,107087.0,0.673258,-1.25,1,946686899,946686889,10,0.685,9,1,1,1,0,0,,0,4,4,1,0
run2-tbt-10s,1,nazionale,10,none,true,12,201,17,1,3,3,1,m1,1adtRPUq4ybX3pziYy2xMkFSGwepw299oQivBt,1,m1,m1,1,1,0,1,10.011,10.011,4.369,4.3693,0.0,4.60679344e-06,1.507972736e-05,159058.0,51971.0,107087.0,0.673258,-0.917,1,946686910,946686899,11,0.989,10,1,1,1,0,0,,0,6,5,1,0
run2-tbt-10s,1,nazionale,10,none,true,12,202,17,1,3,3,1,m1,1adtRPUq4ybX3pziYy2xMkFSGwepw299oQivBt,1,m2,m2,1,0,1,2,11.087,12.392,1.305,1.3051,1.305,6.28608923e-06,2.754239230000001e-06,159058.0,118028.0,41030.0,0.673258,-1.167,1,946686923,946686910,13,0.608,12,1,1,1,1,1,008161e31bca8cb276a22ac7fd9b0a153996333eb0538b0c8d1c6da1135d654d,0,6,6,1,0
run2-tbt-10s,1,nazionale,10,none,true,12,203,17,1,3,3,1,m1,1adtRPUq4ybX3pziYy2xMkFSGwepw299oQivBt,1,m1,m1,1,1,0,1,11.02,11.02,3.069,3.0693,0.0,6.11568415e-06,1.0359329649999999e-05,159058.0,51971.0,107087.0,0.673258,-1.0,0,946686935,946686923,12,0.98,11,1,1,1,0,0,,0,5,7,1,0
run2-tbt-10s,1,nazionale,10,none,true,12,204,18,1,3,3,1,m2,19kvdJGdyLyMu8NcGpqistnByR71TSqfptkRQe,1,m2,m2,1,1,0,1,9.809,9.809,2.69,2.6895,0.0,4.30706683e-06,4.7949510200000005e-06,159058.0,118028.0,41030.0,0.257956,-0.75,1,946686946,946686935,11,1.191,9,2,1,1,0,0,,0,5,1,0,0
run2-tbt-10s,1,nazionale,10,none,true,12,205,18,1,3,3,1,m1,1adtRPUq4ybX3pziYy2xMkFSGwepw299oQivBt,1,m1,m1,1,1,0,1,12.231,12.231,2.485,2.4844,0.0,8.46451219e-06,1.947450811e-05,159058.0,51971.0,107087.0,0.673258,-0.833,1,946686959,946686946,13,0.769,12,1,1,1,0,0,,0,9,1,0,0
run2-tbt-10s,1,nazionale,10,none,true,12,206,18,1,3,3,1,m3,1PZ3gzLZ6RaKq1ZtUUs5657xvQwtwxQH2tMqJa,1,m3,m3,1,1,0,1,9.98,9.98,4.738,4.738,0.0,4.56670053e-06,2.447606587e-05,159058.0,148117.0,10941.0,0.068786,-0.917,1,946686971,946686959,12,2.02,9,3,1,1,0,0,,0,6,1,0,0
run2-tbt-10s,1,nazionale,10,none,true,12,207,18,1,3,3,1,m1,1adtRPUq4ybX3pziYy2xMkFSGwepw299oQivBt,1,m1,m1,1,1,0,1,5.32,5.32,9.208,9.2075,0.0,3.02925436e-07,2.1295840764e-05,159058.0,51971.0,107087.0,0.673258,-0.75,1,946686977,946686971,6,0.68,5,1,1,1,0,0,,0,3,1,0,0
run2-tbt-10s,1,nazionale,10,none,true,12,208,18,1,3,3,1,m1,1adtRPUq4ybX3pziYy2xMkFSGwepw299oQivBt,1,m1,m1,1,1,0,1,5.045,5.045,7.653,7.6536,0.0,1.02229579e-07,9.459837661e-06,159058.0,51971.0,107087.0,0.673258,-0.583,1,946686982,946686977,5,-0.045,5,0,1,1,0,0,,0,4,2,1,0
run2-tbt-10s,1,nazionale,10,none,true,12,209,18,1,3,3,1,m1,1adtRPUq4ybX3pziYy2xMkFSGwepw299oQivBt,1,m1,m1,1,1,0,1,12.154,12.154,2.796,2.796,0.0,8.01172738e-06,5.865640392e-05,159058.0,51971.0,107087.0,0.673258,-0.25,1,946686995,946686982,13,0.846,12,1,1,1,0,0,,0,4,3,1,0
run2-tbt-10s,1,nazionale,10,none,true,12,210,18,1,3,3,1,m1,1adtRPUq4ybX3pziYy2xMkFSGwepw299oQivBt,1,m1,m1,1,1,0,1,10.088,10.088,4.808,4.8083,0.0,4.55528643e-06,3.062790497e-05,159058.0,51971.0,107087.0,0.673258,-0.333,1,946687006,946686995,11,0.912,10,1,1,1,0,0,,0,8,4,1,0
run2-tbt-10s,1,nazionale,10,none,true,12,211,18,1,3,3,1,m1,1adtRPUq4ybX3pziYy2xMkFSGwepw299oQivBt,1,m1,m1,1,1,0,1,7.256,7.256,6.084,6.0835,0.0,1.58582953e-06,9.404495170000001e-06,168077.0,54388.0,113689.0,0.67641,-0.417,1,946687014,946687006,8,0.744,7,1,1,1,0,0,,0,4,5,1,0
run2-tbt-10s,1,nazionale,10,none,true,12,212,18,1,3,3,1,m1,1adtRPUq4ybX3pziYy2xMkFSGwepw299oQivBt,1,m2,m2,1,0,1,2,7.308,8.156,0.848,0.8473,0.848,1.62612837e-06,7.025047400000001e-07,168077.0,127047.0,41030.0,0.67641,-0.417,1,946687023,946687014,9,0.844,8,1,1,1,1,1,009d2929fef230838f179330152df69201ea9cadd4bb356f9423f6bc22e413ec,0,4,6,1,0
run2-tbt-10s,1,nazionale,10,none,true,12,213,18,1,3,3,1,m1,1adtRPUq4ybX3pziYy2xMkFSGwepw299oQivBt,1,m1,m1,1,1,0,1,9.674,9.674,5.066,5.0656,0.0,3.82366013e-06,1.965414067e-05,168077.0,54388.0,113689.0,0.67641,-0.333,1,946687033,946687023,10,0.326,9,1,1,1,0,0,,0,4,7,1,0
run2-tbt-10s,1,nazionale,10,none,true,12,214,18,1,3,3,1,m1,1adtRPUq4ybX3pziYy2xMkFSGwepw299oQivBt,1,m1,m1,1,1,0,1,12.241,12.241,2.469,2.4688,0.0,7.7703059e-06,1.4415320999999998e-05,168077.0,54388.0,113689.0,0.67641,-0.25,1,946687046,946687033,13,0.759,12,1,1,1,0,0,,0,7,8,1,0
run2-tbt-10s,1,nazionale,10,none,true,12,215,18,1,3,3,1,m1,1adtRPUq4ybX3pziYy2xMkFSGwepw299oQivBt,1,m1,m1,1,1,0,1,12.864,12.864,1.915,1.9151,0.0,9.32574434e-06,1.4890463859999998e-05,168077.0,54388.0,113689.0,0.67641,-0.25,1,946687059,946687046,13,0.136,12,1,1,1,0,0,,0,3,9,1,0
run2-tbt-10s,1,nazionale,10,none,true,12,216,19,1,3,3,1,m1,1adtRPUq4ybX3pziYy2xMkFSGwepw299oQivBt,1,m1,m1,1,1,0,1,7.391,7.391,7.316,7.316,0.0,1.67818371e-06,2.0861171689999998e-05,168077.0,54388.0,113689.0,0.67641,-0.333,1,946687067,946687059,8,0.609,7,1,1,1,0,0,,0,6,10,1,0
run2-tbt-10s,1,nazionale,10,none,true,12,217,19,1,3,3,1,m1,1adtRPUq4ybX3pziYy2xMkFSGwepw299oQivBt,1,m1,m1,1,1,0,1,7.896,7.896,4.742,4.7417,0.0,2.04867753e-06,6.579549830000001e-06,168077.0,54388.0,113689.0,0.67641,-0.083,1,946687076,946687067,9,1.104,7,2,1,1,0,0,,0,6,11,1,0
run2-tbt-10s,1,nazionale,10,none,true,12,218,19,1,3,3,1,m2,19kvdJGdyLyMu8NcGpqistnByR71TSqfptkRQe,1,m2,m2,1,1,0,1,6.417,6.417,1.741,1.7409,0.0,8.74703143e-07,1.340009617e-06,168077.0,127047.0,41030.0,0.244114,0.25,1,946687083,946687076,7,0.583,6,1,1,1,0,0,,0,6,1,0,0
run2-tbt-10s,1,nazionale,10,none,true,12,219,19,1,3,3,1,m1,1adtRPUq4ybX3pziYy2xMkFSGwepw299oQivBt,1,m1,m1,1,1,0,1,7.677,7.677,5.491,5.4906,0.0,1.74648619e-06,7.932396780000001e-06,168077.0,54388.0,113689.0,0.67641,0.667,1,946687092,946687083,9,1.323,7,2,1,1,0,0,,0,4,1,0,0
run2-tbt-10s,1,nazionale,10,none,true,12,220,19,1,3,3,1,m1,1adtRPUq4ybX3pziYy2xMkFSGwepw299oQivBt,1,m1,m1,1,1,0,1,13.852,13.852,1.148,1.1485,0.0,1.24596476e-05,1.60373068e-05,168077.0,54388.0,113689.0,0.67641,0.417,1,946687107,946687092,15,1.148,13,2,1,1,0,0,,0,6,2,1,0
run2-tbt-10s,1,nazionale,10,none,true,12,221,19,1,3,3,1,m1,1adtRPUq4ybX3pziYy2xMkFSGwepw299oQivBt,1,m1,m1,1,1,0,1,8.971,8.971,5.943,5.943,0.0,3.09362759e-06,4.639629671e-05,168077.0,54388.0,113689.0,0.67641,-0.417,1,946687116,946687107,9,0.029,8,1,1,1,0,0,,0,5,3,1,0
run2-tbt-10s,1,nazionale,10,none,true,12,222,19,1,3,3,1,m1,1adtRPUq4ybX3pziYy2xMkFSGwepw299oQivBt,1,m1,m1,1,1,0,1,13.118,13.118,1.605,1.6046,0.0,9.9900089e-06,1.1706536199999999e-05,168077.0,54388.0,113689.0,0.67641,-0.083,1,946687130,946687116,14,0.882,13,1,1,1,0,0,,0,8,4,1,0
run2-tbt-10s,1,nazionale,10,none,true,12,223,19,1,3,3,1,m1,1adtRPUq4ybX3pziYy2xMkFSGwepw299oQivBt,1,m1,m1,1,1,0,1,10.181,10.181,4.502,4.5024,0.0,4.80879214e-06,1.903735806e-05,154706.0,49116.0,105590.0,0.68252,-0.333,1,946687141,946687130,11,0.819,10,1,1,1,0,0,,0,6,5,1,0
run2-tbt-10s,1,nazionale,10,none,true,12,224,19,1,3,3,1,m1,1adtRPUq4ybX3pziYy2xMkFSGwepw299oQivBt,1,m1,m1,1,1,0,1,13.919,13.919,0.956,0.9557,0.0,1.51213441e-05,3.08204278e-05,154706.0,49116.0,105590.0,0.68252,-0.583,1,946687155,946687141,14,0.081,13,1,1,1,0,0,,0,4,6,1,0
run2-tbt-10s,1,nazionale,10,none,true,12,225,19,1,3,3,1,m2,19kvdJGdyLyMu8NcGpqistnByR71TSqfptkRQe,1,m2,m2,1,1,0,1,5.563,5.563,4.327,4.3269,0.0,5.13271189e-07,4.084954661e-06,154706.0,118948.0,35758.0,0.231135,-1.0,1,946687162,946687155,7,1.437,5,2,1,1,0,0,,0,5,1,0,0
run2-tbt-10s,1,nazionale,10,none,true,12,226,19,1,3,3,1,m2,19kvdJGdyLyMu8NcGpqistnByR71TSqfptkRQe,1,m2,m2,1,1,0,1,14.715,14.715,0.123,0.1231,0.0,2.78122669e-05,1.5543724e-05,154706.0,118948.0,35758.0,0.231135,-0.75,1,946687178,946687162,16,1.285,14,2,1,1,0,0,,0,6,2,1,0
run2-tbt-10s,1,nazionale,10,none,true,12,227,19,1,3,3,1,m1,1adtRPUq4ybX3pziYy2xMkFSGwepw299oQivBt,1,m1,m1,1,1,0,1,11.737,11.737,2.927,2.927,0.0,7.64748865e-06,2.012474125e-05,154706.0,49116.0,105590.0,0.68252,-1.0,1,946687191,946687178,13,1.263,11,2,1,1,0,0,,0,7,1,0,0
run2-tbt-10s,1,nazionale,10,none,true,12,228,20,1,3,3,1,m1,1adtRPUq4ybX3pziYy2xMkFSGwepw299oQivBt,1,m1,m1,1,1,0,1,7.497,7.497,4.91,4.91,0.0,2.03165907e-06,7.212173120000001e-06,154706.0,49116.0,105590.0,0.68252,-1.0,1,946687199,946687191,8,0.503,7,1,1,1,0,0,,0,3,2,1,0
run2-tbt-10s,1,nazionale,10,none,true,12,229,20,1,3,3,1,m1,1adtRPUq4ybX3pziYy2xMkFSGwepw299oQivBt,1,m1,m1,1,1,0,1,7.452,7.452,3.365,3.365,0.0,1.99213985e-06,3.95873841e-06,154706.0,49116.0,105590.0,0.68252,-1.0,1,946687207,946687199,8,0.548,7,1,1,1,0,0,,0,8,3,1,0
run2-tbt-10s,1,nazionale,10,none,true,12,230,20,1,3,3,1,m1,1adtRPUq4ybX3pziYy2xMkFSGwepw299oQivBt,1,m1,m1,1,1,0,1,6.848,6.848,7.397,7.3973,0.0,1.46751902e-06,1.703183388e-05,154706.0,49116.0,105590.0,0.68252,-0.917,1,946687214,946687207,7,0.152,6,1,1,1,0,0,,0,2,4,1,0
run2-tbt-10s,1,nazionale,10,none,true,12,231,20,1,3,3,1,m2,19kvdJGdyLyMu8NcGpqistnByR71TSqfptkRQe,1,m2,m2,1,1,0,1,6.042,6.042,4.489,4.4891,0.0,8.44831386e-07,4.632061504e-06,154706.0,118948.0,35758.0,0.231135,-0.917,1,946687222,946687214,8,1.958,6,2,1,1,0,0,,0,6,1,0,0
run2-tbt-10s,1,nazionale,10,none,true,12,232,20,1,3,3,1,m2,19kvdJGdyLyMu8NcGpqistnByR71TSqfptkRQe,1,m1,m1,1,0,1,3,14.364,14.817,0.392,0.3919,0.453,1.97794903e-05,1.1673962999999999e-05,154706.0,49116.0,105590.0,0.231135,-0.833,1,946687237,946687222,15,0.183,14,1,1,1,0,0,,0,6,2,1,0
run2-tbt-10s,1,nazionale,10,none,true,12,233,20,1,3,3,1,m3,1PZ3gzLZ6RaKq1ZtUUs5657xvQwtwxQH2tMqJa,1,m3,m3,1,1,0,1,10.515,10.515,4.008,4.008,0.0,5.42785309e-06,1.702041301e-05,154706.0,141348.0,13358.0,0.086344,-0.833,1,946687249,946687237,12,1.485,10,2,1,1,0,0,,0,5,1,0,0
run2-tbt-10s,1,nazionale,10,none,true,12,234,20,1,3,3,1,m1,1adtRPUq4ybX3pziYy2xMkFSGwepw299oQivBt,1,m1,m1,1,1,0,1,5.889,5.889,7.408,7.4081,0.0,7.57616488e-07,1.1566035412e-05,154706.0,49116.0,105590.0,0.68252,-1.083,1,946687256,946687249,7,1.111,5,2,1,1,0,0,,0,7,1,0,0
run2-tbt-10s,1,nazionale,10,none,true,12,235,20,1,3,3,1,m1,1adtRPUq4ybX3pziYy2xMkFSGwepw299oQivBt,1,m1,m1,1,1,0,1,12.317,12.317,2.569,2.5687,0.0,7.7823116e-06,2.9902607999999996e-05,173942.0,58756.0,115186.0,0.662209,-0.5,1,946687269,946687256,13,0.683,12,1,1,1,0,0,,0,7,2,1,0
run2-tbt-10s,1,nazionale,10,none,true,12,236,20,1,3,3,1,m1,1adtRPUq4ybX3pziYy2xMkFSGwepw299oQivBt,1,m1,m1,1,1,0,1,5.607,5.607,6.611,6.6105,0.0,4.4246413e-07,7.195195850000001e-06,173942.0,58756.0,115186.0,0.662209,-0.667,1,946687276,946687269,7,1.393,5,2,1,1,0,0,,0,1,3,1,0
run2-tbt-10s,1,nazionale,10,none,true,12,237,20,1,3,3,1,m1,1adtRPUq4ybX3pziYy2xMkFSGwepw299oQivBt,1,m1,m1,1,1,0,1,8.419,8.419,5.705,5.7049,0.0,2.41973246e-06,1.168701504e-05,173942.0,58756.0,115186.0,0.662209,-0.083,1,946687285,946687276,9,0.581,8,1,1,1,0,0,,0,5,4,1,0
run2-tbt-10s,1,nazionale,10,none,true,12,238,20,1,3,3,1,m1,1adtRPUq4ybX3pziYy2xMkFSGwepw299oQivBt,1,m1,m1,1,1,0,1,7.5,7.5,5.495,5.4948,0.0,1.69234162e-06,7.69069938e-06,173942.0,58756.0,115186.0,0.662209,-0.25,1,946687293,946687285,8,0.5,7,1,1,1,0,0,,0,4,5,1,0
run2-tbt-10s,1,nazionale,10,none,true,12,239,20,1,3,3,1,m2,19kvdJGdyLyMu8NcGpqistnByR71TSqfptkRQe,1,m2,m2,1,1,0,1,11.774,11.774,1.015,1.0157,0.0,6.35668395e-06,2.1072066499999993e-06,173942.0,127831.0,46111.0,0.265094,0.417,1,946687305,946687293,12,0.226,11,1,1,1,0,0,,0,6,1,0,0
run2-tbt-10s,1,nazionale,10,none,true,12,240,21,1,3,3,1,m1,1adtRPUq4ybX3pziYy2xMkFSGwepw299oQivBt,1,m1,m1,1,1,0,1,9.207,9.207,2.892,2.8915,0.0,3.04041972e-06,3.87871675e-06,173942.0,58756.0,115186.0,0.662209,0.5,1,946687316,946687305,11,1.793,9,2,1,1,0,0,,0,4,1,0,0
run2-tbt-10s,1,nazionale,10,none,true,12,241,21,1,3,3,1,m2,19kvdJGdyLyMu8NcGpqistnByR71TSqfptkRQe,1,m2,m2,1,1,0,1,13.884,13.884,0.696,0.6962,0.0,1.23539313e-05,5.223977799999999e-06,173942.0,127831.0,46111.0,0.265094,0.25,1,946687331,946687316,15,1.116,13,2,1,1,0,0,,0,11,1,0,0
run2-tbt-10s,1,nazionale,10,none,true,12,242,21,1,3,3,1,m2,19kvdJGdyLyMu8NcGpqistnByR71TSqfptkRQe,1,m2,m2,1,1,0,1,12.25,12.25,2.491,2.4916,0.0,7.56219344e-06,1.5160248060000001e-05,173942.0,127831.0,46111.0,0.265094,-0.333,1,946687344,946687331,13,0.75,12,1,1,1,0,0,,0,7,2,1,0
run2-tbt-10s,1,nazionale,10,none,true,12,243,21,1,3,3,1,m2,19kvdJGdyLyMu8NcGpqistnByR71TSqfptkRQe,1,m2,m2,1,1,0,1,8.52,8.52,6.194,6.1939,0.0,2.6443939e-06,2.28276114e-05,173942.0,127831.0,46111.0,0.265094,-0.833,1,946687353,946687344,9,0.48,8,1,1,1,0,0,,0,4,3,1,0
run2-tbt-10s,1,nazionale,10,none,true,12,244,21,1,3,3,1,m1,1adtRPUq4ybX3pziYy2xMkFSGwepw299oQivBt,1,m1,m1,1,1,0,1,13.316,13.316,1.429,1.429,0.0,1.09044489e-05,1.74936036e-05,173942.0,58756.0,115186.0,0.662209,-0.917,1,946687368,946687353,15,1.684,13,2,1,1,1,1,00987895c107903258e5d538406695f9c50e0b033573e4763aba97b5a32f8f7b,0,7,1,0,0
run2-tbt-10s,1,nazionale,10,none,true,12,245,21,1,3,3,1,m1,1adtRPUq4ybX3pziYy2xMkFSGwepw299oQivBt,1,m1,m1,1,1,0,1,5.753,5.753,4.279,4.2794,0.0,5.65200387e-07,3.6732371930000004e-06,173942.0,58756.0,115186.0,0.662209,-0.917,1,946687375,946687368,7,1.247,5,2,1,1,0,0,,0,3,2,1,0
run2-tbt-10s,1,nazionale,10,none,true,12,246,21,1,3,3,1,m1,1adtRPUq4ybX3pziYy2xMkFSGwepw299oQivBt,1,m1,m1,1,1,0,1,14.652,14.652,0.06,0.0601,0.0,2.12590931e-05,1.596098000000001e-06,173942.0,58756.0,115186.0,0.662209,-0.5,1,946687390,946687375,15,0.348,14,1,1,1,0,0,,0,10,3,1,0
run2-tbt-10s,1,nazionale,10,none,true,12,247,21,1,3,3,1,m2,19kvdJGdyLyMu8NcGpqistnByR71TSqfptkRQe,1,m2,m2,1,1,0,1,9.001,9.001,5.719,5.7187,0.0,3.57255714e-06,3.124759626e-05,154149.0,115745.0,38404.0,0.249136,-1.167,1,946687401,946687390,11,1.999,9,2,1,1,0,0,,0,5,1,0,0
run2-tbt-10s,1,nazionale,10,none,true,12,248,21,1,3,3,1,m1,1adtRPUq4ybX3pziYy2xMkFSGwepw299oQivBt,1,m1,m1,1,1,0,1,12.691,12.691,2.081,2.0809,0.0,1.00974474e-05,2.80722343e-05,154149.0,50057.0,104092.0,0.675269,-1.0,1,946687416,946687401,15,2.309,12,3,1,1,0,0,,0,6,1,0,0
run2-tbt-10s,1,nazionale,10,none,true,12,249,21,1,3,3,1,m2,19kvdJGdyLyMu8NcGpqistnByR71TSqfptkRQe,1,m2,m2,1,1,0,1,5.075,5.075,7.689,7.689,0.0,2.70148071e-07,1.0492673929e-05,154149.0,115745.0,38404.0,0.249136,-1.667,1,946687422,946687416,6,0.925,5,1,1,1,0,0,,0,4,1,0,0
run2-tbt-10s,1,nazionale,10,none,true,12,250,21,1,3,3,1,m1,1adtRPUq4ybX3pziYy2xMkFSGwepw299oQivBt,1,m1,m1,1,1,0,1,10.39,10.39,4.257,4.2571,0.0,5.43433267e-06,2.675854653e-05,154149.0,50057.0,104092.0,0.675269,-1.417,1,946687435,946687422,13,2.61,10,3,1,1,0,0,,0,4,1,0,0
run2-tbt-10s,1,nazionale,10,none,true,12,251,21,1,3,3,1,m1,1adtRPUq4ybX3pziYy2xMkFSGwepw299oQivBt,1,m1,m1,1,1,0,1,12.62,12.62,1.833,1.8334,0.0,1.03965216e-05,1.56526911e-05,154149.0,50057.0,104092.0,0.675269,-1.833,1,946687448,946687435,13,0.38,12,1,1,1,0,0,,0,7,2,1,0
run2-tbt-10s,1,nazionale,10,none,true,12,252,22,1,3,3,1,m2,19kvdJGdyLyMu8NcGpqistnByR71TSqfptkRQe,1,m2,m2,1,1,0,1,9.539,9.539,1.006,1.0063,0.0,4.39666711e-06,1.4328604700000003e-06,154149.0,115745.0,38404.0,0.249136,-1.917,1,946687458,946687448,10,0.461,9,1,1,1,0,0,,0,3,1,0,0
run2-tbt-10s,1,nazionale,10,none,true,12,253,22,1,3,3,1,m1,1adtRPUq4ybX3pziYy2xMkFSGwepw299oQivBt,1,m1,m1,1,1,0,1,8.453,8.453,3.716,3.7162,0.0,3.1220147e-06,5.965456760000001e-06,154149.0,50057.0,104092.0,0.675269,-1.833,1,946687469,946687458,11,2.547,8,3,1,1,0,0,,0,9,1,0,0
run2-tbt-10s,1,nazionale,10,none,true,12,254,22,1,3,3,1,m1,1adtRPUq4ybX3pziYy2xMkFSGwepw299oQivBt,1,m1,m1,1,1,0,1,9.25,9.25,5.439,5.4385,0.0,3.93753187e-06,3.997222383e-05,154149.0,50057.0,104092.0,0.675269,-1.5,1,946687479,946687469,10,0.75,9,1,1,1,0,0,,0,5,2,1,0
run2-tbt-10s,1,nazionale,10,none,true,12,255,22,1,3,3,1,m1,1adtRPUq4ybX3pziYy2xMkFSGwepw299oQivBt,1,m1,m1,1,1,0,1,12.047,12.047,2.679,2.6784,0.0,8.48721393e-06,3.053969327e-05,154149.0,50057.0,104092.0,0.675269,-1.25,1,946687491,946687479,12,-0.047,12,0,1,1,0,0,,0,5,3,1,0
run2-tbt-10s,1,nazionale,10,none,true,12,256,22,1,3,3,1,m1,1adtRPUq4ybX3pziYy2xMkFSGwepw299oQivBt,1,m1,m1,1,1,0,1,14.21,14.21,0.353,0.3529,0.0,1.95711159e-05,8.282749200000002e-06,154149.0,50057.0,104092.0,0.675269,-1.5,1,946687505,946687491,14,-0.21,14,0,1,1,0,0,,0,7,4,1,0
run2-tbt-10s,1,nazionale,10,none,true,12,257,22,1,3,3,1,m1,1adtRPUq4ybX3pziYy2xMkFSGwepw299oQivBt,1,m1,m1,1,1,0,1,7.623,7.623,6.462,6.4618,0.0,2.22772123e-06,1.568949627e-05,154149.0,50057.0,104092.0,0.675269,-1.417,1,946687513,946687505,8,0.377,7,1,1,1,0,0,,0,3,5,1,0
run2-tbt-10s,1,nazionale,10,none,true,12,258,22,1,3,3,1,m1,1adtRPUq4ybX3pziYy2xMkFSGwepw299oQivBt,1,m1,m1,1,1,0,1,10.179,10.179,1.132,1.1317,0.0,5.15005199e-06,1.8690133000000006e-06,154149.0,50057.0,104092.0,0.675269,-1.5,1,946687524,946687513,11,0.821,10,1,1,1,0,0,,0,8,6,1,0
run2-tbt-10s,1,nazionale,10,none,true,12,259,22,1,3,3,1,m1,1adtRPUq4ybX3pziYy2xMkFSGwepw299oQivBt,1,m1,m1,1,1,0,1,4.853,4.853,5.887,5.8865,0.0,4.71492583e-08,4.8840217917e-06,184458.0,61173.0,123285.0,0.668364,-1.167,1,946687529,946687524,5,0.147,4,1,1,1,0,0,,0,4,7,1,0
run2-tbt-10s,1,nazionale,10,none,true,12,260,22,1,3,3,1,m1,1adtRPUq4ybX3pziYy2xMkFSGwepw299oQivBt,1,m1,m1,1,1,0,1,5.503,5.503,9.359,9.3588,0.0,3.56720797e-07,4.1522497203e-05,184458.0,61173.0,123285.0,0.668364,-0.667,1,946687536,946687529,7,1.497,5,2,1,1,0,0,,0,2,8,1,0
run2-tbt-10s,1,nazionale,10,none,true,12,261,22,1,3,3,1,m1,1adtRPUq4ybX3pziYy2xMkFSGwepw299oQivBt,1,m1,m1,1,1,0,1,12.713,12.713,1.721,1.7201,0.0,7.99942155e-06,7.565506949999999e-06,184458.0,61173.0,123285.0,0.668364,0.0,1,946687549,946687536,13,0.287,12,1,1,1,0,0,,0,7,9,1,0
run2-tbt-10s,1,nazionale,10,none,true,12,262,22,1,3,3,1,m1,1adtRPUq4ybX3pziYy2xMkFSGwepw299oQivBt,1,m1,m1,1,1,0,1,11.532,11.532,2.191,2.1906,0.0,5.92667752e-06,5.7485809799999995e-06,184458.0,61173.0,123285.0,0.668364,-0.583,1,946687561,946687549,12,0.468,11,1,1,1,0,0,,0,5,10,1,0
run2-tbt-10s,1,nazionale,10,none,true,12,263,22,1,3,3,1,m2,19kvdJGdyLyMu8NcGpqistnByR71TSqfptkRQe,1,m2,m2,1,1,0,1,8.686,8.686,2.505,2.5053,0.0,2.57926462e-06,2.79796795e-06,184458.0,138347.0,46111.0,0.249981,-0.5,1,946687571,946687561,10,1.314,8,2,1,1,0,0,,0,4,1,0,0
run2-tbt-10s,1,nazionale,10,none,true,12,264,23,1,3,3,1,m1,1adtRPUq4ybX3pziYy2xMkFSGwepw299oQivBt,1,m1,m1,1,1,0,1,6.455,6.455,4.378,4.3783,0.0,8.84151955e-07,3.9271712749999995e-06,184458.0,61173.0,123285.0,0.668364,-0.25,1,946687578,946687571,7,0.545,6,1,1,1,0,0,,0,4,1,0,0
run2-tbt-10s,1,nazionale,10,none,true,12,265,23,1,3,3,1,m1,1adtRPUq4ybX3pziYy2xMkFSGwepw299oQivBt,1,m1,m1,1,1,0,1,11.884,11.884,2.54,2.5396,0.0,6.32226212e-06,9.15191428e-06,184458.0,61173.0,123285.0,0.668364,0.0,1,946687590,946687578,12,0.116,11,1,1,1,0,0,,0,9,2,1,0
run2-tbt-10s,1,nazionale,10,none,true,12,266,23,1,3,3,1,m2,19kvdJGdyLyMu8NcGpqistnByR71TSqfptkRQe,1,m2,m2,1,1,0,1,5.553,5.553,3.493,3.4932,0.0,3.17702331e-07,2.508295799e-06,184458.0,138347.0,46111.0,0.249981,-0.083,1,946687598,946687590,8,2.447,5,3,1,1,0,0,,0,4,1,0,0
run2-tbt-10s,1,nazionale,10,none,true,12,267,23,1,3,3,1,m2,19kvdJGdyLyMu8NcGpqistnByR71TSqfptkRQe,1,m1,m1,1,0,1,2,14.783,14.972,0.189,0.1895,0.189,2.0359306e-05,9.0131676e-06,184458.0,61173.0,123285.0,0.249981,0.083,1,946687613,946687598,15,0.028,14,1,1,1,0,0,,0,7,2,1,0
run2-tbt-10s,1,nazionale,10,none,true,12,268,23,1,3,3,1,m1,1adtRPUq4ybX3pziYy2xMkFSGwepw299oQivBt,1,m1,m1,1,1,0,1,5.017,5.017,8.51,8.5094,0.0,2.75766164e-08,1.04788898836e-05,184458.0,61173.0,123285.0,0.668364,-0.167,1,946687619,946687613,6,0.983,5,1,1,1,0,0,,0,2,1,0,0
run2-tbt-10s,1,nazionale,10,none,true,12,269,23,1,3,3,1,m1,1adtRPUq4ybX3pziYy2xMkFSGwepw299oQivBt,1,m1,m1,1,1,0,1,9.151,9.151,5.856,5.8565,0.0,2.81518659e-06,2.254294911e-05,184458.0,61173.0,123285.0,0.668364,0.5,1,946687629,946687619,10,0.849,9,1,1,1,0,0,,0,6,2,1,0
run2-tbt-10s,1,nazionale,10,none,true,12,270,23,1,3,3,1,m1,1adtRPUq4ybX3pziYy2xMkFSGwepw299oQivBt,1,m1,m1,1,1,0,1,6.847,6.847,6.892,6.8916,0.0,1.06300668e-06,9.882395720000001e-06,184458.0,61173.0,123285.0,0.668364,0.333,1,946687637,946687629,8,1.153,6,2,1,1,0,0,,0,6,3,1,0
run2-tbt-10s,1,nazionale,10,none,true,12,271,23,1,3,3,1,m1,1adtRPUq4ybX3pziYy2xMkFSGwepw299oQivBt,1,m1,m1,1,1,0,1,10.55,10.55,1.09,1.0903,0.0,4.98084095e-06,1.7336573699999993e-06,157352.0,51762.0,105590.0,0.671043,0.583,1,946687648,946687637,11,0.45,10,1,1,1,0,0,,0,5,4,1,0
run2-tbt-10s,1,nazionale,10,none,true,12,272,23,1,3,3,1,m1,1adtRPUq4ybX3pziYy2xMkFSGwepw299oQivBt,1,m1,m1,1,1,0,1,11.523,11.523,3.022,3.0216,0.0,6.68345908e-06,1.272173422e-05,157352.0,51762.0,105590.0,0.671043,0.083,1,946687660,946687648,12,0.477,11,1,1,1,0,0,,0,4,5,1,0
run2-tbt-10s,1,nazionale,10,none,true,12,273,23,1,3,3,1,m1,1adtRPUq4ybX3pziYy2xMkFSGwepw299oQivBt,1,m1,m1,1,1,0,1,9.977,9.977,2.843,2.8427,0.0,4.46115479e-06,5.41660903e-06,157352.0,51762.0,105590.0,0.671043,-0.333,1,946687671,946687660,11,1.023,9,2,1,1,0,0,,0,7,6,1,0
run2-tbt-10s,1,nazionale,10,none,true,12,274,23,1,3,3,1,m1,1adtRPUq4ybX3pziYy2xMkFSGwepw299oQivBt,1,m3,m3,1,0,1,2,14.817,14.927,0.11,0.11,0.11,2.66952324e-05,8.409105299999999e-06,157352.0,143994.0,13358.0,0.671043,-0.167,1,946687687,946687671,16,1.073,14,2,1,1,0,0,,0,7,7,1,0
run2-tbt-10s,1,nazionale,10,none,true,12,275,23,1,3,3,1,m1,1adtRPUq4ybX3pziYy2xMkFSGwepw299oQivBt,1,m1,m1,1,1,0,1,7.215,7.215,7.436,7.4363,0.0,1.6735696e-06,2.18070324e-05,157352.0,51762.0,105590.0,0.671043,-0.5,1,946687694,946687687,7,-0.215,7,0,1,1,0,0,,0,3,8,1,0
run2-tbt-10s,1,nazionale,10,none,true,12,276,24,1,3,3,1,m2,19kvdJGdyLyMu8NcGpqistnByR71TSqfptkRQe,1,m2,m2,1,1,0,1,5.52,5.52,8.224,8.2235,0.0,3.73151631e-07,1.3068983769e-05,157352.0,118948.0,38404.0,0.244064,-0.25,1,946687701,946687694,7,1.48,5,2,1,1,0,0,,0,5,1,0,0
run2-tbt-10s,1,nazionale,10,none,true,12,277,24,1,3,3,1,m2,19kvdJGdyLyMu8NcGpqistnByR71TSqfptkRQe,1,m2,m2,1,1,0,1,9.292,9.292,1.748,1.7488,0.0,3.61885604e-06,2.3494320300000003e-06,157352.0,118948.0,38404.0,0.244064,-0.25,1,946687711,946687701,10,0.708,9,1,1,1,0,0,,0,6,2,1,0
run2-tbt-10s,1,nazionale,10,none,true,12,278,24,1,3,3,1,m1,1adtRPUq4ybX3pziYy2xMkFSGwepw299oQivBt,1,m1,m1,1,1,0,1,5.575,5.575,8.843,8.8428,0.0,3.87591116e-07,1.7868689983999998e-05,157352.0,51762.0,105590.0,0.671043,-0.083,1,946687719,946687711,8,2.425,5,3,1,1,0,0,,0,6,1,0,0
run2-tbt-10s,1,nazionale,10,none,true,12,279,24,1,3,3,1,m1,1adtRPUq4ybX3pziYy2xMkFSGwepw299oQivBt,1,m1,m1,1,1,0,1,14.114,14.114,0.457,0.4578,0.0,1.55206822e-05,4.749343300000001e-06,157352.0,51762.0,105590.0,0.671043,-0.083,1,946687733,946687719,14,-0.114,14,0,1,1,0,0,,0,6,2,1,0
run2-tbt-10s,1,nazionale,10,none,true,12,280,24,1,3,3,1,m3,1PZ3gzLZ6RaKq1ZtUUs5657xvQwtwxQH2tMqJa,1,m3,m3,1,1,0,1,8.213,8.213,1.7,1.6993,0.0,2.46345964e-06,1.8315599200000003e-06,157352.0,143994.0,13358.0,0.084892,0.0,1,946687743,946687733,10,1.787,8,2,1,1,0,0,,0,5,1,0,0
run2-tbt-10s,1,nazionale,10,none,true,12,281,24,1,3,3,1,m1,1adtRPUq4ybX3pziYy2xMkFSGwepw299oQivBt,1,m1,m1,1,1,0,1,10.502,10.502,3.892,3.8925,0.0,5.17188394e-06,1.338724206e-05,157352.0,51762.0,105590.0,0.671043,-0.333,1,946687755,946687743,12,1.498,10,2,1,1,0,0,,0,4,1,0,0
run2-tbt-10s,1,nazionale,10,none,true,12,282,24,1,3,3,1,m1,1adtRPUq4ybX3pziYy2xMkFSGwepw299oQivBt,1,m1,m1,1,1,0,1,11.996,11.996,2.9,2.9,0.0,7.85746014e-06,4.1375088360000004e-05,157352.0,51762.0,105590.0,0.671043,-0.5,1,946687767,946687755,12,0.004,11,1,1,1,0,0,,0,9,2,1,0
run2-tbt-10s,1,nazionale,10,none,true,12,283,24,1,3,3,1,m2,19kvdJGdyLyMu8NcGpqistnByR71TSqfptkRQe,1,m3,m3,1,0,1,2,13.889,14.102,0.213,0.2133,0.213,1.46117244e-05,1.5848738000000014e-06,161475.0,148117.0,13358.0,0.254095,-0.833,1,946687782,946687767,15,0.898,14,1,1,1,0,0,,0,7,1,0,0
run2-tbt-10s,1,nazionale,10,none,true,12,284,24,1,3,3,1,m1,1adtRPUq4ybX3pziYy2xMkFSGwepw299oQivBt,1,m1,m1,1,1,0,1,7.708,7.708,5.143,5.1437,0.0,2.15682561e-06,8.07778829e-06,161475.0,54388.0,107087.0,0.66318,-1.167,1,946687791,946687782,9,1.292,7,2,1,1,0,0,,0,3,1,0,0
run2-tbt-10s,1,nazionale,10,none,true,12,285,24,1,3,3,1,m3,1PZ3gzLZ6RaKq1ZtUUs5657xvQwtwxQH2tMqJa,1,m3,m3,1,1,0,1,7.433,7.433,6.112,6.1113,0.0,1.87871608e-06,1.089102682e-05,161475.0,148117.0,13358.0,0.082725,-0.917,1,946687800,946687791,9,1.567,7,2,1,1,0,0,,0,4,1,0,0
run2-tbt-10s,1,nazionale,10,none,true,12,286,24,1,3,3,1,m1,1adtRPUq4ybX3pziYy2xMkFSGwepw299oQivBt,1,m1,m1,1,1,0,1,6.512,6.512,7.091,7.0911,0.0,1.12532921e-06,1.176573599e-05,161475.0,54388.0,107087.0,0.66318,-0.75,1,946687808,946687800,8,1.488,6,2,1,1,0,0,,0,4,1,0,0
run2-tbt-10s,1,nazionale,10,none,true,12,287,24,1,3,3,1,m1,1adtRPUq4ybX3pziYy2xMkFSGwepw299oQivBt,1,m1,m1,1,1,0,1,9.716,9.716,4.085,4.085,0.0,3.97051322e-06,9.254079480000001e-06,161475.0,54388.0,107087.0,0.66318,-0.083,1,946687818,946687808,10,0.284,9,1,1,1,0,0,,0,5,2,1,0
run2-tbt-10s,1,nazionale,10,none,true,12,288,25,1,3,3,1,m3,1PZ3gzLZ6RaKq1ZtUUs5657xvQwtwxQH2tMqJa,1,m3,m3,1,1,0,1,8.903,8.903,5.044,5.0431,0.0,3.13266262e-06,1.120931748e-05,161475.0,148117.0,13358.0,0.082725,-0.333,1,946687829,946687818,11,2.097,8,3,1,1,0,0,,0,5,1,0,0
run2-tbt-10s,1,nazionale,10,none,true,12,289,25,1,3,3,1,m1,1adtRPUq4ybX3pziYy2xMkFSGwepw299oQivBt,1,m1,m1,1,1,0,1,10.273,10.273,4.2,4.1993,0.0,4.81793448e-06,1.520934412e-05,161475.0,54388.0,107087.0,0.66318,-0.667,1,946687841,946687829,12,1.727,10,2,1,1,0,0,,0,10,1,0,0
run2-tbt-10s,1,nazionale,10,none,true,12,290,25,1,3,3,1,m2,19kvdJGdyLyMu8NcGpqistnByR71TSqfptkRQe,1,m2,m2,1,1,0,1,11.001,11.001,1.747,1.7466,0.0,5.94003028e-06,3.76771329e-06,161475.0,120445.0,41030.0,0.254095,-0.833,1,946687853,946687841,12,0.999,11,1,1,1,0,0,,0,6,1,0,0
run2-tbt-10s,1,nazionale,10,none,true,12,291,25,1,3,3,1,m1,1adtRPUq4ybX3pziYy2xMkFSGwepw299oQivBt,1,m1,m1,1,1,0,1,5.583,5.583,7.03,7.03,0.0,5.2716523e-07,8.9806111e-06,161475.0,54388.0,107087.0,0.66318,-1.167,1,946687860,946687853,7,1.417,5,2,1,1,0,0,,0,2,1,0,0
run2-tbt-10s,1,nazionale,10,none,true,12,292,25,1,3,3,1,m1,1adtRPUq4ybX3pziYy2xMkFSGwepw299oQivBt,1,m1,m1,1,1,0,1,6.047,6.047,7.984,7.9841,0.0,7.66347959e-07,1.4486330241e-05,161475.0,54388.0,107087.0,0.66318,-0.583,1,946687867,946687860,7,0.953,6,1,1,1,0,0,,0,5,2,1,0
run2-tbt-10s,1,nazionale,10,none,true,12,293,25,1,3,3,1,m2,19kvdJGdyLyMu8NcGpqistnByR71TSqfptkRQe,1,m2,m2,1,1,0,1,8.431,8.431,0.508,0.5076,0.0,2.66588039e-06,5.033616300000001e-07,161475.0,120445.0,41030.0,0.254095,-0.333,1,946687876,946687867,9,0.569,8,1,1,1,0,0,,0,2,1,0,0
run2-tbt-10s,1,nazionale,10,none,true,12,294,25,1,3,3,1,m1,1adtRPUq4ybX3pziYy2xMkFSGwepw299oQivBt,1,m1,m1,1,1,0,1,11.644,11.644,2.695,2.6954,0.0,6.79205679e-06,1.0191280209999998e-05,161475.0,54388.0,107087.0,0.66318,-0.083,1,946687889,946687876,13,1.356,11,2,1,1,0,0,,0,9,1,0,0
run2-tbt-10s,1,nazionale,10,none,true,12,295,25,1,3,3,1,m1,1adtRPUq4ybX3pziYy2xMkFSGwepw299oQivBt,1,m1,m1,1,1,0,1,14.205,14.205,0.674,0.6738,0.0,1.56836913e-05,1.31507814e-05,164162.0,51971.0,112191.0,0.683416,-0.167,1,946687903,946687889,14,-0.205,14,0,1,1,0,0,,0,7,2,1,0
run2-tbt-10s,1,nazionale,10,none,true,12,296,25,1,3,3,1,m1,1adtRPUq4ybX3pziYy2xMkFSGwepw299oQivBt,1,m1,m1,1,1,0,1,5.675,5.675,8.207,8.2061,0.0,4.36904188e-07,1.2999105812000001e-05,164162.0,51971.0,112191.0,0.683416,-0.083,1,946687910,946687903,7,1.325,5,2,1,1,0,0,,0,3,3,1,0
run2-tbt-10s,1,nazionale,10,none,true,12,297,25,1,3,3,1,m2,19kvdJGdyLyMu8NcGpqistnByR71TSqfptkRQe,1,m2,m2,1,1,0,1,7.311,7.311,7.27,7.2693,0.0,1.587822e-06,1.7493980300000002e-05,164162.0,123132.0,41030.0,0.249936,0.083,1,946687918,946687910,8,0.689,7,1,1,1,0,0,,0,4,1,0,0
run2-tbt-10s,1,nazionale,10,none,true,12,298,25,1,3,3,1,m1,1adtRPUq4ybX3pziYy2xMkFSGwepw299oQivBt,1,m1,m1,1,1,0,1,9.693,9.693,3.237,3.2376,0.0,3.8209028e-06,5.677182449999999e-06,164162.0,51971.0,112191.0,0.683416,0.167,1,946687929,946687918,11,1.307,9,2,1,1,0,0,,0,5,1,0,0
run2-tbt-10s,1,nazionale,10,none,true,12,299,25,1,3,3,1,m1,1adtRPUq4ybX3pziYy2xMkFSGwepw299oQivBt,1,m1,m1,1,1,0,1,11.929,11.929,2.897,2.8969,0.0,7.22390204e-06,1.805021146e-05,164162.0,51971.0,112191.0,0.683416,-0.083,1,946687941,946687929,12,0.071,11,1,1,1,0,0,,0,6,2,1,0
run2-tbt-10s,1,nazionale,10,none,true,12,300,26,1,3,3,1,m1,1adtRPUq4ybX3pziYy2xMkFSGwepw299oQivBt,1,m1,m1,1,1,0,1,10.837,10.837,3.838,3.8379,0.0,5.41209691e-06,1.647750129e-05,164162.0,51971.0,112191.0,0.683416,-0.25,1,946687952,946687941,11,0.163,10,1,1,1,0,0,,0,4,3,1,0
run2-tbt-10s,1,nazionale,10,none,true,12,301,26,1,3,3,1,m1,1adtRPUq4ybX3pziYy2xMkFSGwepw299oQivBt,1,m2,m2,1,0,1,2,14.199,14.256,0.057,0.0568,0.057,1.57708815e-05,4.790256999999996e-07,164162.0,123132.0,41030.0,0.683416,-0.25,1,946687966,946687952,14,-0.256,14,0,1,1,0,0,,0,10,4,1,0
run2-tbt-10s,1,nazionale,10,none,true,12,302,26,1,3,3,1,m1,1adtRPUq4ybX3pziYy2xMkFSGwepw299oQivBt,1,m1,m1,1,1,0,1,8.407,8.407,0.804,0.804,0.0,2.61525163e-06,8.0305349e-07,164162.0,51971.0,112191.0,0.683416,-0.417,1,946687975,946687966,9,0.593,8,1,1,1,0,0,,0,4,5,1,0
run2-tbt-10s,1,nazionale,10,none,true,12,303,26,1,3,3,1,m3,1PZ3gzLZ6RaKq1ZtUUs5657xvQwtwxQH2tMqJa,1,m3,m3,1,1,0,1,11.567,11.567,1.862,1.8623,0.0,6.57219936e-06,4.83435724e-06,164162.0,153221.0,10941.0,0.066648,-0.167,1,946687988,946687975,13,1.433,11,2,1,1,0,0,,0,6,1,0,0
run2-tbt-10s,1,nazionale,10,none,true,12,304,26,1,3,3,1,m2,19kvdJGdyLyMu8NcGpqistnByR71TSqfptkRQe,1,m2,m2,1,1,0,1,6.402,6.402,5.104,5.1038,0.0,1.01533701e-06,5.62681943e-06,164162.0,123132.0,41030.0,0.249936,-0.667,1,946687995,946687988,7,0.598,6,1,1,1,0,0,,0,4,1,0,0
run2-tbt-10s,1,nazionale,10,none,true,12,305,26,1,3,3,1,m2,19kvdJGdyLyMu8NcGpqistnByR71TSqfptkRQe,1,m1,m1,1,0,1,2,14.464,14.84,0.376,0.3763,0.376,1.95631059e-05,1.6536764699999997e-05,164162.0,51971.0,112191.0,0.249936,-0.667,1,946688011,946687995,16,1.16,14,2,1,1,0,0,,0,7,2,1,0
run2-tbt-10s,1,nazionale,10,none,true,12,306,26,1,3,3,1,m1,1adtRPUq4ybX3pziYy2xMkFSGwepw299oQivBt,1,m1,m1,1,1,0,1,11.431,11.431,2.655,2.6554,0.0,6.71871318e-06,9.806127719999999e-06,164162.0,51971.0,112191.0,0.683416,-1.25,1,946688023,946688011,12,0.569,11,1,1,1,0,0,,0,10,1,0,0
run2-tbt-10s,1,nazionale,10,none,true,12,307,26,1,3,3,1,m1,1adtRPUq4ybX3pziYy2xMkFSGwepw299oQivBt,1,m1,m1,1,1,0,1,8.818,8.818,5.948,5.9485,0.0,3.25068759e-06,6.340542001e-05,159786.0,54196.0,105590.0,0.660821,-1.167,1,946688033,946688023,10,1.182,8,2,1,1,0,0,,0,3,2,1,0
run2-tbt-10s,1,nazionale,10,none,true,12,308,26,1,3,3,1,m1,1adtRPUq4ybX3pziYy2xMkFSGwepw299oQivBt,1,m2,m2,1,0,1,2,12.187,13.184,0.997,0.9978,0.997,8.31884134e-06,2.9615333599999994e-06,159786.0,118948.0,40838.0,0.660821,-0.833,1,946688046,946688033,13,-0.184,13,0,1,1,0,0,,0,7,3,1,0
run2-tbt-10s,1,nazionale,10,none,true,12,309,26,1,3,3,1,m3,1PZ3gzLZ6RaKq1ZtUUs5657xvQwtwxQH2tMqJa,1,m3,m3,1,1,0,1,8.003,8.003,2.767,2.7671,0.0,2.47779654e-06,3.31408162e-06,159786.0,146428.0,13358.0,0.083599,-1.333,1,946688056,946688046,10,1.997,8,2,1,1,0,0,,0,3,1,0,0
run2-tbt-10s,1,nazionale,10,none,true,12,310,26,1,3,3,1,m1,1adtRPUq4ybX3pziYy2xMkFSGwepw299oQivBt,1,m1,m1,1,1,0,1,9.349,9.349,5.308,5.308,0.0,3.91366408e-06,3.0230149419999997e-05,159786.0,54196.0,105590.0,0.660821,-1.5,1,946688067,946688056,11,1.651,9,2,1,1,0,0,,0,5,1,0,0
run2-tbt-10s,1,nazionale,10,none,true,12,311,26,1,3,3,1,m2,19kvdJGdyLyMu8NcGpqistnByR71TSqfptkRQe,1,m2,m2,1,1,0,1,7.999,7.999,4.035,4.0348,0.0,2.50575193e-06,5.768358299999999e-06,159786.0,118948.0,40838.0,0.255579,-1.5,1,946688077,946688067,10,2.001,7,3,1,1,0,0,,0,4,1,0,0
run2-tbt-10s,1,nazionale,10,none,true,12,312,27,1,3,3,1,m2,19kvdJGdyLyMu8NcGpqistnByR71TSqfptkRQe,1,m1,m1,1,0,1,2,11.348,11.353,0.005,0.0056,0.005,6.77773457e-06,1.0404129999999458e-08,159786.0,54196.0,105590.0,0.255579,-1.333,1,946688089,946688077,12,0.647,11,1,1,1,0,0,,0,6,2,1,0
run2-tbt-10s,1,nazionale,10,none,true,12,313,27,1,3,3,1,m1,1adtRPUq4ybX3pziYy2xMkFSGwepw299oQivBt,1,m1,m1,1,1,0,1,9.012,9.012,5.705,5.7044,0.0,3.51313689e-06,0.00010393441011,159786.0,54196.0,105590.0,0.660821,-1.417,1,946688099,946688089,10,0.988,9,1,1,1,0,0,,0,7,1,0,0
run2-tbt-10s,1,nazionale,10,none,true,12,314,27,1,3,3,1,m1,1adtRPUq4ybX3pziYy2xMkFSGwepw299oQivBt,1,m1,m1,1,1,0,1,5.982,5.982,8.801,8.8011,0.0,7.99070852e-07,6.6261093748e-05,159786.0,54196.0,105590.0,0.660821,-1.083,1,946688106,946688099,7,1.018,5,2,1,1,0,0,,0,5,2,1,0
run2-tbt-10s,1,nazionale,10,none,true,12,315,27,1,3,3,1,m1,1adtRPUq4ybX3pziYy2xMkFSGwepw299oQivBt,1,m1,m1,1,1,0,1,8.434,8.434,6.008,6.0082,0.0,2.8102007e-06,1.77507219e-05,159786.0,54196.0,105590.0,0.660821,-0.917,1,946688115,946688106,9,0.566,8,1,1,1,0,0,,0,3,3,1,0
run2-tbt-10s,1,nazionale,10,none,true,12,316,27,1,3,3,1,m1,1adtRPUq4ybX3pziYy2xMkFSGwepw299oQivBt,1,m1,m1,1,1,0,1,9.86,9.86,1.259,1.2586,0.0,4.30943406e-06,1.8051598800000003e-06,159786.0,54196.0,105590.0,0.660821,-0.583,1,946688125,946688115,10,0.14,9,1,1,1,0,0,,0,6,4,1,0
run2-tbt-10s,1,nazionale,10,none,true,12,317,27,1,3,3,1,m3,1PZ3gzLZ6RaKq1ZtUUs5657xvQwtwxQH2tMqJa,1,m3,m3,1,1,0,1,9.024,9.024,4.852,4.8514,0.0,3.39942209e-06,1.128231151e-05,159786.0,146428.0,13358.0,0.083599,-0.833,1,946688136,946688125,11,1.976,9,2,1,1,0,0,,0,5,1,0,0
run2-tbt-10s,1,nazionale,10,none,true,12,318,27,1,3,3,1,m1,1adtRPUq4ybX3pziYy2xMkFSGwepw299oQivBt,1,m1,m1,1,1,0,1,5.831,5.831,9.018,9.0172,0.0,6.00288133e-07,3.0619293067e-05,159786.0,54196.0,105590.0,0.660821,-0.417,1,946688143,946688136,7,1.169,5,2,1,1,0,0,,0,7,1,0,0
run2-tbt-10s,1,nazionale,10,none,true,12,319,27,1,3,3,1,m1,1adtRPUq4ybX3pziYy2xMkFSGwepw299oQivBt,1,m1,m1,1,1,0,1,8.426,8.426,6.531,6.5305,0.0,2.47368926e-06,2.961187804e-05,169574.0,54388.0,115186.0,0.679267,0.0,1,946688152,946688143,9,0.574,8,1,1,1,0,0,,0,3,2,1,0
run2-tbt-10s,1,nazionale,10,none,true,12,320,27,1,3,3,1,m1,1adtRPUq4ybX3pziYy2xMkFSGwepw299oQivBt,1,m2,m2,1,0,1,2,13.768,13.927,0.159,0.159,0.159,1.22675173e-05,8.029949000000003e-07,169574.0,128544.0,41030.0,0.679267,0.083,1,946688166,946688152,14,0.073,13,1,1,1,0,0,,0,8,3,1,0
run2-tbt-10s,1,nazionale,10,none,true,12,321,27,1,3,3,1,m1,1adtRPUq4ybX3pziYy2xMkFSGwepw299oQivBt,1,m1,m1,1,1,0,1,6.435,6.435,8.555,8.5545,0.0,9.13510523e-07,3.9571626977e-05,169574.0,54388.0,115186.0,0.679267,0.0,1,946688173,946688166,7,0.565,6,1,1,1,0,0,,0,1,4,1,0
run2-tbt-10s,1,nazionale,10,none,true,12,322,27,1,3,3,1,m1,1adtRPUq4ybX3pziYy2xMkFSGwepw299oQivBt,1,m1,m1,1,1,0,1,10.051,10.051,4.776,4.7758,0.0,4.08925925e-06,1.834250725e-05,169574.0,54388.0,115186.0,0.679267,0.25,1,946688184,946688173,11,0.949,10,1,1,1,0,0,,0,6,5,1,0
run2-tbt-10s,1,nazionale,10,none,true,12,323,27,1,3,3,1,m1,1adtRPUq4ybX3pziYy2xMkFSGwepw299oQivBt,1,m1,m1,1,1,0,1,11.438,11.438,2.742,2.7413,0.0,6.00571858e-06,8.39148002e-06,169574.0,54388.0,115186.0,0.679267,0.25,1,946688196,946688184,12,0.562,11,1,1,1,0,0,,0,4,6,1,0
run2-tbt-10s,1,nazionale,10,none,true,12,324,28,0,3,3,1,m1,1adtRPUq4ybX3pziYy2xMkFSGwepw299oQivBt,1,m1,m1,1,1,0,1,8.834,8.834,1.406,1.4057,0.0,2.83557798e-06,1.5211967300000001e-06,169574.0,54388.0,115186.0,0.679267,0.083,1,946688206,946688196,10,1.166,8,2,1,1,0,0,,0,6,7,1,0
run2-tbt-10s,1,nazionale,10,none,true,12,325,28,0,3,3,1,m1,1adtRPUq4ybX3pziYy2xMkFSGwepw299oQivBt,1,m1,m1,1,1,0,1,5.588,5.588,7.281,7.2807,0.0,3.26242957e-07,8.653582813e-06,169574.0,54388.0,115186.0,0.679267,0.25,1,946688213,946688206,7,1.412,5,2,1,1,0,0,,0,4,8,1,0
run2-tbt-10s,1,nazionale,10,none,true,12,326,28,0,3,3,1,m1,1adtRPUq4ybX3pziYy2xMkFSGwepw299oQivBt,1,m1,m1,1,1,0,1,7.214,7.214,7.842,7.8413,0.0,1.40073816e-06,3.054438294e-05,169574.0,54388.0,115186.0,0.679267,0.5,1,946688220,946688213,7,-0.214,7,0,1,1,0,0,,0,5,9,1,0
run2-tbt-10s,1,nazionale,10,none,true,12,327,28,0,3,3,1,m1,1adtRPUq4ybX3pziYy2xMkFSGwepw299oQivBt,1,m1,m1,1,1,0,1,14.134,14.134,0.17,0.1706,0.0,1.37799534e-05,1.1456070000000005e-06,169574.0,54388.0,115186.0,0.679267,0.5,1,946688235,946688220,15,0.866,14,1,1,1,0,0,,0,7,10,1,0
run2-tbt-10s,1,nazionale,10,none,true,12,328,28,0,3,3,1,m1,1adtRPUq4ybX3pziYy2xMkFSGwepw299oQivBt,1,m1,m1,1,1,0,1,8.188,8.188,5.703,5.7025,0.0,2.26415071e-06,1.070316819e-05,169574.0,54388.0,115186.0,0.679267,0.0,1,946688243,946688235,8,-0.188,8,0,1,1,0,0,,0,5,11,1,0
run2-tbt-10s,1,nazionale,10,none,true,12,329,28,0,3,3,1,m2,19kvdJGdyLyMu8NcGpqistnByR71TSqfptkRQe,1,m2,m2,1,1,0,1,11.785,11.785,3.035,3.035,0.0,6.63124046e-06,1.606231664e-05,169574.0,128544.0,41030.0,0.241959,0.167,1,946688257,946688243,14,2.215,11,3,1,1,0,0,,0,5,1,0,0
