kind,epoch,height,weight,address,host,checked,total,other_epoch,log_timestamp,source_file,source_line
verification_ok,1,,,,admin,3,3,0,2000-01-01 00:07:12,run/data/admin/debug.log,451
verification_ok,2,,,,admin,3,3,0,2000-01-01 00:10:06,run/data/admin/debug.log,475
verification_ok,3,,,,admin,3,3,0,2000-01-01 00:13:18,run/data/admin/debug.log,493
verification_ok,4,,,,admin,2,3,1,2000-01-01 00:16:27,run/data/admin/debug.log,613
verification_ok,5,,,,admin,2,3,1,2000-01-01 00:19:06,run/data/admin/debug.log,834
verification_ok,6,,,,admin,3,3,0,2000-01-01 00:21:51,run/data/admin/debug.log,1092
verification_ok,7,,,,admin,3,3,0,2000-01-01 00:24:39,run/data/admin/debug.log,1288
verification_ok,8,,,,admin,3,3,0,2000-01-01 00:27:51,run/data/admin/debug.log,1482
verification_ok,9,,,,admin,2,3,1,2000-01-01 00:31:00,run/data/admin/debug.log,1674
verification_ok,10,,,,admin,3,3,0,2000-01-01 00:34:09,run/data/admin/debug.log,1870
verification_ok,11,,,,admin,3,3,0,2000-01-01 00:37:07,run/data/admin/debug.log,2060
verification_ok,12,,,,admin,0,3,3,2000-01-01 00:40:16,run/data/admin/debug.log,2233
verification_ok,13,,,,admin,3,3,0,2000-01-01 00:43:34,run/data/admin/debug.log,2430
verification_ok,1,,,,c1,0,0,0,2000-01-01 00:07:12,run/data/c1/debug.log,418
verification_ok,2,,,,c1,0,0,0,2000-01-01 00:10:06,run/data/c1/debug.log,457
verification_ok,3,,,,c1,0,0,0,2000-01-01 00:13:18,run/data/c1/debug.log,503
verification_ok,4,,,,c1,0,0,0,2000-01-01 00:16:27,run/data/c1/debug.log,691
verification_ok,5,,,,c1,0,0,0,2000-01-01 00:19:06,run/data/c1/debug.log,982
verification_ok,6,,,,c1,0,0,0,2000-01-01 00:21:51,run/data/c1/debug.log,1300
verification_ok,7,,,,c1,0,0,0,2000-01-01 00:24:39,run/data/c1/debug.log,1577
verification_ok,8,,,,c1,0,0,0,2000-01-01 00:27:49,run/data/c1/debug.log,1876
verification_ok,9,,,,c1,0,0,0,2000-01-01 00:31:01,run/data/c1/debug.log,2178
verification_ok,10,,,,c1,0,0,0,2000-01-01 00:34:07,run/data/c1/debug.log,2473
verification_ok,11,,,,c1,0,0,0,2000-01-01 00:37:07,run/data/c1/debug.log,2762
verification_ok,12,,,,c1,0,0,0,2000-01-01 00:40:16,run/data/c1/debug.log,3047
verification_ok,13,,,,c1,0,0,0,2000-01-01 00:43:34,run/data/c1/debug.log,3359
verification_ok,1,,,,c2,0,0,0,2000-01-01 00:07:12,run/data/c2/debug.log,382
verification_ok,2,,,,c2,0,0,0,2000-01-01 00:10:06,run/data/c2/debug.log,414
verification_ok,3,,,,c2,0,0,0,2000-01-01 00:13:18,run/data/c2/debug.log,452
verification_ok,4,,,,c2,0,0,0,2000-01-01 00:16:27,run/data/c2/debug.log,632
verification_ok,5,,,,c2,0,0,0,2000-01-01 00:19:06,run/data/c2/debug.log,917
verification_ok,6,,,,c2,0,0,0,2000-01-01 00:21:51,run/data/c2/debug.log,1220
verification_ok,7,,,,c2,0,0,0,2000-01-01 00:24:39,run/data/c2/debug.log,1490
verification_ok,8,,,,c2,0,0,0,2000-01-01 00:27:49,run/data/c2/debug.log,1781
verification_ok,9,,,,c2,0,0,0,2000-01-01 00:31:01,run/data/c2/debug.log,2075
verification_ok,10,,,,c2,0,0,0,2000-01-01 00:34:07,run/data/c2/debug.log,2363
verification_ok,11,,,,c2,0,0,0,2000-01-01 00:37:07,run/data/c2/debug.log,2645
verification_ok,12,,,,c2,0,0,0,2000-01-01 00:40:16,run/data/c2/debug.log,2921
verification_ok,13,,,,c2,0,0,0,2000-01-01 00:43:34,run/data/c2/debug.log,3225
verification_ok,1,,,,c3,0,0,0,2000-01-01 00:07:12,run/data/c3/debug.log,391
verification_ok,2,,,,c3,0,0,0,2000-01-01 00:10:06,run/data/c3/debug.log,419
verification_ok,3,,,,c3,0,0,0,2000-01-01 00:13:18,run/data/c3/debug.log,453
verification_ok,4,,,,c3,0,0,0,2000-01-01 00:16:27,run/data/c3/debug.log,630
verification_ok,5,,,,c3,0,0,0,2000-01-01 00:19:06,run/data/c3/debug.log,907
verification_ok,6,,,,c3,0,0,0,2000-01-01 00:21:51,run/data/c3/debug.log,1210
verification_ok,7,,,,c3,0,0,0,2000-01-01 00:24:39,run/data/c3/debug.log,1477
verification_ok,8,,,,c3,0,0,0,2000-01-01 00:27:49,run/data/c3/debug.log,1764
verification_ok,9,,,,c3,0,0,0,2000-01-01 00:31:01,run/data/c3/debug.log,2054
verification_ok,10,,,,c3,0,0,0,2000-01-01 00:34:07,run/data/c3/debug.log,2337
verification_ok,11,,,,c3,0,0,0,2000-01-01 00:37:07,run/data/c3/debug.log,2615
verification_ok,12,,,,c3,0,0,0,2000-01-01 00:40:16,run/data/c3/debug.log,2888
verification_ok,13,,,,c3,0,0,0,2000-01-01 00:43:34,run/data/c3/debug.log,3188
verification_ok,1,,,,c4,0,0,0,2000-01-01 00:07:12,run/data/c4/debug.log,389
verification_ok,2,,,,c4,0,0,0,2000-01-01 00:10:06,run/data/c4/debug.log,415
verification_ok,3,,,,c4,0,0,0,2000-01-01 00:13:18,run/data/c4/debug.log,446
verification_ok,4,,,,c4,0,0,0,2000-01-01 00:16:27,run/data/c4/debug.log,621
verification_ok,5,,,,c4,0,0,0,2000-01-01 00:19:06,run/data/c4/debug.log,896
verification_ok,6,,,,c4,0,0,0,2000-01-01 00:21:51,run/data/c4/debug.log,1193
verification_ok,7,,,,c4,0,0,0,2000-01-01 00:24:39,run/data/c4/debug.log,1461
verification_ok,8,,,,c4,0,0,0,2000-01-01 00:27:49,run/data/c4/debug.log,1742
verification_ok,9,,,,c4,0,0,0,2000-01-01 00:31:01,run/data/c4/debug.log,2030
verification_ok,10,,,,c4,0,0,0,2000-01-01 00:34:07,run/data/c4/debug.log,2311
verification_ok,11,,,,c4,0,0,0,2000-01-01 00:37:07,run/data/c4/debug.log,2587
verification_ok,12,,,,c4,0,0,0,2000-01-01 00:40:16,run/data/c4/debug.log,2857
verification_ok,13,,,,c4,0,0,0,2000-01-01 00:43:34,run/data/c4/debug.log,3154
verification_ok,1,,,,c5,0,0,0,2000-01-01 00:07:12,run/data/c5/debug.log,398
verification_ok,2,,,,c5,0,0,0,2000-01-01 00:10:06,run/data/c5/debug.log,422
verification_ok,3,,,,c5,0,0,0,2000-01-01 00:13:18,run/data/c5/debug.log,452
verification_ok,4,,,,c5,0,0,0,2000-01-01 00:16:27,run/data/c5/debug.log,624
verification_ok,5,,,,c5,0,0,0,2000-01-01 00:19:06,run/data/c5/debug.log,898
verification_ok,6,,,,c5,0,0,0,2000-01-01 00:21:51,run/data/c5/debug.log,1186
verification_ok,7,,,,c5,0,0,0,2000-01-01 00:24:39,run/data/c5/debug.log,1453
verification_ok,8,,,,c5,0,0,0,2000-01-01 00:27:49,run/data/c5/debug.log,1736
verification_ok,9,,,,c5,0,0,0,2000-01-01 00:31:01,run/data/c5/debug.log,2021
verification_ok,10,,,,c5,0,0,0,2000-01-01 00:34:07,run/data/c5/debug.log,2301
verification_ok,11,,,,c5,0,0,0,2000-01-01 00:37:07,run/data/c5/debug.log,2575
verification_ok,12,,,,c5,0,0,0,2000-01-01 00:40:16,run/data/c5/debug.log,2844
verification_ok,13,,,,c5,0,0,0,2000-01-01 00:43:34,run/data/c5/debug.log,3138
verification_ok,1,,,,ca,0,0,0,2000-01-01 00:07:12,run/data/ca/debug.log,381
verification_ok,2,,,,ca,0,0,0,2000-01-01 00:10:06,run/data/ca/debug.log,398
verification_ok,3,,,,ca,0,0,0,2000-01-01 00:13:18,run/data/ca/debug.log,420
verification_ok,4,,,,ca,0,0,0,2000-01-01 00:16:27,run/data/ca/debug.log,585
verification_ok,5,,,,ca,0,0,0,2000-01-01 00:19:06,run/data/ca/debug.log,852
verification_ok,6,,,,ca,0,0,0,2000-01-01 00:21:51,run/data/ca/debug.log,1145
verification_ok,7,,,,ca,0,0,0,2000-01-01 00:24:39,run/data/ca/debug.log,1401
verification_ok,8,,,,ca,0,0,0,2000-01-01 00:27:49,run/data/ca/debug.log,1676
verification_ok,9,,,,ca,0,0,0,2000-01-01 00:31:01,run/data/ca/debug.log,1954
verification_ok,10,,,,ca,0,0,0,2000-01-01 00:34:07,run/data/ca/debug.log,2226
verification_ok,11,,,,ca,0,0,0,2000-01-01 00:37:07,run/data/ca/debug.log,2493
verification_ok,12,,,,ca,0,0,0,2000-01-01 00:40:16,run/data/ca/debug.log,2754
verification_ok,13,,,,ca,0,0,0,2000-01-01 00:43:34,run/data/ca/debug.log,3041
publication,1,18,1,19yJUVFMutzSwj7ZAFvNZCniykq7siRUGdBDmi,m1,,,,2000-01-01 00:04:27,run/data/m1/debug.log,352
verification_ok,1,,,,m1,3,3,0,2000-01-01 00:07:12,run/data/m1/debug.log,385
publication,2,29,8637,19yJUVFMutzSwj7ZAFvNZCniykq7siRUGdBDmi,m1,,,,2000-01-01 00:07:12,run/data/m1/debug.log,389
verification_ok,2,,,,m1,3,3,0,2000-01-01 00:10:06,run/data/m1/debug.log,410
publication,3,41,86978,19yJUVFMutzSwj7ZAFvNZCniykq7siRUGdBDmi,m1,,,,2000-01-01 00:10:06,run/data/m1/debug.log,414
verification_ok,3,,,,m1,3,3,0,2000-01-01 00:13:18,run/data/m1/debug.log,439
publication,4,53,89605,19yJUVFMutzSwj7ZAFvNZCniykq7siRUGdBDmi,m1,,,,2000-01-01 00:13:18,run/data/m1/debug.log,443
verification_ok,4,,,,m1,2,3,1,2000-01-01 00:16:27,run/data/m1/debug.log,1178
publication,5,65,89605,19yJUVFMutzSwj7ZAFvNZCniykq7siRUGdBDmi,m1,,,,2000-01-01 00:16:27,run/data/m1/debug.log,1181
verification_ok,5,,,,m1,2,3,1,2000-01-01 00:19:06,run/data/m1/debug.log,3883
publication,6,77,95710,19yJUVFMutzSwj7ZAFvNZCniykq7siRUGdBDmi,m1,,,,2000-01-01 00:19:06,run/data/m1/debug.log,3887
verification_ok,6,,,,m1,3,3,0,2000-01-01 00:21:51,run/data/m1/debug.log,6656
publication,7,89,76185,19yJUVFMutzSwj7ZAFvNZCniykq7siRUGdBDmi,m1,,,,2000-01-01 00:21:51,run/data/m1/debug.log,6660
verification_ok,7,,,,m1,3,3,0,2000-01-01 00:24:39,run/data/m1/debug.log,8730
publication,8,101,86978,19yJUVFMutzSwj7ZAFvNZCniykq7siRUGdBDmi,m1,,,,2000-01-01 00:24:39,run/data/m1/debug.log,8734
verification_ok,8,,,,m1,3,3,0,2000-01-01 00:27:48,run/data/m1/debug.log,10578
publication,9,113,91646,19yJUVFMutzSwj7ZAFvNZCniykq7siRUGdBDmi,m1,,,,2000-01-01 00:27:48,run/data/m1/debug.log,10582
verification_ok,9,,,,m1,2,3,1,2000-01-01 00:31:00,run/data/m1/debug.log,13993
publication,10,125,94273,19yJUVFMutzSwj7ZAFvNZCniykq7siRUGdBDmi,m1,,,,2000-01-01 00:31:00,run/data/m1/debug.log,13997
verification_ok,10,,,,m1,3,3,0,2000-01-01 00:34:09,run/data/m1/debug.log,17176
publication,11,137,96314,19yJUVFMutzSwj7ZAFvNZCniykq7siRUGdBDmi,m1,,,,2000-01-01 00:34:09,run/data/m1/debug.log,17180
verification_ok,11,,,,m1,3,3,0,2000-01-01 00:37:06,run/data/m1/debug.log,21408
publication,12,149,96314,19yJUVFMutzSwj7ZAFvNZCniykq7siRUGdBDmi,m1,,,,2000-01-01 00:37:06,run/data/m1/debug.log,21411
verification_ok,12,,,,m1,0,3,3,2000-01-01 00:40:18,run/data/m1/debug.log,23334
publication,13,161,91627,19yJUVFMutzSwj7ZAFvNZCniykq7siRUGdBDmi,m1,,,,2000-01-01 00:40:18,run/data/m1/debug.log,23338
verification_ok,13,,,,m1,3,3,0,2000-01-01 00:43:33,run/data/m1/debug.log,25690
publication,14,173,91646,19yJUVFMutzSwj7ZAFvNZCniykq7siRUGdBDmi,m1,,,,2000-01-01 00:43:33,run/data/m1/debug.log,25694
publication,1,18,1,17Sjr3aPX8Bmfo7avGvib3ZJUxrz8u9aL8S8fU,m2,,,,2000-01-01 00:04:27,run/data/m2/debug.log,351
verification_ok,1,,,,m2,3,3,0,2000-01-01 00:07:12,run/data/m2/debug.log,384
publication,2,29,7572,17Sjr3aPX8Bmfo7avGvib3ZJUxrz8u9aL8S8fU,m2,,,,2000-01-01 00:07:12,run/data/m2/debug.log,388
verification_ok,2,,,,m2,3,3,0,2000-01-01 00:10:06,run/data/m2/debug.log,409
publication,3,41,43134,17Sjr3aPX8Bmfo7avGvib3ZJUxrz8u9aL8S8fU,m2,,,,2000-01-01 00:10:06,run/data/m2/debug.log,413
verification_ok,3,,,,m2,3,3,0,2000-01-01 00:13:18,run/data/m2/debug.log,436
publication,4,53,42596,17Sjr3aPX8Bmfo7avGvib3ZJUxrz8u9aL8S8fU,m2,,,,2000-01-01 00:13:18,run/data/m2/debug.log,440
verification_ok,4,,,,m2,2,3,1,2000-01-01 00:16:27,run/data/m2/debug.log,1283
publication,5,65,47081,17Sjr3aPX8Bmfo7avGvib3ZJUxrz8u9aL8S8fU,m2,,,,2000-01-01 00:16:27,run/data/m2/debug.log,1287
verification_ok,5,,,,m2,2,3,1,2000-01-01 00:19:06,run/data/m2/debug.log,1687
publication,6,77,48785,17Sjr3aPX8Bmfo7avGvib3ZJUxrz8u9aL8S8fU,m2,,,,2000-01-01 00:19:06,run/data/m2/debug.log,1691
verification_ok,6,,,,m2,3,3,0,2000-01-01 00:21:51,run/data/m2/debug.log,3211
publication,7,89,36945,17Sjr3aPX8Bmfo7avGvib3ZJUxrz8u9aL8S8fU,m2,,,,2000-01-01 00:21:51,run/data/m2/debug.log,3215
verification_ok,7,,,,m2,3,3,0,2000-01-01 00:24:39,run/data/m2/debug.log,4498
publication,8,101,44838,17Sjr3aPX8Bmfo7avGvib3ZJUxrz8u9aL8S8fU,m2,,,,2000-01-01 00:24:39,run/data/m2/debug.log,4502
verification_ok,8,,,,m2,3,3,0,2000-01-01 00:27:51,run/data/m2/debug.log,5729
publication,9,113,47081,17Sjr3aPX8Bmfo7avGvib3ZJUxrz8u9aL8S8fU,m2,,,,2000-01-01 00:27:51,run/data/m2/debug.log,5733
verification_ok,9,,,,m2,2,3,1,2000-01-01 00:31:00,run/data/m2/debug.log,6677
publication,10,125,44838,17Sjr3aPX8Bmfo7avGvib3ZJUxrz8u9aL8S8fU,m2,,,,2000-01-01 00:31:00,run/data/m2/debug.log,6681
verification_ok,10,,,,m2,3,3,0,2000-01-01 00:34:09,run/data/m2/debug.log,7028
publication,11,137,48785,17Sjr3aPX8Bmfo7avGvib3ZJUxrz8u9aL8S8fU,m2,,,,2000-01-01 00:34:09,run/data/m2/debug.log,7032
verification_ok,11,,,,m2,3,3,0,2000-01-01 00:37:06,run/data/m2/debug.log,10100
publication,12,149,48785,17Sjr3aPX8Bmfo7avGvib3ZJUxrz8u9aL8S8fU,m2,,,,2000-01-01 00:37:06,run/data/m2/debug.log,10103
verification_ok,12,,,,m2,0,3,3,2000-01-01 00:40:18,run/data/m2/debug.log,11479
publication,13,161,44664,17Sjr3aPX8Bmfo7avGvib3ZJUxrz8u9aL8S8fU,m2,,,,2000-01-01 00:40:18,run/data/m2/debug.log,11483
verification_ok,13,,,,m2,3,3,0,2000-01-01 00:43:33,run/data/m2/debug.log,13840
publication,14,173,44838,17Sjr3aPX8Bmfo7avGvib3ZJUxrz8u9aL8S8fU,m2,,,,2000-01-01 00:43:33,run/data/m2/debug.log,13844
publication,1,18,1,14KnmFNEyURiePokvh2K6DsJopgbgjeyn5WeVj,m3,,,,2000-01-01 00:04:27,run/data/m3/debug.log,364
verification_ok,1,,,,m3,3,3,0,2000-01-01 00:07:12,run/data/m3/debug.log,397
publication,2,29,3961,14KnmFNEyURiePokvh2K6DsJopgbgjeyn5WeVj,m3,,,,2000-01-01 00:07:12,run/data/m3/debug.log,401
verification_ok,2,,,,m3,3,3,0,2000-01-01 00:10:06,run/data/m3/debug.log,418
publication,3,41,12849,14KnmFNEyURiePokvh2K6DsJopgbgjeyn5WeVj,m3,,,,2000-01-01 00:10:06,run/data/m3/debug.log,422
verification_ok,3,,,,m3,3,3,0,2000-01-01 00:13:18,run/data/m3/debug.log,450
publication,4,53,12849,14KnmFNEyURiePokvh2K6DsJopgbgjeyn5WeVj,m3,,,,2000-01-01 00:13:18,run/data/m3/debug.log,453
verification_ok,4,,,,m3,2,3,1,2000-01-01 00:16:27,run/data/m3/debug.log,1066
publication,5,65,11099,14KnmFNEyURiePokvh2K6DsJopgbgjeyn5WeVj,m3,,,,2000-01-01 00:16:27,run/data/m3/debug.log,1070
verification_ok,5,,,,m3,2,3,1,2000-01-01 00:19:06,run/data/m3/debug.log,1845
publication,6,77,14185,14KnmFNEyURiePokvh2K6DsJopgbgjeyn5WeVj,m3,,,,2000-01-01 00:19:06,run/data/m3/debug.log,1849
verification_ok,6,,,,m3,3,3,0,2000-01-01 00:21:51,run/data/m3/debug.log,2457
publication,7,89,11514,14KnmFNEyURiePokvh2K6DsJopgbgjeyn5WeVj,m3,,,,2000-01-01 00:21:51,run/data/m3/debug.log,2461
verification_ok,7,,,,m3,3,3,0,2000-01-01 00:24:39,run/data/m3/debug.log,2952
publication,8,101,12849,14KnmFNEyURiePokvh2K6DsJopgbgjeyn5WeVj,m3,,,,2000-01-01 00:24:39,run/data/m3/debug.log,2956
verification_ok,8,,,,m3,3,3,0,2000-01-01 00:27:51,run/data/m3/debug.log,3479
publication,9,113,12849,14KnmFNEyURiePokvh2K6DsJopgbgjeyn5WeVj,m3,,,,2000-01-01 00:27:51,run/data/m3/debug.log,3482
verification_ok,9,,,,m3,2,3,1,2000-01-01 00:31:00,run/data/m3/debug.log,4503
publication,10,125,11099,14KnmFNEyURiePokvh2K6DsJopgbgjeyn5WeVj,m3,,,,2000-01-01 00:31:00,run/data/m3/debug.log,4507
verification_ok,10,,,,m3,3,3,0,2000-01-01 00:34:09,run/data/m3/debug.log,4716
publication,11,137,14185,14KnmFNEyURiePokvh2K6DsJopgbgjeyn5WeVj,m3,,,,2000-01-01 00:34:09,run/data/m3/debug.log,4720
verification_ok,11,,,,m3,3,3,0,2000-01-01 00:37:06,run/data/m3/debug.log,5637
publication,12,149,14185,14KnmFNEyURiePokvh2K6DsJopgbgjeyn5WeVj,m3,,,,2000-01-01 00:37:06,run/data/m3/debug.log,5640
verification_ok,12,,,,m3,0,3,3,2000-01-01 00:40:18,run/data/m3/debug.log,5825
publication,13,161,11099,14KnmFNEyURiePokvh2K6DsJopgbgjeyn5WeVj,m3,,,,2000-01-01 00:40:18,run/data/m3/debug.log,5829
verification_ok,13,,,,m3,3,3,0,2000-01-01 00:43:33,run/data/m3/debug.log,7000
publication,14,173,12849,14KnmFNEyURiePokvh2K6DsJopgbgjeyn5WeVj,m3,,,,2000-01-01 00:43:33,run/data/m3/debug.log,7004
