height,signer_address,signer_host,score,delay_floor_s,ntime,parent_ntime,n_hosts_seen,hosts_seen,n_lines,first_log_timestamp,first_source_file,first_source_line
200,1PsQyHWKH4xk2wTCB5JLwBYXPAAA9wdtm1u1pA,m1,9.62651779e-06,1,946685223,946685221,4,admin m1 m2 m3,8,2000-01-01 00:07:03,run/data/admin/debug.log,896
201,18GGauDrTeEJnuo5WxTDKBoNSryjXMhQvGRPjC,m2,1.45926796e-05,2,946685226,946685223,4,admin m1 m2 m3,11,2000-01-01 00:07:06,run/data/admin/debug.log,910
201,1PsQyHWKH4xk2wTCB5JLwBYXPAAA9wdtm1u1pA,m1,6.61171813e-05,2,946685226,946685223,4,admin m1 m2 m3,9,2000-01-01 00:07:06,run/data/admin/debug.log,921
202,1PsQyHWKH4xk2wTCB5JLwBYXPAAA9wdtm1u1pA,m1,3.49224887e-05,2,946685229,946685226,4,admin m1 m2 m3,11,2000-01-01 00:07:10,run/data/admin/debug.log,940
202,18GGauDrTeEJnuo5WxTDKBoNSryjXMhQvGRPjC,m2,2.79155651e-05,2,946685229,946685226,4,admin m1 m2 m3,9,2000-01-01 00:07:10,run/data/admin/debug.log,955
203,1PsQyHWKH4xk2wTCB5JLwBYXPAAA9wdtm1u1pA,m1,2.11997858e-05,2,946685233,946685229,4,admin m1 m2 m3,11,2000-01-01 00:07:13,run/data/admin/debug.log,976
203,18GGauDrTeEJnuo5WxTDKBoNSryjXMhQvGRPjC,m2,0.000196729981,2,946685233,946685229,4,admin m1 m2 m3,9,2000-01-01 00:07:13,run/data/admin/debug.log,987
204,18GGauDrTeEJnuo5WxTDKBoNSryjXMhQvGRPjC,m2,2.46447155e-05,2,946685236,946685233,4,admin m1 m2 m3,11,2000-01-01 00:07:16,run/data/admin/debug.log,1006
204,1PsQyHWKH4xk2wTCB5JLwBYXPAAA9wdtm1u1pA,m1,5.72826257e-05,2,946685236,946685233,4,admin m1 m2 m3,9,2000-01-01 00:07:16,run/data/admin/debug.log,1027
205,1PsQyHWKH4xk2wTCB5JLwBYXPAAA9wdtm1u1pA,m1,5.9267458e-05,2,946685239,946685236,4,admin m1 m2 m3,11,2000-01-01 00:07:20,run/data/admin/debug.log,1046
205,18GGauDrTeEJnuo5WxTDKBoNSryjXMhQvGRPjC,m2,3.3975597e-05,2,946685239,946685236,4,admin m1 m2 m3,9,2000-01-01 00:07:20,run/data/admin/debug.log,1070
206,18GGauDrTeEJnuo5WxTDKBoNSryjXMhQvGRPjC,m2,3.08801516e-05,2,946685242,946685239,4,admin m1 m2 m3,10,2000-01-01 00:07:23,run/data/admin/debug.log,1100
206,1PsQyHWKH4xk2wTCB5JLwBYXPAAA9wdtm1u1pA,m1,8.22591873e-05,2,946685243,946685239,4,admin m1 m2 m3,10,2000-01-01 00:07:23,run/data/admin/debug.log,1089
207,1PsQyHWKH4xk2wTCB5JLwBYXPAAA9wdtm1u1pA,m1,6.02558254e-06,1,946685245,946685243,4,admin m1 m2 m3,8,2000-01-01 00:07:25,run/data/admin/debug.log,1119
208,1PsQyHWKH4xk2wTCB5JLwBYXPAAA9wdtm1u1pA,m1,3.79825231e-06,1,946685247,946685245,4,admin m1 m2 m3,8,2000-01-01 00:07:27,run/data/admin/debug.log,1133
209,18GGauDrTeEJnuo5WxTDKBoNSryjXMhQvGRPjC,m2,4.66606927e-07,0,946685249,946685247,4,admin m1 m2 m3,8,2000-01-01 00:07:29,run/data/admin/debug.log,1147
210,18GGauDrTeEJnuo5WxTDKBoNSryjXMhQvGRPjC,m2,4.22071558e-05,2,946685252,946685249,4,admin m1 m2 m3,11,2000-01-01 00:07:33,run/data/admin/debug.log,1162
210,1PsQyHWKH4xk2wTCB5JLwBYXPAAA9wdtm1u1pA,m1,3.22704806e-06,1,946685252,946685249,4,admin m1 m2 m3,9,2000-01-01 00:07:33,run/data/admin/debug.log,1173
211,18GGauDrTeEJnuo5WxTDKBoNSryjXMhQvGRPjC,m2,5.9713471e-06,1,946685255,946685252,4,admin m1 m2 m3,8,2000-01-01 00:07:35,run/data/admin/debug.log,1192
212,18GGauDrTeEJnuo5WxTDKBoNSryjXMhQvGRPjC,m2,2.90159751e-06,1,946685256,946685255,4,admin m1 m2 m3,8,2000-01-01 00:07:36,run/data/admin/debug.log,1206
213,18GGauDrTeEJnuo5WxTDKBoNSryjXMhQvGRPjC,m2,8.07798962e-06,1,946685258,946685256,4,admin m1 m2 m3,8,2000-01-01 00:07:38,run/data/admin/debug.log,1220
214,1PsQyHWKH4xk2wTCB5JLwBYXPAAA9wdtm1u1pA,m1,2.14492526e-06,1,946685260,946685258,4,admin m1 m2 m3,8,2000-01-01 00:07:41,run/data/admin/debug.log,1234
215,18GGauDrTeEJnuo5WxTDKBoNSryjXMhQvGRPjC,m2,4.27760836e-06,1,946685263,946685260,4,admin m1 m2 m3,11,2000-01-01 00:07:44,run/data/admin/debug.log,1250
215,1PsQyHWKH4xk2wTCB5JLwBYXPAAA9wdtm1u1pA,m1,9.51594837e-05,2,946685264,946685260,4,admin m1 m2 m3,9,2000-01-01 00:07:44,run/data/admin/debug.log,1261
216,1PsQyHWKH4xk2wTCB5JLwBYXPAAA9wdtm1u1pA,m1,3.5659724e-05,2,946685267,946685264,4,admin m1 m2 m3,10,2000-01-01 00:07:47,run/data/admin/debug.log,1280
216,18GGauDrTeEJnuo5WxTDKBoNSryjXMhQvGRPjC,m2,0.000207569433,2,946685267,946685263,4,admin m1 m2 m3,10,2000-01-01 00:07:47,run/data/admin/debug.log,1295
217,1PsQyHWKH4xk2wTCB5JLwBYXPAAA9wdtm1u1pA,m1,1.78589741e-05,2,946685269,946685267,4,admin m1 m2 m3,8,2000-01-01 00:07:49,run/data/admin/debug.log,1314
218,1PsQyHWKH4xk2wTCB5JLwBYXPAAA9wdtm1u1pA,m1,5.66973282e-07,0,946685270,946685269,4,admin m1 m2 m3,8,2000-01-01 00:07:51,run/data/admin/debug.log,1328
219,1PsQyHWKH4xk2wTCB5JLwBYXPAAA9wdtm1u1pA,m1,7.61506471e-06,1,946685272,946685270,4,admin m1 m2 m3,8,2000-01-01 00:07:53,run/data/admin/debug.log,1342
220,1PsQyHWKH4xk2wTCB5JLwBYXPAAA9wdtm1u1pA,m1,2.85072195e-05,2,946685276,946685272,4,admin m1 m2 m3,8,2000-01-01 00:07:56,run/data/admin/debug.log,1356
221,1PsQyHWKH4xk2wTCB5JLwBYXPAAA9wdtm1u1pA,m1,2.35963211e-05,2,946685279,946685276,4,admin m1 m2 m3,8,2000-01-01 00:08:00,run/data/admin/debug.log,1370
222,1PsQyHWKH4xk2wTCB5JLwBYXPAAA9wdtm1u1pA,m1,4.47511845e-05,2,946685282,946685279,4,admin m1 m2 m3,8,2000-01-01 00:08:03,run/data/admin/debug.log,1388
223,1PsQyHWKH4xk2wTCB5JLwBYXPAAA9wdtm1u1pA,m1,7.22512426e-06,1,946685285,946685282,4,admin m1 m2 m3,8,2000-01-01 00:08:05,run/data/admin/debug.log,1402
224,1PsQyHWKH4xk2wTCB5JLwBYXPAAA9wdtm1u1pA,m1,1.408723e-05,2,946685287,946685285,4,admin m1 m2 m3,8,2000-01-01 00:08:07,run/data/admin/debug.log,1416
225,1PsQyHWKH4xk2wTCB5JLwBYXPAAA9wdtm1u1pA,m1,1.1949987e-05,1,946685289,946685287,4,admin m1 m2 m3,8,2000-01-01 00:08:09,run/data/admin/debug.log,1430
226,1PsQyHWKH4xk2wTCB5JLwBYXPAAA9wdtm1u1pA,m1,2.7724278e-05,2,946685292,946685289,4,admin m1 m2 m3,8,2000-01-01 00:08:12,run/data/admin/debug.log,1445
227,1PsQyHWKH4xk2wTCB5JLwBYXPAAA9wdtm1u1pA,m1,1.45838887e-05,2,946685294,946685292,4,admin m1 m2 m3,8,2000-01-01 00:08:15,run/data/admin/debug.log,1459
228,1PsQyHWKH4xk2wTCB5JLwBYXPAAA9wdtm1u1pA,m1,2.65583243e-05,2,946685298,946685294,4,admin m1 m2 m3,8,2000-01-01 00:08:18,run/data/admin/debug.log,1473
229,18GGauDrTeEJnuo5WxTDKBoNSryjXMhQvGRPjC,m2,1.05557375e-05,1,946685301,946685298,4,admin m1 m2 m3,14,2000-01-01 00:08:21,run/data/admin/debug.log,1487
229,17T8kJfSiCizDdpFGYkHLao39XoWdGo3yaEjhJ,m3,5.90407336e-06,1,946685301,946685298,4,admin m1 m2 m3,12,2000-01-01 00:08:21,run/data/admin/debug.log,1498
229,1PsQyHWKH4xk2wTCB5JLwBYXPAAA9wdtm1u1pA,m1,3.58376678e-05,2,946685301,946685298,4,admin m1 m2 m3,10,2000-01-01 00:08:21,run/data/admin/debug.log,1514
230,1PsQyHWKH4xk2wTCB5JLwBYXPAAA9wdtm1u1pA,m1,8.39559223e-06,1,946685303,946685301,4,admin m1 m2 m3,11,2000-01-01 00:08:24,run/data/admin/debug.log,1538
230,17T8kJfSiCizDdpFGYkHLao39XoWdGo3yaEjhJ,m3,1.66582078e-05,2,946685303,946685301,4,admin m1 m2 m3,9,2000-01-01 00:08:24,run/data/admin/debug.log,1553
231,1PsQyHWKH4xk2wTCB5JLwBYXPAAA9wdtm1u1pA,m1,8.33902518e-06,1,946685305,946685303,4,admin m1 m2 m3,8,2000-01-01 00:08:26,run/data/admin/debug.log,1572
232,17T8kJfSiCizDdpFGYkHLao39XoWdGo3yaEjhJ,m3,1.34001258e-06,1,946685308,946685305,4,admin m1 m2 m3,8,2000-01-01 00:08:28,run/data/admin/debug.log,1586
233,18GGauDrTeEJnuo5WxTDKBoNSryjXMhQvGRPjC,m2,9.93181177e-06,1,946685311,946685308,4,admin m1 m2 m3,14,2000-01-01 00:08:31,run/data/admin/debug.log,1600
233,1PsQyHWKH4xk2wTCB5JLwBYXPAAA9wdtm1u1pA,m1,1.44174296e-05,2,946685311,946685308,4,admin m1 m2 m3,12,2000-01-01 00:08:31,run/data/admin/debug.log,1611
233,17T8kJfSiCizDdpFGYkHLao39XoWdGo3yaEjhJ,m3,7.88233401e-05,2,946685311,946685308,4,admin m1 m2 m3,10,2000-01-01 00:08:31,run/data/admin/debug.log,1627
234,1PsQyHWKH4xk2wTCB5JLwBYXPAAA9wdtm1u1pA,m1,1.62748913e-05,2,946685313,946685311,4,admin m1 m2 m3,8,2000-01-01 00:08:34,run/data/admin/debug.log,1652
235,1PsQyHWKH4xk2wTCB5JLwBYXPAAA9wdtm1u1pA,m1,6.17460796e-05,2,946685316,946685313,4,admin m1 m2 m3,8,2000-01-01 00:08:37,run/data/admin/debug.log,1670
236,1PsQyHWKH4xk2wTCB5JLwBYXPAAA9wdtm1u1pA,m1,3.4450497e-05,2,946685320,946685316,4,admin m1 m2 m3,8,2000-01-01 00:08:40,run/data/admin/debug.log,1684
237,1PsQyHWKH4xk2wTCB5JLwBYXPAAA9wdtm1u1pA,m1,2.88822318e-05,2,946685323,946685320,4,admin m1 m2 m3,8,2000-01-01 00:08:43,run/data/admin/debug.log,1700
238,1PsQyHWKH4xk2wTCB5JLwBYXPAAA9wdtm1u1pA,m1,5.38963344e-06,1,946685325,946685323,4,admin m1 m2 m3,8,2000-01-01 00:08:46,run/data/admin/debug.log,1714
239,1PsQyHWKH4xk2wTCB5JLwBYXPAAA9wdtm1u1pA,m1,1.50356917e-06,1,946685326,946685325,4,admin m1 m2 m3,8,2000-01-01 00:08:47,run/data/admin/debug.log,1728
240,18GGauDrTeEJnuo5WxTDKBoNSryjXMhQvGRPjC,m2,3.02461572e-06,1,946685329,946685326,4,admin m1 m2 m3,11,2000-01-01 00:08:50,run/data/admin/debug.log,1742
240,1PsQyHWKH4xk2wTCB5JLwBYXPAAA9wdtm1u1pA,m1,2.72888644e-05,2,946685330,946685326,4,admin m1 m2 m3,9,2000-01-01 00:08:50,run/data/admin/debug.log,1753
241,1PsQyHWKH4xk2wTCB5JLwBYXPAAA9wdtm1u1pA,m1,1.34573981e-05,1,946685332,946685330,4,admin m1 m2 m3,8,2000-01-01 00:08:52,run/data/admin/debug.log,1772
242,1PsQyHWKH4xk2wTCB5JLwBYXPAAA9wdtm1u1pA,m1,9.33783269e-06,1,946685334,946685332,4,admin m1 m2 m3,8,2000-01-01 00:08:54,run/data/admin/debug.log,1790
243,1PsQyHWKH4xk2wTCB5JLwBYXPAAA9wdtm1u1pA,m1,3.68116257e-08,0,946685335,946685334,4,admin m1 m2 m3,8,2000-01-01 00:08:56,run/data/admin/debug.log,1804
244,1PsQyHWKH4xk2wTCB5JLwBYXPAAA9wdtm1u1pA,m1,2.69772873e-05,2,946685339,946685335,4,admin m1 m2 m3,8,2000-01-01 00:08:59,run/data/admin/debug.log,1818
245,1PsQyHWKH4xk2wTCB5JLwBYXPAAA9wdtm1u1pA,m1,9.72091358e-06,1,946685341,946685339,4,admin m1 m2 m3,8,2000-01-01 00:09:01,run/data/admin/debug.log,1832
246,1PsQyHWKH4xk2wTCB5JLwBYXPAAA9wdtm1u1pA,m1,2.59251861e-06,1,946685343,946685341,4,admin m1 m2 m3,8,2000-01-01 00:09:03,run/data/admin/debug.log,1847
247,1PsQyHWKH4xk2wTCB5JLwBYXPAAA9wdtm1u1pA,m1,2.18253236e-05,2,946685346,946685343,4,admin m1 m2 m3,8,2000-01-01 00:09:06,run/data/admin/debug.log,1861
248,1PsQyHWKH4xk2wTCB5JLwBYXPAAA9wdtm1u1pA,m1,0.000113934977,2,946685350,946685346,4,admin m1 m2 m3,8,2000-01-01 00:09:10,run/data/admin/debug.log,1875
249,1PsQyHWKH4xk2wTCB5JLwBYXPAAA9wdtm1u1pA,m1,3.9830758e-06,1,946685352,946685350,4,admin m1 m2 m3,8,2000-01-01 00:09:12,run/data/admin/debug.log,1889
250,1PsQyHWKH4xk2wTCB5JLwBYXPAAA9wdtm1u1pA,m1,5.49885822e-06,1,946685354,946685352,4,admin m1 m2 m3,8,2000-01-01 00:09:14,run/data/admin/debug.log,1904
251,1PsQyHWKH4xk2wTCB5JLwBYXPAAA9wdtm1u1pA,m1,2.11759788e-05,2,946685357,946685354,4,admin m1 m2 m3,8,2000-01-01 00:09:18,run/data/admin/debug.log,1918
252,1PsQyHWKH4xk2wTCB5JLwBYXPAAA9wdtm1u1pA,m1,1.97777028e-05,2,946685361,946685357,4,admin m1 m2 m3,8,2000-01-01 00:09:21,run/data/admin/debug.log,1932
253,1PsQyHWKH4xk2wTCB5JLwBYXPAAA9wdtm1u1pA,m1,9.71397136e-06,1,946685363,946685361,4,admin m1 m2 m3,8,2000-01-01 00:09:23,run/data/admin/debug.log,1946
254,1PsQyHWKH4xk2wTCB5JLwBYXPAAA9wdtm1u1pA,m1,0.000122949647,2,946685366,946685363,4,admin m1 m2 m3,8,2000-01-01 00:09:27,run/data/admin/debug.log,1960
255,18GGauDrTeEJnuo5WxTDKBoNSryjXMhQvGRPjC,m2,5.24829165e-06,1,946685369,946685366,4,admin m1 m2 m3,8,2000-01-01 00:09:29,run/data/admin/debug.log,1974
256,18GGauDrTeEJnuo5WxTDKBoNSryjXMhQvGRPjC,m2,3.07344752e-06,1,946685371,946685369,4,admin m1 m2 m3,8,2000-01-01 00:09:31,run/data/admin/debug.log,1988
257,18GGauDrTeEJnuo5WxTDKBoNSryjXMhQvGRPjC,m2,4.86338449e-05,2,946685375,946685371,4,admin m1 m2 m3,8,2000-01-01 00:09:35,run/data/admin/debug.log,2002
258,18GGauDrTeEJnuo5WxTDKBoNSryjXMhQvGRPjC,m2,0.000120872432,2,946685378,946685375,4,admin m1 m2 m3,8,2000-01-01 00:09:38,run/data/admin/debug.log,2017
259,1PsQyHWKH4xk2wTCB5JLwBYXPAAA9wdtm1u1pA,m1,6.30386038e-07,0,946685379,946685378,4,admin m1 m2 m3,8,2000-01-01 00:09:40,run/data/admin/debug.log,2031
260,1PsQyHWKH4xk2wTCB5JLwBYXPAAA9wdtm1u1pA,m1,1.11640916e-06,0,946685380,946685379,4,admin m1 m2 m3,8,2000-01-01 00:09:41,run/data/admin/debug.log,2045
261,1PsQyHWKH4xk2wTCB5JLwBYXPAAA9wdtm1u1pA,m1,4.16055584e-06,1,946685383,946685380,4,admin m1 m2 m3,8,2000-01-01 00:09:43,run/data/admin/debug.log,2059
262,1PsQyHWKH4xk2wTCB5JLwBYXPAAA9wdtm1u1pA,m1,2.89385758e-05,2,946685386,946685383,4,admin m1 m2 m3,8,2000-01-01 00:09:46,run/data/admin/debug.log,2075
263,18GGauDrTeEJnuo5WxTDKBoNSryjXMhQvGRPjC,m2,9.17929039e-06,1,946685389,946685386,4,admin m1 m2 m3,8,2000-01-01 00:09:49,run/data/admin/debug.log,2089
264,18GGauDrTeEJnuo5WxTDKBoNSryjXMhQvGRPjC,m2,0.000106458415,2,946685392,946685389,4,admin m1 m2 m3,8,2000-01-01 00:09:53,run/data/admin/debug.log,2103
265,1PsQyHWKH4xk2wTCB5JLwBYXPAAA9wdtm1u1pA,m1,4.6239818e-06,1,946685395,946685392,4,admin m1 m2 m3,8,2000-01-01 00:09:55,run/data/admin/debug.log,2117
266,1PsQyHWKH4xk2wTCB5JLwBYXPAAA9wdtm1u1pA,m1,7.33937921e-06,1,946685397,946685395,4,admin m1 m2 m3,8,2000-01-01 00:09:58,run/data/admin/debug.log,2131
267,1PsQyHWKH4xk2wTCB5JLwBYXPAAA9wdtm1u1pA,m1,6.01491994e-05,2,946685400,946685397,4,admin m1 m2 m3,8,2000-01-01 00:10:01,run/data/admin/debug.log,2148
268,1PsQyHWKH4xk2wTCB5JLwBYXPAAA9wdtm1u1pA,m1,7.57872938e-05,2,946685404,946685400,4,admin m1 m2 m3,8,2000-01-01 00:10:04,run/data/admin/debug.log,2162
269,1PsQyHWKH4xk2wTCB5JLwBYXPAAA9wdtm1u1pA,m1,7.79299877e-06,1,946685406,946685404,4,admin m1 m2 m3,8,2000-01-01 00:10:06,run/data/admin/debug.log,2176
270,1PsQyHWKH4xk2wTCB5JLwBYXPAAA9wdtm1u1pA,m1,6.97410117e-05,2,946685409,946685406,4,admin m1 m2 m3,8,2000-01-01 00:10:09,run/data/admin/debug.log,2191
271,18GGauDrTeEJnuo5WxTDKBoNSryjXMhQvGRPjC,m2,2.36217231e-05,2,946685412,946685409,4,admin m1 m2 m3,11,2000-01-01 00:10:12,run/data/admin/debug.log,2205
271,1PsQyHWKH4xk2wTCB5JLwBYXPAAA9wdtm1u1pA,m1,5.84428564e-05,2,946685412,946685409,4,admin m1 m2 m3,9,2000-01-01 00:10:13,run/data/admin/debug.log,2219
272,18GGauDrTeEJnuo5WxTDKBoNSryjXMhQvGRPjC,m2,7.6462919e-07,0,946685413,946685412,4,admin m1 m2 m3,8,2000-01-01 00:10:13,run/data/admin/debug.log,2235
273,18GGauDrTeEJnuo5WxTDKBoNSryjXMhQvGRPjC,m2,0.000193170562,2,946685416,946685413,4,admin m1 m2 m3,8,2000-01-01 00:10:17,run/data/admin/debug.log,2250
274,1PsQyHWKH4xk2wTCB5JLwBYXPAAA9wdtm1u1pA,m1,4.11016608e-06,1,946685419,946685416,4,admin m1 m2 m3,8,2000-01-01 00:10:19,run/data/admin/debug.log,2264
275,1PsQyHWKH4xk2wTCB5JLwBYXPAAA9wdtm1u1pA,m1,0.000134278756,2,946685422,946685419,4,admin m1 m2 m3,8,2000-01-01 00:10:23,run/data/admin/debug.log,2278
276,1PsQyHWKH4xk2wTCB5JLwBYXPAAA9wdtm1u1pA,m1,2.05714467e-05,2,946685425,946685422,4,admin m1 m2 m3,8,2000-01-01 00:10:25,run/data/admin/debug.log,2292
277,18GGauDrTeEJnuo5WxTDKBoNSryjXMhQvGRPjC,m2,1.34847136e-06,0,946685426,946685425,4,admin m1 m2 m3,8,2000-01-01 00:10:27,run/data/admin/debug.log,2306
278,18GGauDrTeEJnuo5WxTDKBoNSryjXMhQvGRPjC,m2,8.44233715e-05,2,946685430,946685426,4,admin m1 m2 m3,11,2000-01-01 00:10:30,run/data/admin/debug.log,2320
278,1PsQyHWKH4xk2wTCB5JLwBYXPAAA9wdtm1u1pA,m1,6.19787076e-05,2,946685430,946685426,4,admin m1 m2 m3,9,2000-01-01 00:10:30,run/data/admin/debug.log,2334
279,1PsQyHWKH4xk2wTCB5JLwBYXPAAA9wdtm1u1pA,m1,1.27750811e-05,1,946685432,946685430,4,admin m1 m2 m3,8,2000-01-01 00:10:33,run/data/admin/debug.log,2350
280,18GGauDrTeEJnuo5WxTDKBoNSryjXMhQvGRPjC,m2,2.12360694e-05,2,946685435,946685432,4,admin m1 m2 m3,8,2000-01-01 00:10:36,run/data/admin/debug.log,2368
281,1PsQyHWKH4xk2wTCB5JLwBYXPAAA9wdtm1u1pA,m1,3.12109752e-06,1,946685438,946685435,4,admin m1 m2 m3,8,2000-01-01 00:10:38,run/data/admin/debug.log,2382
282,17T8kJfSiCizDdpFGYkHLao39XoWdGo3yaEjhJ,m3,2.03392908e-05,2,946685441,946685438,4,admin m1 m2 m3,8,2000-01-01 00:10:41,run/data/admin/debug.log,2397
283,18GGauDrTeEJnuo5WxTDKBoNSryjXMhQvGRPjC,m2,8.7205042e-06,1,946685444,946685441,4,admin m1 m2 m3,11,2000-01-01 00:10:44,run/data/admin/debug.log,2412
283,17T8kJfSiCizDdpFGYkHLao39XoWdGo3yaEjhJ,m3,5.1264257e-05,2,946685444,946685441,4,admin m1 m2 m3,9,2000-01-01 00:10:45,run/data/admin/debug.log,2426
284,18GGauDrTeEJnuo5WxTDKBoNSryjXMhQvGRPjC,m2,3.49623713e-06,1,946685446,946685444,4,admin m1 m2 m3,14,2000-01-01 00:10:47,run/data/admin/debug.log,2442
284,17T8kJfSiCizDdpFGYkHLao39XoWdGo3yaEjhJ,m3,1.58314225e-05,2,946685446,946685444,4,admin m1 m2 m3,12,2000-01-01 00:10:47,run/data/admin/debug.log,2453
284,1PsQyHWKH4xk2wTCB5JLwBYXPAAA9wdtm1u1pA,m1,2.25908598e-06,1,946685447,946685444,4,admin m1 m2 m3,10,2000-01-01 00:10:47,run/data/admin/debug.log,2472
285,18GGauDrTeEJnuo5WxTDKBoNSryjXMhQvGRPjC,m2,0.000150790789,2,946685449,946685446,4,admin m1 m2 m3,11,2000-01-01 00:10:50,run/data/admin/debug.log,2493
285,17T8kJfSiCizDdpFGYkHLao39XoWdGo3yaEjhJ,m3,2.48010808e-05,2,946685450,946685446,4,admin m1 m2 m3,9,2000-01-01 00:10:50,run/data/admin/debug.log,2504
286,1PsQyHWKH4xk2wTCB5JLwBYXPAAA9wdtm1u1pA,m1,1.04317618e-07,0,946685451,946685449,4,admin m1 m2 m3,8,2000-01-01 00:10:51,run/data/admin/debug.log,2523
287,1PsQyHWKH4xk2wTCB5JLwBYXPAAA9wdtm1u1pA,m1,4.1542359e-06,1,946685453,946685451,4,admin m1 m2 m3,8,2000-01-01 00:10:54,run/data/admin/debug.log,2537
288,18GGauDrTeEJnuo5WxTDKBoNSryjXMhQvGRPjC,m2,8.72224956e-07,0,946685455,946685453,4,admin m1 m2 m3,11,2000-01-01 00:10:55,run/data/admin/debug.log,2551
288,1PsQyHWKH4xk2wTCB5JLwBYXPAAA9wdtm1u1pA,m1,9.47313979e-06,1,946685455,946685453,4,admin m1 m2 m3,9,2000-01-01 00:10:56,run/data/admin/debug.log,2565
289,18GGauDrTeEJnuo5WxTDKBoNSryjXMhQvGRPjC,m2,0.000145250798,2,946685458,946685455,4,admin m1 m2 m3,11,2000-01-01 00:10:59,run/data/admin/debug.log,2581
289,17T8kJfSiCizDdpFGYkHLao39XoWdGo3yaEjhJ,m3,1.0307467e-05,1,946685458,946685455,4,admin m1 m2 m3,9,2000-01-01 00:10:59,run/data/admin/debug.log,2592
290,18GGauDrTeEJnuo5WxTDKBoNSryjXMhQvGRPjC,m2,9.90587822e-05,2,946685462,946685458,4,admin m1 m2 m3,14,2000-01-01 00:11:02,run/data/admin/debug.log,2611
290,17T8kJfSiCizDdpFGYkHLao39XoWdGo3yaEjhJ,m3,2.51161806e-05,2,946685462,946685458,4,admin m1 m2 m3,12,2000-01-01 00:11:02,run/data/admin/debug.log,2622
290,1PsQyHWKH4xk2wTCB5JLwBYXPAAA9wdtm1u1pA,m1,3.72291739e-05,2,946685462,946685458,4,admin m1 m2 m3,10,2000-01-01 00:11:02,run/data/admin/debug.log,2641
291,18GGauDrTeEJnuo5WxTDKBoNSryjXMhQvGRPjC,m2,0.000103164074,2,946685465,946685462,4,admin m1 m2 m3,11,2000-01-01 00:11:05,run/data/admin/debug.log,2662
291,17T8kJfSiCizDdpFGYkHLao39XoWdGo3yaEjhJ,m3,2.7806241e-05,2,946685465,946685462,4,admin m1 m2 m3,9,2000-01-01 00:11:05,run/data/admin/debug.log,2673
292,18GGauDrTeEJnuo5WxTDKBoNSryjXMhQvGRPjC,m2,1.40819682e-05,2,946685467,946685465,4,admin m1 m2 m3,8,2000-01-01 00:11:08,run/data/admin/debug.log,2692
293,18GGauDrTeEJnuo5WxTDKBoNSryjXMhQvGRPjC,m2,5.32470606e-05,2,946685470,946685467,4,admin m1 m2 m3,8,2000-01-01 00:11:11,run/data/admin/debug.log,2706
294,18GGauDrTeEJnuo5WxTDKBoNSryjXMhQvGRPjC,m2,8.96597836e-05,2,946685474,946685470,4,admin m1 m2 m3,8,2000-01-01 00:11:14,run/data/admin/debug.log,2721
295,18GGauDrTeEJnuo5WxTDKBoNSryjXMhQvGRPjC,m2,0.000172152067,2,946685477,946685474,4,admin m1 m2 m3,11,2000-01-01 00:11:18,run/data/admin/debug.log,2737
295,1PsQyHWKH4xk2wTCB5JLwBYXPAAA9wdtm1u1pA,m1,1.8880983e-05,2,946685477,946685474,4,admin m1 m2 m3,9,2000-01-01 00:11:18,run/data/admin/debug.log,2751
296,18GGauDrTeEJnuo5WxTDKBoNSryjXMhQvGRPjC,m2,3.00604384e-06,1,946685479,946685477,4,admin m1 m2 m3,8,2000-01-01 00:11:20,run/data/admin/debug.log,2767
297,18GGauDrTeEJnuo5WxTDKBoNSryjXMhQvGRPjC,m2,1.46401904e-05,2,946685481,946685479,4,admin m1 m2 m3,8,2000-01-01 00:11:22,run/data/admin/debug.log,2781
298,18GGauDrTeEJnuo5WxTDKBoNSryjXMhQvGRPjC,m2,0.000108359553,2,946685485,946685481,4,admin m1 m2 m3,8,2000-01-01 00:11:25,run/data/admin/debug.log,2795
299,1PsQyHWKH4xk2wTCB5JLwBYXPAAA9wdtm1u1pA,m1,1.22722279e-06,0,946685486,946685485,4,admin m1 m2 m3,8,2000-01-01 00:11:27,run/data/admin/debug.log,2809
300,1PsQyHWKH4xk2wTCB5JLwBYXPAAA9wdtm1u1pA,m1,4.41578317e-05,2,946685490,946685486,4,admin m1 m2 m3,8,2000-01-01 00:11:30,run/data/admin/debug.log,2823
301,1PsQyHWKH4xk2wTCB5JLwBYXPAAA9wdtm1u1pA,m1,1.41905996e-06,0,946685491,946685490,4,admin m1 m2 m3,8,2000-01-01 00:11:31,run/data/admin/debug.log,2834
302,18GGauDrTeEJnuo5WxTDKBoNSryjXMhQvGRPjC,m2,7.46148132e-06,1,946685494,946685491,4,admin m1 m2 m3,11,2000-01-01 00:11:34,run/data/admin/debug.log,2848
302,1PsQyHWKH4xk2wTCB5JLwBYXPAAA9wdtm1u1pA,m1,3.59067515e-05,2,946685494,946685491,4,admin m1 m2 m3,9,2000-01-01 00:11:34,run/data/admin/debug.log,2862
303,18GGauDrTeEJnuo5WxTDKBoNSryjXMhQvGRPjC,m2,6.34588757e-05,2,946685497,946685494,4,admin m1 m2 m3,14,2000-01-01 00:11:37,run/data/admin/debug.log,2878
303,17T8kJfSiCizDdpFGYkHLao39XoWdGo3yaEjhJ,m3,8.472933e-06,1,946685497,946685494,4,admin m1 m2 m3,12,2000-01-01 00:11:37,run/data/admin/debug.log,2889
303,1PsQyHWKH4xk2wTCB5JLwBYXPAAA9wdtm1u1pA,m1,5.19544406e-05,2,946685497,946685494,4,admin m1 m2 m3,10,2000-01-01 00:11:38,run/data/admin/debug.log,2908
304,18GGauDrTeEJnuo5WxTDKBoNSryjXMhQvGRPjC,m2,7.63812578e-05,2,946685500,946685497,4,admin m1 m2 m3,11,2000-01-01 00:11:41,run/data/admin/debug.log,2929
304,17T8kJfSiCizDdpFGYkHLao39XoWdGo3yaEjhJ,m3,5.70011691e-05,2,946685500,946685497,4,admin m1 m2 m3,9,2000-01-01 00:11:41,run/data/admin/debug.log,2940
305,1PsQyHWKH4xk2wTCB5JLwBYXPAAA9wdtm1u1pA,m1,1.14790746e-05,1,946685503,946685500,4,admin m1 m2 m3,8,2000-01-01 00:11:43,run/data/admin/debug.log,2959
306,1PsQyHWKH4xk2wTCB5JLwBYXPAAA9wdtm1u1pA,m1,3.20556542e-05,2,946685506,946685503,4,admin m1 m2 m3,8,2000-01-01 00:11:46,run/data/admin/debug.log,2975
307,1PsQyHWKH4xk2wTCB5JLwBYXPAAA9wdtm1u1pA,m1,2.91810341e-05,2,946685509,946685506,4,admin m1 m2 m3,8,2000-01-01 00:11:50,run/data/admin/debug.log,2989
308,1PsQyHWKH4xk2wTCB5JLwBYXPAAA9wdtm1u1pA,m1,4.24262656e-05,2,946685513,946685509,4,admin m1 m2 m3,8,2000-01-01 00:11:53,run/data/admin/debug.log,3003
309,18GGauDrTeEJnuo5WxTDKBoNSryjXMhQvGRPjC,m2,1.81335075e-05,2,946685516,946685513,4,admin m1 m2 m3,8,2000-01-01 00:11:56,run/data/admin/debug.log,3017
310,1PsQyHWKH4xk2wTCB5JLwBYXPAAA9wdtm1u1pA,m1,1.38322363e-05,1,946685518,946685516,4,admin m1 m2 m3,8,2000-01-01 00:11:59,run/data/admin/debug.log,3031
311,1PsQyHWKH4xk2wTCB5JLwBYXPAAA9wdtm1u1pA,m1,3.32459199e-05,2,946685522,946685518,4,admin m1 m2 m3,8,2000-01-01 00:12:02,run/data/admin/debug.log,3048
312,1PsQyHWKH4xk2wTCB5JLwBYXPAAA9wdtm1u1pA,m1,6.7536545e-05,2,946685525,946685522,4,admin m1 m2 m3,8,2000-01-01 00:12:05,run/data/admin/debug.log,3062
313,1PsQyHWKH4xk2wTCB5JLwBYXPAAA9wdtm1u1pA,m1,1.07562046e-05,1,946685527,946685525,4,admin m1 m2 m3,8,2000-01-01 00:12:08,run/data/admin/debug.log,3076
314,1PsQyHWKH4xk2wTCB5JLwBYXPAAA9wdtm1u1pA,m1,1.63965074e-05,1,946685529,946685527,4,admin m1 m2 m3,8,2000-01-01 00:12:10,run/data/admin/debug.log,3090
315,1PsQyHWKH4xk2wTCB5JLwBYXPAAA9wdtm1u1pA,m1,8.07569422e-05,2,946685533,946685529,4,admin m1 m2 m3,8,2000-01-01 00:12:13,run/data/admin/debug.log,3104
316,1PsQyHWKH4xk2wTCB5JLwBYXPAAA9wdtm1u1pA,m1,4.60100134e-05,2,946685536,946685533,4,admin m1 m2 m3,8,2000-01-01 00:12:16,run/data/admin/debug.log,3121
317,1PsQyHWKH4xk2wTCB5JLwBYXPAAA9wdtm1u1pA,m1,6.85261281e-07,0,946685537,946685536,4,admin m1 m2 m3,8,2000-01-01 00:12:17,run/data/admin/debug.log,3135
318,1PsQyHWKH4xk2wTCB5JLwBYXPAAA9wdtm1u1pA,m1,4.34222238e-05,2,946685540,946685537,4,admin m1 m2 m3,8,2000-01-01 00:12:21,run/data/admin/debug.log,3150
319,1PsQyHWKH4xk2wTCB5JLwBYXPAAA9wdtm1u1pA,m1,5.0684157e-06,1,946685543,946685540,4,admin m1 m2 m3,8,2000-01-01 00:12:23,run/data/admin/debug.log,3164
320,1PsQyHWKH4xk2wTCB5JLwBYXPAAA9wdtm1u1pA,m1,9.3325429e-06,1,946685545,946685543,4,admin m1 m2 m3,8,2000-01-01 00:12:25,run/data/admin/debug.log,3178
321,1PsQyHWKH4xk2wTCB5JLwBYXPAAA9wdtm1u1pA,m1,2.86627457e-05,2,946685548,946685545,4,admin m1 m2 m3,8,2000-01-01 00:12:28,run/data/admin/debug.log,3192
322,1PsQyHWKH4xk2wTCB5JLwBYXPAAA9wdtm1u1pA,m1,1.91266456e-05,2,946685551,946685548,4,admin m1 m2 m3,8,2000-01-01 00:12:32,run/data/admin/debug.log,3206
323,1PsQyHWKH4xk2wTCB5JLwBYXPAAA9wdtm1u1pA,m1,1.06612984e-05,1,946685554,946685551,4,admin m1 m2 m3,8,2000-01-01 00:12:34,run/data/admin/debug.log,3220
324,18GGauDrTeEJnuo5WxTDKBoNSryjXMhQvGRPjC,m2,3.34800044e-06,1,946685556,946685554,4,admin m1 m2 m3,8,2000-01-01 00:12:37,run/data/admin/debug.log,3234
325,1PsQyHWKH4xk2wTCB5JLwBYXPAAA9wdtm1u1pA,m1,2.57665208e-06,1,946685559,946685556,4,admin m1 m2 m3,8,2000-01-01 00:12:40,run/data/admin/debug.log,3248
326,1PsQyHWKH4xk2wTCB5JLwBYXPAAA9wdtm1u1pA,m1,3.22767387e-06,1,946685561,946685559,4,admin m1 m2 m3,8,2000-01-01 00:12:42,run/data/admin/debug.log,3262
327,1PsQyHWKH4xk2wTCB5JLwBYXPAAA9wdtm1u1pA,m1,3.53211459e-06,1,946685563,946685561,4,admin m1 m2 m3,8,2000-01-01 00:12:44,run/data/admin/debug.log,3276
328,1PsQyHWKH4xk2wTCB5JLwBYXPAAA9wdtm1u1pA,m1,1.77800164e-06,1,946685566,946685563,4,admin m1 m2 m3,8,2000-01-01 00:12:46,run/data/admin/debug.log,3291
329,1PsQyHWKH4xk2wTCB5JLwBYXPAAA9wdtm1u1pA,m1,1.17704692e-05,1,946685568,946685566,4,admin m1 m2 m3,8,2000-01-01 00:12:48,run/data/admin/debug.log,3305
330,17T8kJfSiCizDdpFGYkHLao39XoWdGo3yaEjhJ,m3,7.34817965e-06,1,946685571,946685568,4,admin m1 m2 m3,8,2000-01-01 00:12:51,run/data/admin/debug.log,3320
331,17T8kJfSiCizDdpFGYkHLao39XoWdGo3yaEjhJ,m3,1.539885e-05,2,946685573,946685571,4,admin m1 m2 m3,8,2000-01-01 00:12:53,run/data/admin/debug.log,3334
332,1PsQyHWKH4xk2wTCB5JLwBYXPAAA9wdtm1u1pA,m1,1.06726283e-06,1,946685574,946685573,4,admin m1 m2 m3,8,2000-01-01 00:12:55,run/data/admin/debug.log,3348
333,1PsQyHWKH4xk2wTCB5JLwBYXPAAA9wdtm1u1pA,m1,2.6605082e-05,2,946685578,946685574,4,admin m1 m2 m3,8,2000-01-01 00:12:58,run/data/admin/debug.log,3362
334,1PsQyHWKH4xk2wTCB5JLwBYXPAAA9wdtm1u1pA,m1,1.99347756e-06,1,946685580,946685578,4,admin m1 m2 m3,8,2000-01-01 00:13:00,run/data/admin/debug.log,3376
335,1PsQyHWKH4xk2wTCB5JLwBYXPAAA9wdtm1u1pA,m1,5.83061668e-09,0,946685581,946685580,4,admin m1 m2 m3,8,2000-01-01 00:13:01,run/data/admin/debug.log,3390
336,1PsQyHWKH4xk2wTCB5JLwBYXPAAA9wdtm1u1pA,m1,6.66412489e-06,1,946685583,946685581,4,admin m1 m2 m3,8,2000-01-01 00:13:04,run/data/admin/debug.log,3404
337,1PsQyHWKH4xk2wTCB5JLwBYXPAAA9wdtm1u1pA,m1,2.945076e-06,1,946685586,946685583,4,admin m1 m2 m3,8,2000-01-01 00:13:06,run/data/admin/debug.log,3418
338,1PsQyHWKH4xk2wTCB5JLwBYXPAAA9wdtm1u1pA,m1,4.04483398e-05,2,946685589,946685586,4,admin m1 m2 m3,8,2000-01-01 00:13:10,run/data/admin/debug.log,3432
339,1PsQyHWKH4xk2wTCB5JLwBYXPAAA9wdtm1u1pA,m1,4.85422557e-07,0,946685590,946685589,4,admin m1 m2 m3,8,2000-01-01 00:13:10,run/data/admin/debug.log,3446
340,1PsQyHWKH4xk2wTCB5JLwBYXPAAA9wdtm1u1pA,m1,1.11213875e-05,1,946685592,946685590,4,admin m1 m2 m3,8,2000-01-01 00:13:12,run/data/admin/debug.log,3460
341,1PsQyHWKH4xk2wTCB5JLwBYXPAAA9wdtm1u1pA,m1,2.29223594e-06,1,946685594,946685592,4,admin m1 m2 m3,8,2000-01-01 00:13:15,run/data/admin/debug.log,3474
342,1PsQyHWKH4xk2wTCB5JLwBYXPAAA9wdtm1u1pA,m1,8.99860346e-06,1,946685597,946685594,4,admin m1 m2 m3,8,2000-01-01 00:13:17,run/data/admin/debug.log,3490
343,17T8kJfSiCizDdpFGYkHLao39XoWdGo3yaEjhJ,m3,4.75961379e-06,1,946685599,946685597,4,admin m1 m2 m3,8,2000-01-01 00:13:20,run/data/admin/debug.log,3504
344,17T8kJfSiCizDdpFGYkHLao39XoWdGo3yaEjhJ,m3,5.16378324e-06,1,946685601,946685599,4,admin m1 m2 m3,8,2000-01-01 00:13:22,run/data/admin/debug.log,3518
345,18GGauDrTeEJnuo5WxTDKBoNSryjXMhQvGRPjC,m2,2.01698738e-06,1,946685605,946685601,4,admin m1 m2 m3,11,2000-01-01 00:13:25,run/data/admin/debug.log,3532
345,17T8kJfSiCizDdpFGYkHLao39XoWdGo3yaEjhJ,m3,0.000296006521,2,946685605,946685601,4,admin m1 m2 m3,9,2000-01-01 00:13:25,run/data/admin/debug.log,3543
346,18GGauDrTeEJnuo5WxTDKBoNSryjXMhQvGRPjC,m2,1.72542286e-05,2,946685607,946685605,4,admin m1 m2 m3,11,2000-01-01 00:13:27,run/data/admin/debug.log,3562
346,17T8kJfSiCizDdpFGYkHLao39XoWdGo3yaEjhJ,m3,8.09763157e-06,1,946685607,946685605,4,admin m1 m2 m3,9,2000-01-01 00:13:27,run/data/admin/debug.log,3576
347,18GGauDrTeEJnuo5WxTDKBoNSryjXMhQvGRPjC,m2,7.10060297e-05,2,946685610,946685607,4,admin m1 m2 m3,11,2000-01-01 00:13:31,run/data/admin/debug.log,3592
347,17T8kJfSiCizDdpFGYkHLao39XoWdGo3yaEjhJ,m3,4.39399187e-05,2,946685610,946685607,4,admin m1 m2 m3,9,2000-01-01 00:13:31,run/data/admin/debug.log,3603
348,17T8kJfSiCizDdpFGYkHLao39XoWdGo3yaEjhJ,m3,3.58996371e-06,1,946685613,946685610,4,admin m1 m2 m3,8,2000-01-01 00:13:33,run/data/admin/debug.log,3622
349,18GGauDrTeEJnuo5WxTDKBoNSryjXMhQvGRPjC,m2,1.20679843e-05,1,946685616,946685613,4,admin m1 m2 m3,11,2000-01-01 00:13:36,run/data/admin/debug.log,3646
349,17T8kJfSiCizDdpFGYkHLao39XoWdGo3yaEjhJ,m3,0.000452944081,2,946685616,946685613,4,admin m1 m2 m3,9,2000-01-01 00:13:36,run/data/admin/debug.log,3660
350,18GGauDrTeEJnuo5WxTDKBoNSryjXMhQvGRPjC,m2,0.000211810646,2,946685619,946685616,4,admin m1 m2 m3,11,2000-01-01 00:13:39,run/data/admin/debug.log,3676
350,17T8kJfSiCizDdpFGYkHLao39XoWdGo3yaEjhJ,m3,8.76668908e-05,2,946685619,946685616,4,admin m1 m2 m3,9,2000-01-01 00:13:39,run/data/admin/debug.log,3687
351,1PsQyHWKH4xk2wTCB5JLwBYXPAAA9wdtm1u1pA,m1,1.75251513e-05,2,946685622,946685619,4,admin m1 m2 m3,8,2000-01-01 00:13:42,run/data/admin/debug.log,3706
352,1PsQyHWKH4xk2wTCB5JLwBYXPAAA9wdtm1u1pA,m1,1.81144303e-05,2,946685624,946685622,4,admin m1 m2 m3,8,2000-01-01 00:13:44,run/data/admin/debug.log,3720
353,1PsQyHWKH4xk2wTCB5JLwBYXPAAA9wdtm1u1pA,m1,1.08146764e-05,1,946685626,946685624,4,admin m1 m2 m3,8,2000-01-01 00:13:47,run/data/admin/debug.log,3736
354,1PsQyHWKH4xk2wTCB5JLwBYXPAAA9wdtm1u1pA,m1,7.20670017e-05,2,946685630,946685626,4,admin m1 m2 m3,11,2000-01-01 00:13:50,run/data/admin/debug.log,3751
354,17T8kJfSiCizDdpFGYkHLao39XoWdGo3yaEjhJ,m3,0.000750342228,2,946685630,946685626,4,admin m1 m2 m3,9,2000-01-01 00:13:51,run/data/admin/debug.log,3765
355,1PsQyHWKH4xk2wTCB5JLwBYXPAAA9wdtm1u1pA,m1,1.25470904e-05,1,946685632,946685630,4,admin m1 m2 m3,8,2000-01-01 00:13:52,run/data/admin/debug.log,3781
356,1PsQyHWKH4xk2wTCB5JLwBYXPAAA9wdtm1u1pA,m1,1.0867336e-05,1,946685634,946685632,4,admin m1 m2 m3,8,2000-01-01 00:13:54,run/data/admin/debug.log,3795
357,1PsQyHWKH4xk2wTCB5JLwBYXPAAA9wdtm1u1pA,m1,3.28029323e-05,2,946685637,946685634,4,admin m1 m2 m3,11,2000-01-01 00:13:58,run/data/admin/debug.log,3809
357,17T8kJfSiCizDdpFGYkHLao39XoWdGo3yaEjhJ,m3,0.000105648906,2,946685638,946685634,4,admin m1 m2 m3,9,2000-01-01 00:13:58,run/data/admin/debug.log,3823
358,1PsQyHWKH4xk2wTCB5JLwBYXPAAA9wdtm1u1pA,m1,1.79900244e-05,2,946685640,946685637,4,admin m1 m2 m3,8,2000-01-01 00:14:00,run/data/admin/debug.log,3842
359,18GGauDrTeEJnuo5WxTDKBoNSryjXMhQvGRPjC,m2,1.64302558e-05,2,946685642,946685640,4,admin m1 m2 m3,8,2000-01-01 00:14:03,run/data/admin/debug.log,3856
360,18GGauDrTeEJnuo5WxTDKBoNSryjXMhQvGRPjC,m2,2.5698638e-06,1,946685644,946685642,4,admin m1 m2 m3,8,2000-01-01 00:14:05,run/data/admin/debug.log,3870
361,18GGauDrTeEJnuo5WxTDKBoNSryjXMhQvGRPjC,m2,7.49613589e-06,1,946685647,946685644,4,admin m1 m2 m3,8,2000-01-01 00:14:07,run/data/admin/debug.log,3884
362,18GGauDrTeEJnuo5WxTDKBoNSryjXMhQvGRPjC,m2,8.7514384e-05,2,946685650,946685647,4,admin m1 m2 m3,8,2000-01-01 00:14:10,run/data/admin/debug.log,3898
363,1PsQyHWKH4xk2wTCB5JLwBYXPAAA9wdtm1u1pA,m1,4.70068664e-06,1,946685653,946685650,4,admin m1 m2 m3,8,2000-01-01 00:14:13,run/data/admin/debug.log,3912
364,1PsQyHWKH4xk2wTCB5JLwBYXPAAA9wdtm1u1pA,m1,5.4926559e-05,2,946685656,946685653,4,admin m1 m2 m3,8,2000-01-01 00:14:16,run/data/admin/debug.log,3926
365,1PsQyHWKH4xk2wTCB5JLwBYXPAAA9wdtm1u1pA,m1,3.54644694e-05,2,946685659,946685656,4,admin m1 m2 m3,8,2000-01-01 00:14:20,run/data/admin/debug.log,3941
366,17T8kJfSiCizDdpFGYkHLao39XoWdGo3yaEjhJ,m3,1.30664632e-06,0,946685661,946685659,4,admin m1 m2 m3,8,2000-01-01 00:14:21,run/data/admin/debug.log,3955
367,1PsQyHWKH4xk2wTCB5JLwBYXPAAA9wdtm1u1pA,m1,1.79316906e-05,2,946685664,946685661,4,admin m1 m2 m3,8,2000-01-01 00:14:24,run/data/admin/debug.log,3970
368,1PsQyHWKH4xk2wTCB5JLwBYXPAAA9wdtm1u1pA,m1,3.87709315e-05,2,946685667,946685664,4,admin m1 m2 m3,11,2000-01-01 00:14:28,run/data/admin/debug.log,3984
368,18GGauDrTeEJnuo5WxTDKBoNSryjXMhQvGRPjC,m2,9.40110228e-05,2,946685668,946685664,4,admin m1 m2 m3,9,2000-01-01 00:14:28,run/data/admin/debug.log,3995
369,1PsQyHWKH4xk2wTCB5JLwBYXPAAA9wdtm1u1pA,m1,3.85961696e-06,1,946685669,946685667,4,admin m1 m2 m3,8,2000-01-01 00:14:30,run/data/admin/debug.log,4014
370,18GGauDrTeEJnuo5WxTDKBoNSryjXMhQvGRPjC,m2,1.10658067e-05,1,946685672,946685669,4,admin m1 m2 m3,8,2000-01-01 00:14:32,run/data/admin/debug.log,4028
371,1PsQyHWKH4xk2wTCB5JLwBYXPAAA9wdtm1u1pA,m1,1.06308336e-05,1,946685675,946685672,4,admin m1 m2 m3,11,2000-01-01 00:14:35,run/data/admin/debug.log,4042
371,18GGauDrTeEJnuo5WxTDKBoNSryjXMhQvGRPjC,m2,2.28802302e-05,2,946685675,946685672,4,admin m1 m2 m3,9,2000-01-01 00:14:36,run/data/admin/debug.log,4056
372,1PsQyHWKH4xk2wTCB5JLwBYXPAAA9wdtm1u1pA,m1,4.66189405e-05,2,946685678,946685675,4,admin m1 m2 m3,8,2000-01-01 00:14:38,run/data/admin/debug.log,4072
373,1PsQyHWKH4xk2wTCB5JLwBYXPAAA9wdtm1u1pA,m1,6.46908807e-06,1,946685680,946685678,4,admin m1 m2 m3,8,2000-01-01 00:14:41,run/data/admin/debug.log,4086
374,1PsQyHWKH4xk2wTCB5JLwBYXPAAA9wdtm1u1pA,m1,2.59916555e-05,2,946685684,946685680,4,admin m1 m2 m3,11,2000-01-01 00:14:44,run/data/admin/debug.log,4100
374,18GGauDrTeEJnuo5WxTDKBoNSryjXMhQvGRPjC,m2,0.000252763207,2,946685684,946685680,4,admin m1 m2 m3,9,2000-01-01 00:14:45,run/data/admin/debug.log,4114
375,1PsQyHWKH4xk2wTCB5JLwBYXPAAA9wdtm1u1pA,m1,1.38554403e-05,1,946685686,946685684,4,admin m1 m2 m3,8,2000-01-01 00:14:46,run/data/admin/debug.log,4130
376,18GGauDrTeEJnuo5WxTDKBoNSryjXMhQvGRPjC,m2,1.60711732e-05,2,946685688,946685686,4,admin m1 m2 m3,8,2000-01-01 00:14:49,run/data/admin/debug.log,4146
377,1PsQyHWKH4xk2wTCB5JLwBYXPAAA9wdtm1u1pA,m1,1.40821677e-05,2,946685691,946685688,4,admin m1 m2 m3,11,2000-01-01 00:14:52,run/data/admin/debug.log,4160
377,18GGauDrTeEJnuo5WxTDKBoNSryjXMhQvGRPjC,m2,3.9639558e-05,2,946685692,946685688,4,admin m1 m2 m3,9,2000-01-01 00:14:52,run/data/admin/debug.log,4174
378,18GGauDrTeEJnuo5WxTDKBoNSryjXMhQvGRPjC,m2,5.46093407e-06,1,946685694,946685692,4,admin m1 m2 m3,8,2000-01-01 00:14:54,run/data/admin/debug.log,4190
379,1PsQyHWKH4xk2wTCB5JLwBYXPAAA9wdtm1u1pA,m1,1.71620308e-06,1,946685696,946685694,4,admin m1 m2 m3,8,2000-01-01 00:14:56,run/data/admin/debug.log,4209
380,1PsQyHWKH4xk2wTCB5JLwBYXPAAA9wdtm1u1pA,m1,1.50316382e-06,1,946685697,946685696,4,admin m1 m2 m3,8,2000-01-01 00:14:57,run/data/admin/debug.log,4223
381,1PsQyHWKH4xk2wTCB5JLwBYXPAAA9wdtm1u1pA,m1,4.53575418e-08,0,946685698,946685697,4,admin m1 m2 m3,8,2000-01-01 00:14:58,run/data/admin/debug.log,4237
382,1PsQyHWKH4xk2wTCB5JLwBYXPAAA9wdtm1u1pA,m1,1.4992896e-05,2,946685700,946685698,4,admin m1 m2 m3,8,2000-01-01 00:15:01,run/data/admin/debug.log,4251
383,1PsQyHWKH4xk2wTCB5JLwBYXPAAA9wdtm1u1pA,m1,2.0989713e-05,2,946685703,946685700,4,admin m1 m2 m3,8,2000-01-01 00:15:04,run/data/admin/debug.log,4265
384,1PsQyHWKH4xk2wTCB5JLwBYXPAAA9wdtm1u1pA,m1,2.87284651e-06,1,946685706,946685703,4,admin m1 m2 m3,8,2000-01-01 00:15:06,run/data/admin/debug.log,4279
385,1PsQyHWKH4xk2wTCB5JLwBYXPAAA9wdtm1u1pA,m1,4.94747263e-06,1,946685708,946685706,4,admin m1 m2 m3,8,2000-01-01 00:15:08,run/data/admin/debug.log,4293
386,1PsQyHWKH4xk2wTCB5JLwBYXPAAA9wdtm1u1pA,m1,1.04305592e-05,1,946685710,946685708,4,admin m1 m2 m3,8,2000-01-01 00:15:11,run/data/admin/debug.log,4307
387,1PsQyHWKH4xk2wTCB5JLwBYXPAAA9wdtm1u1pA,m1,1.74854594e-05,2,946685713,946685710,4,admin m1 m2 m3,8,2000-01-01 00:15:14,run/data/admin/debug.log,4321
388,1PsQyHWKH4xk2wTCB5JLwBYXPAAA9wdtm1u1pA,m1,3.64504733e-06,1,946685716,946685713,4,admin m1 m2 m3,8,2000-01-01 00:15:16,run/data/admin/debug.log,4335
389,1PsQyHWKH4xk2wTCB5JLwBYXPAAA9wdtm1u1pA,m1,1.16409694e-05,1,946685718,946685716,4,admin m1 m2 m3,8,2000-01-01 00:15:18,run/data/admin/debug.log,4350
390,1PsQyHWKH4xk2wTCB5JLwBYXPAAA9wdtm1u1pA,m1,3.74144671e-06,1,946685720,946685718,4,admin m1 m2 m3,8,2000-01-01 00:15:20,run/data/admin/debug.log,4365
391,1PsQyHWKH4xk2wTCB5JLwBYXPAAA9wdtm1u1pA,m1,1.08873039e-05,1,946685722,946685720,4,admin m1 m2 m3,8,2000-01-01 00:15:23,run/data/admin/debug.log,4379
392,1PsQyHWKH4xk2wTCB5JLwBYXPAAA9wdtm1u1pA,m1,1.0408868e-05,1,946685724,946685722,4,admin m1 m2 m3,8,2000-01-01 00:15:25,run/data/admin/debug.log,4393
393,1PsQyHWKH4xk2wTCB5JLwBYXPAAA9wdtm1u1pA,m1,2.97592502e-05,2,946685728,946685724,4,admin m1 m2 m3,8,2000-01-01 00:15:28,run/data/admin/debug.log,4407
394,1PsQyHWKH4xk2wTCB5JLwBYXPAAA9wdtm1u1pA,m1,3.25335804e-06,1,946685730,946685728,4,admin m1 m2 m3,8,2000-01-01 00:15:30,run/data/admin/debug.log,4421
395,1PsQyHWKH4xk2wTCB5JLwBYXPAAA9wdtm1u1pA,m1,1.88628471e-05,2,946685733,946685730,4,admin m1 m2 m3,14,2000-01-01 00:15:34,run/data/admin/debug.log,4435
395,18GGauDrTeEJnuo5WxTDKBoNSryjXMhQvGRPjC,m2,0.000111425971,2,946685734,946685730,4,admin m1 m2 m3,12,2000-01-01 00:15:34,run/data/admin/debug.log,4449
395,17T8kJfSiCizDdpFGYkHLao39XoWdGo3yaEjhJ,m3,4.76281527e-05,2,946685734,946685730,4,admin m1 m2 m3,10,2000-01-01 00:15:34,run/data/admin/debug.log,4465
396,1PsQyHWKH4xk2wTCB5JLwBYXPAAA9wdtm1u1pA,m1,9.63641751e-05,2,946685737,946685733,4,admin m1 m2 m3,8,2000-01-01 00:15:37,run/data/admin/debug.log,4486
397,1PsQyHWKH4xk2wTCB5JLwBYXPAAA9wdtm1u1pA,m1,3.52715765e-06,1,946685739,946685737,4,admin m1 m2 m3,8,2000-01-01 00:15:39,run/data/admin/debug.log,4500
398,1PsQyHWKH4xk2wTCB5JLwBYXPAAA9wdtm1u1pA,m1,2.26285954e-05,2,946685742,946685739,4,admin m1 m2 m3,13,2000-01-01 00:15:43,run/data/admin/debug.log,4514
398,18GGauDrTeEJnuo5WxTDKBoNSryjXMhQvGRPjC,m2,3.29954689e-05,2,946685742,946685739,4,admin m1 m2 m3,10,2000-01-01 00:15:43,run/data/admin/debug.log,4528
398,17T8kJfSiCizDdpFGYkHLao39XoWdGo3yaEjhJ,m3,0.000869790481,2,946685742,946685739,4,admin m1 m2 m3,10,2000-01-01 00:15:43,run/data/admin/debug.log,4544
399,1PsQyHWKH4xk2wTCB5JLwBYXPAAA9wdtm1u1pA,m1,1.68643034e-05,2,946685744,946685742,4,admin m1 m2 m3,9,2000-01-01 00:15:45,run/data/admin/debug.log,4565
400,1PsQyHWKH4xk2wTCB5JLwBYXPAAA9wdtm1u1pA,m1,3.54438044e-05,2,946685748,946685744,4,admin m1 m2 m3,8,2000-01-01 00:15:48,run/data/admin/debug.log,4579
401,18GGauDrTeEJnuo5WxTDKBoNSryjXMhQvGRPjC,m2,1.6444724e-06,1,946685749,946685748,4,admin m1 m2 m3,8,2000-01-01 00:15:49,run/data/admin/debug.log,4594
402,1PsQyHWKH4xk2wTCB5JLwBYXPAAA9wdtm1u1pA,m1,5.45788742e-07,0,946685751,946685749,4,admin m1 m2 m3,11,2000-01-01 00:15:51,run/data/admin/debug.log,4608
402,18GGauDrTeEJnuo5WxTDKBoNSryjXMhQvGRPjC,m2,1.80356235e-05,2,946685751,946685749,4,admin m1 m2 m3,9,2000-01-01 00:15:52,run/data/admin/debug.log,4622
403,1PsQyHWKH4xk2wTCB5JLwBYXPAAA9wdtm1u1pA,m1,7.13990391e-06,1,946685753,946685751,4,admin m1 m2 m3,8,2000-01-01 00:15:54,run/data/admin/debug.log,4639
404,1PsQyHWKH4xk2wTCB5JLwBYXPAAA9wdtm1u1pA,m1,7.60045219e-06,1,946685755,946685753,4,admin m1 m2 m3,8,2000-01-01 00:15:56,run/data/admin/debug.log,4653
405,1PsQyHWKH4xk2wTCB5JLwBYXPAAA9wdtm1u1pA,m1,3.03806968e-05,2,946685759,946685755,4,admin m1 m2 m3,11,2000-01-01 00:15:59,run/data/admin/debug.log,4667
405,18GGauDrTeEJnuo5WxTDKBoNSryjXMhQvGRPjC,m2,4.00022828e-06,1,946685759,946685755,4,admin m1 m2 m3,9,2000-01-01 00:15:59,run/data/admin/debug.log,4681
406,18GGauDrTeEJnuo5WxTDKBoNSryjXMhQvGRPjC,m2,3.81874788e-06,1,946685761,946685759,4,admin m1 m2 m3,8,2000-01-01 00:16:02,run/data/admin/debug.log,4700
407,18GGauDrTeEJnuo5WxTDKBoNSryjXMhQvGRPjC,m2,3.36542915e-06,1,946685763,946685761,4,admin m1 m2 m3,8,2000-01-01 00:16:04,run/data/admin/debug.log,4718
408,18GGauDrTeEJnuo5WxTDKBoNSryjXMhQvGRPjC,m2,4.56712473e-05,2,946685767,946685763,4,admin m1 m2 m3,8,2000-01-01 00:16:07,run/data/admin/debug.log,4732
409,18GGauDrTeEJnuo5WxTDKBoNSryjXMhQvGRPjC,m2,1.22017738e-05,1,946685769,946685767,4,admin m1 m2 m3,8,2000-01-01 00:16:09,run/data/admin/debug.log,4746
410,1PsQyHWKH4xk2wTCB5JLwBYXPAAA9wdtm1u1pA,m1,4.49836261e-06,1,946685772,946685769,4,admin m1 m2 m3,8,2000-01-01 00:16:12,run/data/admin/debug.log,4760
411,1PsQyHWKH4xk2wTCB5JLwBYXPAAA9wdtm1u1pA,m1,3.35100548e-06,1,946685774,946685772,4,admin m1 m2 m3,8,2000-01-01 00:16:14,run/data/admin/debug.log,4774
412,1PsQyHWKH4xk2wTCB5JLwBYXPAAA9wdtm1u1pA,m1,8.90003015e-06,1,946685776,946685774,4,admin m1 m2 m3,8,2000-01-01 00:16:17,run/data/admin/debug.log,4788
413,1PsQyHWKH4xk2wTCB5JLwBYXPAAA9wdtm1u1pA,m1,1.51595441e-05,2,946685778,946685776,4,admin m1 m2 m3,8,2000-01-01 00:16:19,run/data/admin/debug.log,4804
414,1PsQyHWKH4xk2wTCB5JLwBYXPAAA9wdtm1u1pA,m1,9.82550137e-06,1,946685781,946685778,4,admin m1 m2 m3,8,2000-01-01 00:16:21,run/data/admin/debug.log,4818
415,1PsQyHWKH4xk2wTCB5JLwBYXPAAA9wdtm1u1pA,m1,2.50302985e-05,2,946685784,946685781,4,admin m1 m2 m3,8,2000-01-01 00:16:24,run/data/admin/debug.log,4833
416,1PsQyHWKH4xk2wTCB5JLwBYXPAAA9wdtm1u1pA,m1,1.63569382e-05,2,946685786,946685784,4,admin m1 m2 m3,8,2000-01-01 00:16:27,run/data/admin/debug.log,4847
417,1PsQyHWKH4xk2wTCB5JLwBYXPAAA9wdtm1u1pA,m1,2.30431272e-05,2,946685790,946685786,4,admin m1 m2 m3,11,2000-01-01 00:16:30,run/data/admin/debug.log,4861
417,17T8kJfSiCizDdpFGYkHLao39XoWdGo3yaEjhJ,m3,1.88296826e-05,2,946685790,946685786,4,admin m1 m2 m3,9,2000-01-01 00:16:30,run/data/admin/debug.log,4875
418,17T8kJfSiCizDdpFGYkHLao39XoWdGo3yaEjhJ,m3,7.85993809e-06,1,946685792,946685790,4,admin m1 m2 m3,8,2000-01-01 00:16:32,run/data/admin/debug.log,4891
419,1PsQyHWKH4xk2wTCB5JLwBYXPAAA9wdtm1u1pA,m1,7.80390783e-06,1,946685795,946685792,4,admin m1 m2 m3,11,2000-01-01 00:16:35,run/data/admin/debug.log,4909
419,17T8kJfSiCizDdpFGYkHLao39XoWdGo3yaEjhJ,m3,0.000424028626,2,946685795,946685792,4,admin m1 m2 m3,9,2000-01-01 00:16:36,run/data/admin/debug.log,4923
420,17T8kJfSiCizDdpFGYkHLao39XoWdGo3yaEjhJ,m3,4.24310621e-06,1,946685797,946685795,4,admin m1 m2 m3,8,2000-01-01 00:16:38,run/data/admin/debug.log,4939
421,1PsQyHWKH4xk2wTCB5JLwBYXPAAA9wdtm1u1pA,m1,3.81220958e-06,1,946685801,946685797,4,admin m1 m2 m3,14,2000-01-01 00:16:41,run/data/admin/debug.log,4957
421,18GGauDrTeEJnuo5WxTDKBoNSryjXMhQvGRPjC,m2,1.45759824e-05,1,946685801,946685797,4,admin m1 m2 m3,12,2000-01-01 00:16:41,run/data/admin/debug.log,4968
421,17T8kJfSiCizDdpFGYkHLao39XoWdGo3yaEjhJ,m3,5.96452355e-05,2,946685801,946685797,4,admin m1 m2 m3,10,2000-01-01 00:16:41,run/data/admin/debug.log,4984
422,17T8kJfSiCizDdpFGYkHLao39XoWdGo3yaEjhJ,m3,5.265324e-06,1,946685803,946685801,4,admin m1 m2 m3,8,2000-01-01 00:16:43,run/data/admin/debug.log,5008
423,1PsQyHWKH4xk2wTCB5JLwBYXPAAA9wdtm1u1pA,m1,8.26443816e-06,1,946685806,946685803,4,admin m1 m2 m3,14,2000-01-01 00:16:46,run/data/admin/debug.log,5026
423,18GGauDrTeEJnuo5WxTDKBoNSryjXMhQvGRPjC,m2,1.37378937e-05,1,946685806,946685803,4,admin m1 m2 m3,12,2000-01-01 00:16:47,run/data/admin/debug.log,5040
423,17T8kJfSiCizDdpFGYkHLao39XoWdGo3yaEjhJ,m3,0.000892023911,2,946685806,946685803,4,admin m1 m2 m3,10,2000-01-01 00:16:47,run/data/admin/debug.log,5056
424,18GGauDrTeEJnuo5WxTDKBoNSryjXMhQvGRPjC,m2,1.73048596e-06,1,946685807,946685806,4,admin m1 m2 m3,8,2000-01-01 00:16:48,run/data/admin/debug.log,5077
425,18GGauDrTeEJnuo5WxTDKBoNSryjXMhQvGRPjC,m2,3.16330069e-05,2,946685811,946685807,4,admin m1 m2 m3,8,2000-01-01 00:16:51,run/data/admin/debug.log,5097
426,18GGauDrTeEJnuo5WxTDKBoNSryjXMhQvGRPjC,m2,5.53741595e-06,1,946685813,946685811,4,admin m1 m2 m3,8,2000-01-01 00:16:53,run/data/admin/debug.log,5112
427,1PsQyHWKH4xk2wTCB5JLwBYXPAAA9wdtm1u1pA,m1,5.53128452e-08,0,946685815,946685813,4,admin m1 m2 m3,8,2000-01-01 00:16:55,run/data/admin/debug.log,5126
428,1PsQyHWKH4xk2wTCB5JLwBYXPAAA9wdtm1u1pA,m1,2.71061434e-05,2,946685818,946685815,4,admin m1 m2 m3,11,2000-01-01 00:16:59,run/data/admin/debug.log,5140
428,18GGauDrTeEJnuo5WxTDKBoNSryjXMhQvGRPjC,m2,8.62508221e-05,2,946685818,946685815,4,admin m1 m2 m3,9,2000-01-01 00:16:59,run/data/admin/debug.log,5151
429,1PsQyHWKH4xk2wTCB5JLwBYXPAAA9wdtm1u1pA,m1,6.18071327e-06,1,946685820,946685818,4,admin m1 m2 m3,8,2000-01-01 00:17:01,run/data/admin/debug.log,5170
430,1PsQyHWKH4xk2wTCB5JLwBYXPAAA9wdtm1u1pA,m1,2.57397961e-05,2,946685824,946685820,4,admin m1 m2 m3,8,2000-01-01 00:17:04,run/data/admin/debug.log,5184
431,1PsQyHWKH4xk2wTCB5JLwBYXPAAA9wdtm1u1pA,m1,6.90306956e-05,2,946685827,946685824,4,admin m1 m2 m3,8,2000-01-01 00:17:07,run/data/admin/debug.log,5198
432,1PsQyHWKH4xk2wTCB5JLwBYXPAAA9wdtm1u1pA,m1,1.74707817e-06,1,946685828,946685827,4,admin m1 m2 m3,8,2000-01-01 00:17:08,run/data/admin/debug.log,5212
433,1PsQyHWKH4xk2wTCB5JLwBYXPAAA9wdtm1u1pA,m1,1.00615813e-05,1,946685830,946685828,4,admin m1 m2 m3,8,2000-01-01 00:17:11,run/data/admin/debug.log,5226
434,18GGauDrTeEJnuo5WxTDKBoNSryjXMhQvGRPjC,m2,3.60510475e-06,1,946685834,946685830,4,admin m1 m2 m3,10,2000-01-01 00:17:14,run/data/admin/debug.log,5240
434,1PsQyHWKH4xk2wTCB5JLwBYXPAAA9wdtm1u1pA,m1,3.86784088e-05,2,946685834,946685830,4,admin m1 m2 m3,10,2000-01-01 00:17:14,run/data/admin/debug.log,5254
435,1PsQyHWKH4xk2wTCB5JLwBYXPAAA9wdtm1u1pA,m1,8.58531851e-06,1,946685836,946685834,4,admin m1 m2 m3,8,2000-01-01 00:17:16,run/data/admin/debug.log,5270
436,1PsQyHWKH4xk2wTCB5JLwBYXPAAA9wdtm1u1pA,m1,2.77183675e-05,2,946685839,946685836,4,admin m1 m2 m3,11,2000-01-01 00:17:20,run/data/admin/debug.log,5290
436,18GGauDrTeEJnuo5WxTDKBoNSryjXMhQvGRPjC,m2,1.49333895e-05,2,946685839,946685836,4,admin m1 m2 m3,9,2000-01-01 00:17:20,run/data/admin/debug.log,5304
437,1PsQyHWKH4xk2wTCB5JLwBYXPAAA9wdtm1u1pA,m1,2.735209e-05,2,946685842,946685839,4,admin m1 m2 m3,11,2000-01-01 00:17:23,run/data/admin/debug.log,5320
437,18GGauDrTeEJnuo5WxTDKBoNSryjXMhQvGRPjC,m2,1.8966584e-05,2,946685843,946685839,4,admin m1 m2 m3,9,2000-01-01 00:17:23,run/data/admin/debug.log,5334
438,1PsQyHWKH4xk2wTCB5JLwBYXPAAA9wdtm1u1pA,m1,5.93179979e-05,2,946685846,946685842,4,admin m1 m2 m3,11,2000-01-01 00:17:26,run/data/admin/debug.log,5351
438,18GGauDrTeEJnuo5WxTDKBoNSryjXMhQvGRPjC,m2,6.00979888e-05,2,946685846,946685843,4,admin m1 m2 m3,9,2000-01-01 00:17:26,run/data/admin/debug.log,5365
439,1PsQyHWKH4xk2wTCB5JLwBYXPAAA9wdtm1u1pA,m1,1.5453505e-05,2,946685848,946685846,4,admin m1 m2 m3,8,2000-01-01 00:17:28,run/data/admin/debug.log,5381
440,1PsQyHWKH4xk2wTCB5JLwBYXPAAA9wdtm1u1pA,m1,2.87434314e-06,1,946685850,946685848,4,admin m1 m2 m3,8,2000-01-01 00:17:31,run/data/admin/debug.log,5395
441,1PsQyHWKH4xk2wTCB5JLwBYXPAAA9wdtm1u1pA,m1,3.40417939e-05,2,946685853,946685850,4,admin m1 m2 m3,8,2000-01-01 00:17:34,run/data/admin/debug.log,5409
442,1PsQyHWKH4xk2wTCB5JLwBYXPAAA9wdtm1u1pA,m1,7.08713891e-05,2,946685857,946685853,4,admin m1 m2 m3,8,2000-01-01 00:17:37,run/data/admin/debug.log,5423
443,1PsQyHWKH4xk2wTCB5JLwBYXPAAA9wdtm1u1pA,m1,4.64728828e-05,2,946685860,946685857,4,admin m1 m2 m3,8,2000-01-01 00:17:40,run/data/admin/debug.log,5437
444,1PsQyHWKH4xk2wTCB5JLwBYXPAAA9wdtm1u1pA,m1,1.95847185e-06,1,946685861,946685860,4,admin m1 m2 m3,8,2000-01-01 00:17:42,run/data/admin/debug.log,5451
445,1PsQyHWKH4xk2wTCB5JLwBYXPAAA9wdtm1u1pA,m1,7.49386021e-05,2,946685865,946685861,4,admin m1 m2 m3,8,2000-01-01 00:17:45,run/data/admin/debug.log,5465
446,1PsQyHWKH4xk2wTCB5JLwBYXPAAA9wdtm1u1pA,m1,3.10098211e-05,2,946685868,946685865,4,admin m1 m2 m3,8,2000-01-01 00:17:48,run/data/admin/debug.log,5479
447,1PsQyHWKH4xk2wTCB5JLwBYXPAAA9wdtm1u1pA,m1,1.21942715e-05,1,946685870,946685868,4,admin m1 m2 m3,11,2000-01-01 00:17:50,run/data/admin/debug.log,5494
447,17T8kJfSiCizDdpFGYkHLao39XoWdGo3yaEjhJ,m3,0.000149298678,2,946685872,946685868,4,admin m1 m2 m3,9,2000-01-01 00:17:53,run/data/admin/debug.log,5508
448,1PsQyHWKH4xk2wTCB5JLwBYXPAAA9wdtm1u1pA,m1,2.25738766e-05,2,946685873,946685870,4,admin m1 m2 m3,8,2000-01-01 00:17:54,run/data/admin/debug.log,5524
449,1PsQyHWKH4xk2wTCB5JLwBYXPAAA9wdtm1u1pA,m1,8.19639615e-06,1,946685876,946685873,4,admin m1 m2 m3,8,2000-01-01 00:17:56,run/data/admin/debug.log,5538
450,1PsQyHWKH4xk2wTCB5JLwBYXPAAA9wdtm1u1pA,m1,8.09092608e-06,1,946685878,946685876,4,admin m1 m2 m3,8,2000-01-01 00:17:58,run/data/admin/debug.log,5553
451,1PsQyHWKH4xk2wTCB5JLwBYXPAAA9wdtm1u1pA,m1,6.02568791e-05,2,946685881,946685878,4,admin m1 m2 m3,8,2000-01-01 00:18:02,run/data/admin/debug.log,5570
452,1PsQyHWKH4xk2wTCB5JLwBYXPAAA9wdtm1u1pA,m1,8.01917528e-06,1,946685883,946685881,4,admin m1 m2 m3,8,2000-01-01 00:18:04,run/data/admin/debug.log,5584
453,1PsQyHWKH4xk2wTCB5JLwBYXPAAA9wdtm1u1pA,m1,2.79992878e-06,1,946685884,946685883,4,admin m1 m2 m3,8,2000-01-01 00:18:05,run/data/admin/debug.log,5598
454,1PsQyHWKH4xk2wTCB5JLwBYXPAAA9wdtm1u1pA,m1,7.62873507e-05,2,946685888,946685884,4,admin m1 m2 m3,8,2000-01-01 00:18:08,run/data/admin/debug.log,5612
455,1PsQyHWKH4xk2wTCB5JLwBYXPAAA9wdtm1u1pA,m1,4.17388144e-05,2,946685891,946685888,4,admin m1 m2 m3,8,2000-01-01 00:18:11,run/data/admin/debug.log,5626
456,1PsQyHWKH4xk2wTCB5JLwBYXPAAA9wdtm1u1pA,m1,2.80504952e-05,2,946685894,946685891,4,admin m1 m2 m3,11,2000-01-01 00:18:15,run/data/admin/debug.log,5640
456,17T8kJfSiCizDdpFGYkHLao39XoWdGo3yaEjhJ,m3,7.68442099e-06,1,946685894,946685891,4,admin m1 m2 m3,9,2000-01-01 00:18:15,run/data/admin/debug.log,5651
457,17T8kJfSiCizDdpFGYkHLao39XoWdGo3yaEjhJ,m3,5.20047754e-05,2,946685898,946685894,4,admin m1 m2 m3,11,2000-01-01 00:18:18,run/data/admin/debug.log,5670
457,1PsQyHWKH4xk2wTCB5JLwBYXPAAA9wdtm1u1pA,m1,2.69752832e-05,2,946685898,946685894,4,admin m1 m2 m3,9,2000-01-01 00:18:18,run/data/admin/debug.log,5688
458,1PsQyHWKH4xk2wTCB5JLwBYXPAAA9wdtm1u1pA,m1,9.0953312e-05,2,946685901,946685898,4,admin m1 m2 m3,14,2000-01-01 00:18:21,run/data/admin/debug.log,5705
458,18GGauDrTeEJnuo5WxTDKBoNSryjXMhQvGRPjC,m2,1.04941221e-05,1,946685901,946685898,4,admin m1 m2 m3,12,2000-01-01 00:18:21,run/data/admin/debug.log,5723
458,17T8kJfSiCizDdpFGYkHLao39XoWdGo3yaEjhJ,m3,5.30450906e-05,2,946685901,946685898,4,admin m1 m2 m3,10,2000-01-01 00:18:21,run/data/admin/debug.log,5739
459,18GGauDrTeEJnuo5WxTDKBoNSryjXMhQvGRPjC,m2,1.62328747e-05,1,946685903,946685901,4,admin m1 m2 m3,8,2000-01-01 00:18:24,run/data/admin/debug.log,5763
460,18GGauDrTeEJnuo5WxTDKBoNSryjXMhQvGRPjC,m2,0.000117686385,2,946685906,946685903,4,admin m1 m2 m3,10,2000-01-01 00:18:27,run/data/admin/debug.log,5787
460,1PsQyHWKH4xk2wTCB5JLwBYXPAAA9wdtm1u1pA,m1,6.62395083e-06,1,946685906,946685903,4,admin m1 m2 m3,10,2000-01-01 00:18:27,run/data/admin/debug.log,5798
461,1PsQyHWKH4xk2wTCB5JLwBYXPAAA9wdtm1u1pA,m1,8.20954479e-05,2,946685910,946685906,4,admin m1 m2 m3,11,2000-01-01 00:18:30,run/data/admin/debug.log,5817
461,18GGauDrTeEJnuo5WxTDKBoNSryjXMhQvGRPjC,m2,0.000352389043,2,946685910,946685906,4,admin m1 m2 m3,9,2000-01-01 00:18:30,run/data/admin/debug.log,5832
462,18GGauDrTeEJnuo5WxTDKBoNSryjXMhQvGRPjC,m2,0.000191384582,2,946685913,946685910,4,admin m1 m2 m3,13,2000-01-01 00:18:33,run/data/admin/debug.log,5852
462,17T8kJfSiCizDdpFGYkHLao39XoWdGo3yaEjhJ,m3,1.43464035e-05,2,946685913,946685910,4,admin m1 m2 m3,9,2000-01-01 00:18:33,run/data/admin/debug.log,5870
462,1PsQyHWKH4xk2wTCB5JLwBYXPAAA9wdtm1u1pA,m1,4.05532231e-05,2,946685913,946685910,4,admin m1 m2 m3,12,2000-01-01 00:18:34,run/data/admin/debug.log,5886
462,17T8kJfSiCizDdpFGYkHLao39XoWdGo3yaEjhJ,m3,1.27820992e-05,1,946685913,946685910,1,m3,2,2000-01-01 00:18:33,run/data/m3/debug.log,15111
463,1PsQyHWKH4xk2wTCB5JLwBYXPAAA9wdtm1u1pA,m1,5.17202162e-06,1,946685915,946685913,4,admin m1 m2 m3,8,2000-01-01 00:18:36,run/data/admin/debug.log,5910
464,1PsQyHWKH4xk2wTCB5JLwBYXPAAA9wdtm1u1pA,m1,4.82518729e-06,1,946685917,946685915,4,admin m1 m2 m3,8,2000-01-01 00:18:38,run/data/admin/debug.log,5934
465,1PsQyHWKH4xk2wTCB5JLwBYXPAAA9wdtm1u1pA,m1,1.43821009e-05,2,946685920,946685917,4,admin m1 m2 m3,8,2000-01-01 00:18:40,run/data/admin/debug.log,5948
466,1PsQyHWKH4xk2wTCB5JLwBYXPAAA9wdtm1u1pA,m1,1.41828958e-05,1,946685922,946685920,4,admin m1 m2 m3,8,2000-01-01 00:18:42,run/data/admin/debug.log,5962
467,1PsQyHWKH4xk2wTCB5JLwBYXPAAA9wdtm1u1pA,m1,3.03034519e-05,2,946685925,946685922,4,admin m1 m2 m3,8,2000-01-01 00:18:46,run/data/admin/debug.log,5976
468,1PsQyHWKH4xk2wTCB5JLwBYXPAAA9wdtm1u1pA,m1,2.48021088e-05,2,946685929,946685925,4,admin m1 m2 m3,8,2000-01-01 00:18:49,run/data/admin/debug.log,5990
469,1PsQyHWKH4xk2wTCB5JLwBYXPAAA9wdtm1u1pA,m1,1.73777828e-05,2,946685931,946685929,4,admin m1 m2 m3,8,2000-01-01 00:18:51,run/data/admin/debug.log,6006
470,1PsQyHWKH4xk2wTCB5JLwBYXPAAA9wdtm1u1pA,m1,1.06777468e-05,1,946685933,946685931,4,admin m1 m2 m3,8,2000-01-01 00:18:53,run/data/admin/debug.log,6020
471,1PsQyHWKH4xk2wTCB5JLwBYXPAAA9wdtm1u1pA,m1,4.13792686e-06,1,946685935,946685933,4,admin m1 m2 m3,8,2000-01-01 00:18:56,run/data/admin/debug.log,6034
472,1PsQyHWKH4xk2wTCB5JLwBYXPAAA9wdtm1u1pA,m1,7.14664425e-06,1,946685937,946685935,4,admin m1 m2 m3,8,2000-01-01 00:18:58,run/data/admin/debug.log,6048
473,1PsQyHWKH4xk2wTCB5JLwBYXPAAA9wdtm1u1pA,m1,4.86813875e-06,1,946685940,946685937,4,admin m1 m2 m3,8,2000-01-01 00:19:00,run/data/admin/debug.log,6062
474,17T8kJfSiCizDdpFGYkHLao39XoWdGo3yaEjhJ,m3,1.54558687e-05,2,946685943,946685940,4,admin m1 m2 m3,11,2000-01-01 00:19:03,run/data/admin/debug.log,6077
474,1PsQyHWKH4xk2wTCB5JLwBYXPAAA9wdtm1u1pA,m1,5.85649428e-05,2,946685943,946685940,4,admin m1 m2 m3,9,2000-01-01 00:19:03,run/data/admin/debug.log,6088
475,1PsQyHWKH4xk2wTCB5JLwBYXPAAA9wdtm1u1pA,m1,9.51312968e-06,1,946685945,946685943,4,admin m1 m2 m3,8,2000-01-01 00:19:06,run/data/admin/debug.log,6107
476,1PsQyHWKH4xk2wTCB5JLwBYXPAAA9wdtm1u1pA,m1,2.41204798e-05,2,946685948,946685945,4,admin m1 m2 m3,8,2000-01-01 00:19:09,run/data/admin/debug.log,6125
477,1PsQyHWKH4xk2wTCB5JLwBYXPAAA9wdtm1u1pA,m1,4.55579426e-05,2,946685952,946685948,4,admin m1 m2 m3,8,2000-01-01 00:19:12,run/data/admin/debug.log,6139
478,1PsQyHWKH4xk2wTCB5JLwBYXPAAA9wdtm1u1pA,m1,1.55001801e-05,2,946685954,946685952,4,admin m1 m2 m3,8,2000-01-01 00:19:14,run/data/admin/debug.log,6153
479,1PsQyHWKH4xk2wTCB5JLwBYXPAAA9wdtm1u1pA,m1,5.91185146e-06,1,946685956,946685954,4,admin m1 m2 m3,8,2000-01-01 00:19:17,run/data/admin/debug.log,6167
480,1PsQyHWKH4xk2wTCB5JLwBYXPAAA9wdtm1u1pA,m1,9.86205648e-06,1,946685958,946685956,4,admin m1 m2 m3,8,2000-01-01 00:19:19,run/data/admin/debug.log,6181
481,1PsQyHWKH4xk2wTCB5JLwBYXPAAA9wdtm1u1pA,m1,4.38236454e-05,2,946685962,946685958,4,admin m1 m2 m3,8,2000-01-01 00:19:22,run/data/admin/debug.log,6196
482,1PsQyHWKH4xk2wTCB5JLwBYXPAAA9wdtm1u1pA,m1,3.7305836e-05,2,946685965,946685962,4,admin m1 m2 m3,8,2000-01-01 00:19:25,run/data/admin/debug.log,6210
483,1PsQyHWKH4xk2wTCB5JLwBYXPAAA9wdtm1u1pA,m1,1.06908609e-05,1,946685967,946685965,4,admin m1 m2 m3,8,2000-01-01 00:19:28,run/data/admin/debug.log,6224
484,1PsQyHWKH4xk2wTCB5JLwBYXPAAA9wdtm1u1pA,m1,1.09425826e-05,1,946685969,946685967,4,admin m1 m2 m3,8,2000-01-01 00:19:30,run/data/admin/debug.log,6238
485,1PsQyHWKH4xk2wTCB5JLwBYXPAAA9wdtm1u1pA,m1,7.21081699e-06,1,946685972,946685969,4,admin m1 m2 m3,8,2000-01-01 00:19:32,run/data/admin/debug.log,6252
486,1PsQyHWKH4xk2wTCB5JLwBYXPAAA9wdtm1u1pA,m1,1.88464089e-05,2,946685975,946685972,4,admin m1 m2 m3,8,2000-01-01 00:19:35,run/data/admin/debug.log,6267
487,1PsQyHWKH4xk2wTCB5JLwBYXPAAA9wdtm1u1pA,m1,3.72979057e-05,2,946685978,946685975,4,admin m1 m2 m3,8,2000-01-01 00:19:39,run/data/admin/debug.log,6281
488,1PsQyHWKH4xk2wTCB5JLwBYXPAAA9wdtm1u1pA,m1,1.17084121e-05,1,946685980,946685978,4,admin m1 m2 m3,8,2000-01-01 00:19:41,run/data/admin/debug.log,6295
489,1PsQyHWKH4xk2wTCB5JLwBYXPAAA9wdtm1u1pA,m1,2.67155181e-05,2,946685984,946685980,4,admin m1 m2 m3,8,2000-01-01 00:19:44,run/data/admin/debug.log,6309
490,18GGauDrTeEJnuo5WxTDKBoNSryjXMhQvGRPjC,m2,5.01546193e-06,1,946685987,946685984,4,admin m1 m2 m3,10,2000-01-01 00:19:47,run/data/admin/debug.log,6323
490,1PsQyHWKH4xk2wTCB5JLwBYXPAAA9wdtm1u1pA,m1,2.58922898e-05,2,946685987,946685984,4,admin m1 m2 m3,10,2000-01-01 00:19:47,run/data/admin/debug.log,6334
491,18GGauDrTeEJnuo5WxTDKBoNSryjXMhQvGRPjC,m2,0.000161732285,2,946685990,946685987,4,admin m1 m2 m3,11,2000-01-01 00:19:51,run/data/admin/debug.log,6353
491,1PsQyHWKH4xk2wTCB5JLwBYXPAAA9wdtm1u1pA,m1,2.41935265e-05,2,946685990,946685987,4,admin m1 m2 m3,9,2000-01-01 00:19:51,run/data/admin/debug.log,6364
492,18GGauDrTeEJnuo5WxTDKBoNSryjXMhQvGRPjC,m2,5.91191273e-05,2,946685993,946685990,4,admin m1 m2 m3,11,2000-01-01 00:19:54,run/data/admin/debug.log,6383
492,1PsQyHWKH4xk2wTCB5JLwBYXPAAA9wdtm1u1pA,m1,3.16143446e-05,2,946685994,946685990,4,admin m1 m2 m3,9,2000-01-01 00:19:54,run/data/admin/debug.log,6394
493,18GGauDrTeEJnuo5WxTDKBoNSryjXMhQvGRPjC,m2,3.15191973e-05,2,946685997,946685993,4,admin m1 m2 m3,11,2000-01-01 00:19:57,run/data/admin/debug.log,6413
493,1PsQyHWKH4xk2wTCB5JLwBYXPAAA9wdtm1u1pA,m1,5.7827412e-05,2,946685997,946685994,4,admin m1 m2 m3,9,2000-01-01 00:19:57,run/data/admin/debug.log,6424
494,17T8kJfSiCizDdpFGYkHLao39XoWdGo3yaEjhJ,m3,1.98239996e-05,2,946686000,946685997,4,admin m1 m2 m3,14,2000-01-01 00:20:00,run/data/admin/debug.log,6446
494,18GGauDrTeEJnuo5WxTDKBoNSryjXMhQvGRPjC,m2,5.29861068e-05,2,946686000,946685997,4,admin m1 m2 m3,12,2000-01-01 00:20:00,run/data/admin/debug.log,6457
494,1PsQyHWKH4xk2wTCB5JLwBYXPAAA9wdtm1u1pA,m1,5.56338693e-05,2,946686000,946685997,4,admin m1 m2 m3,10,2000-01-01 00:20:01,run/data/admin/debug.log,6473
495,18GGauDrTeEJnuo5WxTDKBoNSryjXMhQvGRPjC,m2,1.07464915e-05,1,946686002,946686000,4,admin m1 m2 m3,8,2000-01-01 00:20:03,run/data/admin/debug.log,6497
496,17T8kJfSiCizDdpFGYkHLao39XoWdGo3yaEjhJ,m3,2.09489574e-05,2,946686005,946686002,4,admin m1 m2 m3,14,2000-01-01 00:20:06,run/data/admin/debug.log,6515
496,18GGauDrTeEJnuo5WxTDKBoNSryjXMhQvGRPjC,m2,0.00027894261,2,946686006,946686002,4,admin m1 m2 m3,12,2000-01-01 00:20:06,run/data/admin/debug.log,6526
496,1PsQyHWKH4xk2wTCB5JLwBYXPAAA9wdtm1u1pA,m1,1.39415933e-05,1,946686006,946686002,4,admin m1 m2 m3,10,2000-01-01 00:20:06,run/data/admin/debug.log,6542
497,1PsQyHWKH4xk2wTCB5JLwBYXPAAA9wdtm1u1pA,m1,6.15251522e-06,1,946686008,946686006,4,admin m1 m2 m3,8,2000-01-01 00:20:08,run/data/admin/debug.log,6566
498,1PsQyHWKH4xk2wTCB5JLwBYXPAAA9wdtm1u1pA,m1,4.83225102e-06,1,946686010,946686008,4,admin m1 m2 m3,8,2000-01-01 00:20:11,run/data/admin/debug.log,6585
499,1PsQyHWKH4xk2wTCB5JLwBYXPAAA9wdtm1u1pA,m1,5.87524926e-06,1,946686012,946686010,4,admin m1 m2 m3,8,2000-01-01 00:20:13,run/data/admin/debug.log,6599
500,1PsQyHWKH4xk2wTCB5JLwBYXPAAA9wdtm1u1pA,m1,2.99151167e-07,0,946686014,946686012,4,admin m1 m2 m3,8,2000-01-01 00:20:14,run/data/admin/debug.log,6613
501,18GGauDrTeEJnuo5WxTDKBoNSryjXMhQvGRPjC,m2,1.45694814e-05,2,946686017,946686014,4,admin m1 m2 m3,11,2000-01-01 00:20:17,run/data/admin/debug.log,6627
501,1PsQyHWKH4xk2wTCB5JLwBYXPAAA9wdtm1u1pA,m1,2.64986074e-05,2,946686017,946686014,4,admin m1 m2 m3,9,2000-01-01 00:20:17,run/data/admin/debug.log,6638
502,18GGauDrTeEJnuo5WxTDKBoNSryjXMhQvGRPjC,m2,1.27299117e-05,2,946686019,946686017,4,admin m1 m2 m3,8,2000-01-01 00:20:19,run/data/admin/debug.log,6657
503,18GGauDrTeEJnuo5WxTDKBoNSryjXMhQvGRPjC,m2,3.76834661e-05,2,946686022,946686019,4,admin m1 m2 m3,11,2000-01-01 00:20:22,run/data/admin/debug.log,6673
503,1PsQyHWKH4xk2wTCB5JLwBYXPAAA9wdtm1u1pA,m1,1.31258924e-05,2,946686022,946686019,4,admin m1 m2 m3,9,2000-01-01 00:20:23,run/data/admin/debug.log,6684
504,18GGauDrTeEJnuo5WxTDKBoNSryjXMhQvGRPjC,m2,1.94696832e-05,2,946686026,946686022,4,admin m1 m2 m3,11,2000-01-01 00:20:26,run/data/admin/debug.log,6703
504,1PsQyHWKH4xk2wTCB5JLwBYXPAAA9wdtm1u1pA,m1,1.90675502e-05,2,946686026,946686022,4,admin m1 m2 m3,9,2000-01-01 00:20:26,run/data/admin/debug.log,6714
505,18GGauDrTeEJnuo5WxTDKBoNSryjXMhQvGRPjC,m2,7.63569262e-05,2,946686029,946686026,4,admin m1 m2 m3,11,2000-01-01 00:20:29,run/data/admin/debug.log,6733
505,1PsQyHWKH4xk2wTCB5JLwBYXPAAA9wdtm1u1pA,m1,3.91012545e-05,2,946686029,946686026,4,admin m1 m2 m3,9,2000-01-01 00:20:29,run/data/admin/debug.log,6744
506,1PsQyHWKH4xk2wTCB5JLwBYXPAAA9wdtm1u1pA,m1,4.3851674e-06,1,946686031,946686029,4,admin m1 m2 m3,8,2000-01-01 00:20:32,run/data/admin/debug.log,6763
507,1PsQyHWKH4xk2wTCB5JLwBYXPAAA9wdtm1u1pA,m1,4.6328041e-05,2,946686034,946686031,4,admin m1 m2 m3,8,2000-01-01 00:20:35,run/data/admin/debug.log,6787
508,1PsQyHWKH4xk2wTCB5JLwBYXPAAA9wdtm1u1pA,m1,3.59699469e-05,2,946686038,946686034,4,admin m1 m2 m3,8,2000-01-01 00:20:38,run/data/admin/debug.log,6801
509,1PsQyHWKH4xk2wTCB5JLwBYXPAAA9wdtm1u1pA,m1,7.78167653e-06,1,946686040,946686038,4,admin m1 m2 m3,8,2000-01-01 00:20:40,run/data/admin/debug.log,6815
510,1PsQyHWKH4xk2wTCB5JLwBYXPAAA9wdtm1u1pA,m1,3.71701319e-06,1,946686042,946686040,4,admin m1 m2 m3,8,2000-01-01 00:20:43,run/data/admin/debug.log,6830
511,1PsQyHWKH4xk2wTCB5JLwBYXPAAA9wdtm1u1pA,m1,2.32658309e-05,2,946686046,946686042,4,admin m1 m2 m3,8,2000-01-01 00:20:46,run/data/admin/debug.log,6844
512,1PsQyHWKH4xk2wTCB5JLwBYXPAAA9wdtm1u1pA,m1,1.14573932e-05,1,946686048,946686046,4,admin m1 m2 m3,8,2000-01-01 00:20:48,run/data/admin/debug.log,6858
513,18GGauDrTeEJnuo5WxTDKBoNSryjXMhQvGRPjC,m2,1.31540275e-05,1,946686051,946686048,4,admin m1 m2 m3,11,2000-01-01 00:20:51,run/data/admin/debug.log,6872
513,1PsQyHWKH4xk2wTCB5JLwBYXPAAA9wdtm1u1pA,m1,3.20584343e-05,2,946686051,946686048,4,admin m1 m2 m3,9,2000-01-01 00:20:51,run/data/admin/debug.log,6883
514,1PsQyHWKH4xk2wTCB5JLwBYXPAAA9wdtm1u1pA,m1,1.50980817e-05,2,946686053,946686051,4,admin m1 m2 m3,8,2000-01-01 00:20:54,run/data/admin/debug.log,6903
515,18GGauDrTeEJnuo5WxTDKBoNSryjXMhQvGRPjC,m2,8.83208172e-06,1,946686056,946686053,4,admin m1 m2 m3,11,2000-01-01 00:20:57,run/data/admin/debug.log,6921
515,1PsQyHWKH4xk2wTCB5JLwBYXPAAA9wdtm1u1pA,m1,8.69127922e-05,2,946686057,946686053,4,admin m1 m2 m3,9,2000-01-01 00:20:57,run/data/admin/debug.log,6932
516,18GGauDrTeEJnuo5WxTDKBoNSryjXMhQvGRPjC,m2,6.25707975e-05,2,946686060,946686056,4,admin m1 m2 m3,11,2000-01-01 00:21:00,run/data/admin/debug.log,6951
516,1PsQyHWKH4xk2wTCB5JLwBYXPAAA9wdtm1u1pA,m1,1.90099443e-05,2,946686060,946686057,4,admin m1 m2 m3,9,2000-01-01 00:21:00,run/data/admin/debug.log,6962
517,17T8kJfSiCizDdpFGYkHLao39XoWdGo3yaEjhJ,m3,1.13046422e-05,1,946686063,946686060,4,admin m1 m2 m3,11,2000-01-01 00:21:03,run/data/admin/debug.log,6981
517,18GGauDrTeEJnuo5WxTDKBoNSryjXMhQvGRPjC,m2,0.000122889425,2,946686063,946686060,4,admin m1 m2 m3,9,2000-01-01 00:21:03,run/data/admin/debug.log,6992
518,18GGauDrTeEJnuo5WxTDKBoNSryjXMhQvGRPjC,m2,1.3759607e-05,2,946686065,946686063,4,admin m1 m2 m3,8,2000-01-01 00:21:05,run/data/admin/debug.log,7011
519,18GGauDrTeEJnuo5WxTDKBoNSryjXMhQvGRPjC,m2,3.8896508e-05,2,946686068,946686065,4,admin m1 m2 m3,8,2000-01-01 00:21:09,run/data/admin/debug.log,7029
520,18GGauDrTeEJnuo5WxTDKBoNSryjXMhQvGRPjC,m2,4.82156986e-05,2,946686072,946686068,4,admin m1 m2 m3,8,2000-01-01 00:21:12,run/data/admin/debug.log,7043
521,18GGauDrTeEJnuo5WxTDKBoNSryjXMhQvGRPjC,m2,7.08573372e-05,2,946686075,946686072,4,admin m1 m2 m3,8,2000-01-01 00:21:15,run/data/admin/debug.log,7057
522,18GGauDrTeEJnuo5WxTDKBoNSryjXMhQvGRPjC,m2,0.000123586036,2,946686078,946686075,4,admin m1 m2 m3,8,2000-01-01 00:21:19,run/data/admin/debug.log,7072
523,18GGauDrTeEJnuo5WxTDKBoNSryjXMhQvGRPjC,m2,6.13209465e-06,1,946686081,946686078,4,admin m1 m2 m3,8,2000-01-01 00:21:21,run/data/admin/debug.log,7086
524,1PsQyHWKH4xk2wTCB5JLwBYXPAAA9wdtm1u1pA,m1,2.03354142e-06,1,946686083,946686081,4,admin m1 m2 m3,8,2000-01-01 00:21:23,run/data/admin/debug.log,7101
525,1PsQyHWKH4xk2wTCB5JLwBYXPAAA9wdtm1u1pA,m1,4.63565541e-06,1,946686085,946686083,4,admin m1 m2 m3,8,2000-01-01 00:21:25,run/data/admin/debug.log,7115
526,1PsQyHWKH4xk2wTCB5JLwBYXPAAA9wdtm1u1pA,m1,3.0405652e-05,2,946686089,946686085,4,admin m1 m2 m3,8,2000-01-01 00:21:29,run/data/admin/debug.log,7129
527,18GGauDrTeEJnuo5WxTDKBoNSryjXMhQvGRPjC,m2,1.88899622e-07,0,946686091,946686089,4,admin m1 m2 m3,8,2000-01-01 00:21:31,run/data/admin/debug.log,7143
528,17T8kJfSiCizDdpFGYkHLao39XoWdGo3yaEjhJ,m3,1.77256207e-05,2,946686094,946686091,4,admin m1 m2 m3,11,2000-01-01 00:21:34,run/data/admin/debug.log,7157
528,18GGauDrTeEJnuo5WxTDKBoNSryjXMhQvGRPjC,m2,2.54182012e-05,2,946686094,946686091,4,admin m1 m2 m3,9,2000-01-01 00:21:34,run/data/admin/debug.log,7168
529,17T8kJfSiCizDdpFGYkHLao39XoWdGo3yaEjhJ,m3,5.71221976e-05,2,946686097,946686094,4,admin m1 m2 m3,8,2000-01-01 00:21:37,run/data/admin/debug.log,7187
530,17T8kJfSiCizDdpFGYkHLao39XoWdGo3yaEjhJ,m3,0.000259135195,2,946686100,946686097,4,admin m1 m2 m3,11,2000-01-01 00:21:41,run/data/admin/debug.log,7201
530,18GGauDrTeEJnuo5WxTDKBoNSryjXMhQvGRPjC,m2,5.7514898e-05,2,946686100,946686097,4,admin m1 m2 m3,9,2000-01-01 00:21:41,run/data/admin/debug.log,7212
531,1PsQyHWKH4xk2wTCB5JLwBYXPAAA9wdtm1u1pA,m1,4.95089477e-06,1,946686103,946686100,4,admin m1 m2 m3,8,2000-01-01 00:21:43,run/data/admin/debug.log,7231
532,1PsQyHWKH4xk2wTCB5JLwBYXPAAA9wdtm1u1pA,m1,4.00435017e-06,1,946686105,946686103,4,admin m1 m2 m3,8,2000-01-01 00:21:46,run/data/admin/debug.log,7245
533,1PsQyHWKH4xk2wTCB5JLwBYXPAAA9wdtm1u1pA,m1,8.8169071e-06,1,946686107,946686105,4,admin m1 m2 m3,8,2000-01-01 00:21:48,run/data/admin/debug.log,7259
534,1PsQyHWKH4xk2wTCB5JLwBYXPAAA9wdtm1u1pA,m1,4.91590577e-06,1,946686109,946686107,4,admin m1 m2 m3,8,2000-01-01 00:21:50,run/data/admin/debug.log,7274
535,1PsQyHWKH4xk2wTCB5JLwBYXPAAA9wdtm1u1pA,m1,1.02034039e-06,0,946686111,946686109,4,admin m1 m2 m3,8,2000-01-01 00:21:51,run/data/admin/debug.log,7288
536,1PsQyHWKH4xk2wTCB5JLwBYXPAAA9wdtm1u1pA,m1,2.54927702e-05,2,946686114,946686111,4,admin m1 m2 m3,8,2000-01-01 00:21:54,run/data/admin/debug.log,7305
537,18GGauDrTeEJnuo5WxTDKBoNSryjXMhQvGRPjC,m2,6.17970541e-06,1,946686117,946686114,4,admin m1 m2 m3,11,2000-01-01 00:21:57,run/data/admin/debug.log,7319
537,1PsQyHWKH4xk2wTCB5JLwBYXPAAA9wdtm1u1pA,m1,6.27187743e-05,2,946686117,946686114,4,admin m1 m2 m3,9,2000-01-01 00:21:58,run/data/admin/debug.log,7330
538,18GGauDrTeEJnuo5WxTDKBoNSryjXMhQvGRPjC,m2,1.84519025e-06,1,946686118,946686117,4,admin m1 m2 m3,8,2000-01-01 00:21:58,run/data/admin/debug.log,7349
539,18GGauDrTeEJnuo5WxTDKBoNSryjXMhQvGRPjC,m2,8.22404614e-05,2,946686121,946686118,4,admin m1 m2 m3,11,2000-01-01 00:22:02,run/data/admin/debug.log,7366
539,1PsQyHWKH4xk2wTCB5JLwBYXPAAA9wdtm1u1pA,m1,8.00926563e-06,1,946686122,946686118,4,admin m1 m2 m3,9,2000-01-01 00:22:02,run/data/admin/debug.log,7377
540,17T8kJfSiCizDdpFGYkHLao39XoWdGo3yaEjhJ,m3,7.73822956e-06,1,946686124,946686121,4,admin m1 m2 m3,8,2000-01-01 00:22:05,run/data/admin/debug.log,7396
541,18GGauDrTeEJnuo5WxTDKBoNSryjXMhQvGRPjC,m2,8.36221533e-07,0,946686126,946686124,4,admin m1 m2 m3,8,2000-01-01 00:22:06,run/data/admin/debug.log,7410
542,18GGauDrTeEJnuo5WxTDKBoNSryjXMhQvGRPjC,m2,7.57932163e-05,2,946686129,946686126,4,admin m1 m2 m3,8,2000-01-01 00:22:09,run/data/admin/debug.log,7424
543,18GGauDrTeEJnuo5WxTDKBoNSryjXMhQvGRPjC,m2,6.08567585e-06,1,946686131,946686129,4,admin m1 m2 m3,8,2000-01-01 00:22:12,run/data/admin/debug.log,7438
544,18GGauDrTeEJnuo5WxTDKBoNSryjXMhQvGRPjC,m2,0.000149171549,2,946686135,946686131,4,admin m1 m2 m3,11,2000-01-01 00:22:15,run/data/admin/debug.log,7452
544,1PsQyHWKH4xk2wTCB5JLwBYXPAAA9wdtm1u1pA,m1,6.31825702e-06,1,946686135,946686131,4,admin m1 m2 m3,9,2000-01-01 00:22:15,run/data/admin/debug.log,7463
545,1PsQyHWKH4xk2wTCB5JLwBYXPAAA9wdtm1u1pA,m1,1.87646424e-06,1,946686136,946686135,4,admin m1 m2 m3,8,2000-01-01 00:22:16,run/data/admin/debug.log,7482
546,1PsQyHWKH4xk2wTCB5JLwBYXPAAA9wdtm1u1pA,m1,1.04452944e-05,1,946686138,946686136,4,admin m1 m2 m3,8,2000-01-01 00:22:18,run/data/admin/debug.log,7501
547,18GGauDrTeEJnuo5WxTDKBoNSryjXMhQvGRPjC,m2,1.99785804e-06,1,946686141,946686138,4,admin m1 m2 m3,11,2000-01-01 00:22:22,run/data/admin/debug.log,7515
547,1PsQyHWKH4xk2wTCB5JLwBYXPAAA9wdtm1u1pA,m1,6.3389808e-05,2,946686141,946686138,4,admin m1 m2 m3,9,2000-01-01 00:22:22,run/data/admin/debug.log,7526
548,18GGauDrTeEJnuo5WxTDKBoNSryjXMhQvGRPjC,m2,1.51631357e-05,2,946686143,946686141,4,admin m1 m2 m3,11,2000-01-01 00:22:24,run/data/admin/debug.log,7546
548,1PsQyHWKH4xk2wTCB5JLwBYXPAAA9wdtm1u1pA,m1,3.71203891e-06,1,946686144,946686141,4,admin m1 m2 m3,9,2000-01-01 00:22:24,run/data/admin/debug.log,7557
549,18GGauDrTeEJnuo5WxTDKBoNSryjXMhQvGRPjC,m2,7.34155582e-05,2,946686147,946686143,4,admin m1 m2 m3,11,2000-01-01 00:22:27,run/data/admin/debug.log,7576
549,1PsQyHWKH4xk2wTCB5JLwBYXPAAA9wdtm1u1pA,m1,1.89908617e-05,2,946686147,946686144,4,admin m1 m2 m3,9,2000-01-01 00:22:27,run/data/admin/debug.log,7587
550,1PsQyHWKH4xk2wTCB5JLwBYXPAAA9wdtm1u1pA,m1,6.90343276e-06,1,946686149,946686147,4,admin m1 m2 m3,8,2000-01-01 00:22:30,run/data/admin/debug.log,7606
551,1PsQyHWKH4xk2wTCB5JLwBYXPAAA9wdtm1u1pA,m1,2.24531275e-05,2,946686152,946686149,4,admin m1 m2 m3,8,2000-01-01 00:22:33,run/data/admin/debug.log,7630
552,1PsQyHWKH4xk2wTCB5JLwBYXPAAA9wdtm1u1pA,m1,2.55334256e-05,2,946686156,946686152,4,admin m1 m2 m3,8,2000-01-01 00:22:36,run/data/admin/debug.log,7644
553,1PsQyHWKH4xk2wTCB5JLwBYXPAAA9wdtm1u1pA,m1,5.22737175e-06,1,946686158,946686156,4,admin m1 m2 m3,8,2000-01-01 00:22:38,run/data/admin/debug.log,7658
554,1PsQyHWKH4xk2wTCB5JLwBYXPAAA9wdtm1u1pA,m1,3.19867079e-06,1,946686160,946686158,4,admin m1 m2 m3,8,2000-01-01 00:22:41,run/data/admin/debug.log,7672
555,18GGauDrTeEJnuo5WxTDKBoNSryjXMhQvGRPjC,m2,1.69305826e-06,1,946686162,946686160,4,admin m1 m2 m3,11,2000-01-01 00:22:42,run/data/admin/debug.log,7686
555,1PsQyHWKH4xk2wTCB5JLwBYXPAAA9wdtm1u1pA,m1,1.29744477e-05,1,946686162,946686160,4,admin m1 m2 m3,9,2000-01-01 00:22:43,run/data/admin/debug.log,7697
556,1PsQyHWKH4xk2wTCB5JLwBYXPAAA9wdtm1u1pA,m1,2.49764529e-06,1,946686165,946686162,4,admin m1 m2 m3,8,2000-01-01 00:22:45,run/data/admin/debug.log,7716
557,17T8kJfSiCizDdpFGYkHLao39XoWdGo3yaEjhJ,m3,8.53639448e-06,1,946686167,946686165,4,admin m1 m2 m3,8,2000-01-01 00:22:48,run/data/admin/debug.log,7734
558,17T8kJfSiCizDdpFGYkHLao39XoWdGo3yaEjhJ,m3,8.6493175e-06,1,946686169,946686167,4,admin m1 m2 m3,8,2000-01-01 00:22:50,run/data/admin/debug.log,7749
559,1PsQyHWKH4xk2wTCB5JLwBYXPAAA9wdtm1u1pA,m1,2.54365284e-06,1,946686172,946686169,4,admin m1 m2 m3,8,2000-01-01 00:22:53,run/data/admin/debug.log,7763
560,1PsQyHWKH4xk2wTCB5JLwBYXPAAA9wdtm1u1pA,m1,3.20370885e-06,1,946686175,946686172,4,admin m1 m2 m3,8,2000-01-01 00:22:55,run/data/admin/debug.log,7779
561,1PsQyHWKH4xk2wTCB5JLwBYXPAAA9wdtm1u1pA,m1,1.11699114e-05,1,946686177,946686175,4,admin m1 m2 m3,8,2000-01-01 00:22:57,run/data/admin/debug.log,7793
562,1PsQyHWKH4xk2wTCB5JLwBYXPAAA9wdtm1u1pA,m1,6.0819776e-05,2,946686180,946686177,4,admin m1 m2 m3,8,2000-01-01 00:23:00,run/data/admin/debug.log,7807
563,1PsQyHWKH4xk2wTCB5JLwBYXPAAA9wdtm1u1pA,m1,2.58177438e-05,2,946686183,946686180,4,admin m1 m2 m3,8,2000-01-01 00:23:04,run/data/admin/debug.log,7821
564,1PsQyHWKH4xk2wTCB5JLwBYXPAAA9wdtm1u1pA,m1,1.85799621e-05,2,946686187,946686183,4,admin m1 m2 m3,8,2000-01-01 00:23:07,run/data/admin/debug.log,7835
565,1PsQyHWKH4xk2wTCB5JLwBYXPAAA9wdtm1u1pA,m1,2.67304385e-06,1,946686189,946686187,4,admin m1 m2 m3,8,2000-01-01 00:23:09,run/data/admin/debug.log,7849
566,1PsQyHWKH4xk2wTCB5JLwBYXPAAA9wdtm1u1pA,m1,3.15362192e-05,2,946686192,946686189,4,admin m1 m2 m3,8,2000-01-01 00:23:13,run/data/admin/debug.log,7863
567,1PsQyHWKH4xk2wTCB5JLwBYXPAAA9wdtm1u1pA,m1,6.55153063e-07,0,946686193,946686192,4,admin m1 m2 m3,8,2000-01-01 00:23:14,run/data/admin/debug.log,7877
568,1PsQyHWKH4xk2wTCB5JLwBYXPAAA9wdtm1u1pA,m1,1.67376167e-05,2,946686196,946686193,4,admin m1 m2 m3,8,2000-01-01 00:23:16,run/data/admin/debug.log,7891
569,1PsQyHWKH4xk2wTCB5JLwBYXPAAA9wdtm1u1pA,m1,1.40330629e-05,2,946686198,946686196,4,admin m1 m2 m3,8,2000-01-01 00:23:18,run/data/admin/debug.log,7905
570,1PsQyHWKH4xk2wTCB5JLwBYXPAAA9wdtm1u1pA,m1,5.00389411e-05,2,946686201,946686198,4,admin m1 m2 m3,8,2000-01-01 00:23:22,run/data/admin/debug.log,7920
571,1PsQyHWKH4xk2wTCB5JLwBYXPAAA9wdtm1u1pA,m1,2.70668988e-05,2,946686204,946686201,4,admin m1 m2 m3,11,2000-01-01 00:23:25,run/data/admin/debug.log,7934
571,17T8kJfSiCizDdpFGYkHLao39XoWdGo3yaEjhJ,m3,9.53301492e-05,2,946686205,946686201,4,admin m1 m2 m3,9,2000-01-01 00:23:25,run/data/admin/debug.log,7948
572,1PsQyHWKH4xk2wTCB5JLwBYXPAAA9wdtm1u1pA,m1,8.77109493e-06,1,946686207,946686204,4,admin m1 m2 m3,8,2000-01-01 00:23:27,run/data/admin/debug.log,7965
573,1PsQyHWKH4xk2wTCB5JLwBYXPAAA9wdtm1u1pA,m1,1.78966378e-06,1,946686208,946686207,4,admin m1 m2 m3,8,2000-01-01 00:23:28,run/data/admin/debug.log,7979
574,1PsQyHWKH4xk2wTCB5JLwBYXPAAA9wdtm1u1pA,m1,1.0040954e-06,0,946686209,946686208,4,admin m1 m2 m3,8,2000-01-01 00:23:29,run/data/admin/debug.log,7993
575,1PsQyHWKH4xk2wTCB5JLwBYXPAAA9wdtm1u1pA,m1,7.88225782e-06,1,946686211,946686209,4,admin m1 m2 m3,8,2000-01-01 00:23:31,run/data/admin/debug.log,8007
576,1PsQyHWKH4xk2wTCB5JLwBYXPAAA9wdtm1u1pA,m1,1.17554664e-05,1,946686213,946686211,4,admin m1 m2 m3,8,2000-01-01 00:23:34,run/data/admin/debug.log,8021
577,1PsQyHWKH4xk2wTCB5JLwBYXPAAA9wdtm1u1pA,m1,1.00484336e-05,1,946686215,946686213,4,admin m1 m2 m3,8,2000-01-01 00:23:36,run/data/admin/debug.log,8035
578,18GGauDrTeEJnuo5WxTDKBoNSryjXMhQvGRPjC,m2,1.47936592e-05,2,946686218,946686215,4,admin m1 m2 m3,8,2000-01-01 00:23:39,run/data/admin/debug.log,8049
579,18GGauDrTeEJnuo5WxTDKBoNSryjXMhQvGRPjC,m2,9.88930589e-05,2,946686222,946686218,4,admin m1 m2 m3,11,2000-01-01 00:23:42,run/data/admin/debug.log,8063
579,1PsQyHWKH4xk2wTCB5JLwBYXPAAA9wdtm1u1pA,m1,3.31384488e-05,2,946686222,946686218,4,admin m1 m2 m3,9,2000-01-01 00:23:42,run/data/admin/debug.log,8074
580,18GGauDrTeEJnuo5WxTDKBoNSryjXMhQvGRPjC,m2,0.000125484139,2,946686225,946686222,4,admin m1 m2 m3,11,2000-01-01 00:23:45,run/data/admin/debug.log,8093
580,1PsQyHWKH4xk2wTCB5JLwBYXPAAA9wdtm1u1pA,m1,9.02986789e-05,2,946686225,946686222,4,admin m1 m2 m3,9,2000-01-01 00:23:46,run/data/admin/debug.log,8104
581,18GGauDrTeEJnuo5WxTDKBoNSryjXMhQvGRPjC,m2,1.37443155e-05,1,946686227,946686225,4,admin m1 m2 m3,8,2000-01-01 00:23:47,run/data/admin/debug.log,8123
582,18GGauDrTeEJnuo5WxTDKBoNSryjXMhQvGRPjC,m2,2.64484487e-05,2,946686230,946686227,4,admin m1 m2 m3,11,2000-01-01 00:23:51,run/data/admin/debug.log,8138
582,1PsQyHWKH4xk2wTCB5JLwBYXPAAA9wdtm1u1pA,m1,2.43610757e-05,2,946686231,946686227,4,admin m1 m2 m3,9,2000-01-01 00:23:51,run/data/admin/debug.log,8149
583,18GGauDrTeEJnuo5WxTDKBoNSryjXMhQvGRPjC,m2,2.44699708e-05,2,946686234,946686230,4,admin m1 m2 m3,8,2000-01-01 00:23:54,run/data/admin/debug.log,8168
584,18GGauDrTeEJnuo5WxTDKBoNSryjXMhQvGRPjC,m2,0.000133096074,2,946686237,946686234,4,admin m1 m2 m3,11,2000-01-01 00:23:58,run/data/admin/debug.log,8183
584,1PsQyHWKH4xk2wTCB5JLwBYXPAAA9wdtm1u1pA,m1,3.02315207e-06,1,946686237,946686234,4,admin m1 m2 m3,9,2000-01-01 00:23:58,run/data/admin/debug.log,8194
585,1PsQyHWKH4xk2wTCB5JLwBYXPAAA9wdtm1u1pA,m1,1.20877063e-05,1,946686240,946686237,4,admin m1 m2 m3,8,2000-01-01 00:24:00,run/data/admin/debug.log,8216
586,1PsQyHWKH4xk2wTCB5JLwBYXPAAA9wdtm1u1pA,m1,4.49929517e-05,2,946686243,946686240,4,admin m1 m2 m3,8,2000-01-01 00:24:03,run/data/admin/debug.log,8234
587,1PsQyHWKH4xk2wTCB5JLwBYXPAAA9wdtm1u1pA,m1,2.81012964e-05,2,946686246,946686243,4,admin m1 m2 m3,8,2000-01-01 00:24:07,run/data/admin/debug.log,8248
588,1PsQyHWKH4xk2wTCB5JLwBYXPAAA9wdtm1u1pA,m1,3.0741476e-05,2,946686249,946686246,4,admin m1 m2 m3,8,2000-01-01 00:24:10,run/data/admin/debug.log,8262
589,1PsQyHWKH4xk2wTCB5JLwBYXPAAA9wdtm1u1pA,m1,5.13787664e-05,2,946686253,946686249,4,admin m1 m2 m3,8,2000-01-01 00:24:13,run/data/admin/debug.log,8276
590,1PsQyHWKH4xk2wTCB5JLwBYXPAAA9wdtm1u1pA,m1,4.50828106e-06,1,946686255,946686253,4,admin m1 m2 m3,8,2000-01-01 00:24:16,run/data/admin/debug.log,8290
591,1PsQyHWKH4xk2wTCB5JLwBYXPAAA9wdtm1u1pA,m1,2.78343127e-05,2,946686258,946686255,4,admin m1 m2 m3,8,2000-01-01 00:24:19,run/data/admin/debug.log,8304
592,1PsQyHWKH4xk2wTCB5JLwBYXPAAA9wdtm1u1pA,m1,1.71212511e-05,2,946686261,946686258,4,admin m1 m2 m3,8,2000-01-01 00:24:21,run/data/admin/debug.log,8318
593,1PsQyHWKH4xk2wTCB5JLwBYXPAAA9wdtm1u1pA,m1,7.31195134e-05,2,946686264,946686261,4,admin m1 m2 m3,8,2000-01-01 00:24:24,run/data/admin/debug.log,8332
594,1PsQyHWKH4xk2wTCB5JLwBYXPAAA9wdtm1u1pA,m1,4.49876829e-07,0,946686265,946686264,4,admin m1 m2 m3,8,2000-01-01 00:24:25,run/data/admin/debug.log,8346
595,1PsQyHWKH4xk2wTCB5JLwBYXPAAA9wdtm1u1pA,m1,1.98651115e-05,2,946686268,946686265,4,admin m1 m2 m3,8,2000-01-01 00:24:29,run/data/admin/debug.log,8363
596,1PsQyHWKH4xk2wTCB5JLwBYXPAAA9wdtm1u1pA,m1,7.90308019e-05,2,946686272,946686268,4,admin m1 m2 m3,8,2000-01-01 00:24:32,run/data/admin/debug.log,8377
597,1PsQyHWKH4xk2wTCB5JLwBYXPAAA9wdtm1u1pA,m1,1.26950353e-05,2,946686274,946686272,4,admin m1 m2 m3,8,2000-01-01 00:24:34,run/data/admin/debug.log,8391
598,1PsQyHWKH4xk2wTCB5JLwBYXPAAA9wdtm1u1pA,m1,1.92600561e-05,2,946686277,946686274,4,admin m1 m2 m3,8,2000-01-01 00:24:37,run/data/admin/debug.log,8405
599,18GGauDrTeEJnuo5WxTDKBoNSryjXMhQvGRPjC,m2,9.92437813e-06,1,946686280,946686277,4,admin m1 m2 m3,11,2000-01-01 00:24:40,run/data/admin/debug.log,8419
599,1PsQyHWKH4xk2wTCB5JLwBYXPAAA9wdtm1u1pA,m1,1.89972303e-05,2,946686280,946686277,4,admin m1 m2 m3,9,2000-01-01 00:24:41,run/data/admin/debug.log,8430
600,18GGauDrTeEJnuo5WxTDKBoNSryjXMhQvGRPjC,m2,8.22442553e-05,2,946686283,946686280,4,admin m1 m2 m3,8,2000-01-01 00:24:44,run/data/admin/debug.log,8449
601,18GGauDrTeEJnuo5WxTDKBoNSryjXMhQvGRPjC,m2,2.53895318e-05,2,946686287,946686283,4,admin m1 m2 m3,11,2000-01-01 00:24:47,run/data/admin/debug.log,8463
601,1PsQyHWKH4xk2wTCB5JLwBYXPAAA9wdtm1u1pA,m1,5.40515593e-05,2,946686287,946686283,4,admin m1 m2 m3,9,2000-01-01 00:24:47,run/data/admin/debug.log,8474
602,1PsQyHWKH4xk2wTCB5JLwBYXPAAA9wdtm1u1pA,m1,4.82599772e-06,1,946686289,946686287,4,admin m1 m2 m3,8,2000-01-01 00:24:49,run/data/admin/debug.log,8493
603,1PsQyHWKH4xk2wTCB5JLwBYXPAAA9wdtm1u1pA,m1,4.78809497e-05,2,946686292,946686289,4,admin m1 m2 m3,8,2000-01-01 00:24:53,run/data/admin/debug.log,8511
604,1PsQyHWKH4xk2wTCB5JLwBYXPAAA9wdtm1u1pA,m1,4.35060759e-06,1,946686295,946686292,4,admin m1 m2 m3,8,2000-01-01 00:24:55,run/data/admin/debug.log,8525
605,1PsQyHWKH4xk2wTCB5JLwBYXPAAA9wdtm1u1pA,m1,1.44600551e-05,2,946686297,946686295,4,admin m1 m2 m3,8,2000-01-01 00:24:57,run/data/admin/debug.log,8540
606,1PsQyHWKH4xk2wTCB5JLwBYXPAAA9wdtm1u1pA,m1,1.08333934e-05,1,946686299,946686297,4,admin m1 m2 m3,8,2000-01-01 00:24:59,run/data/admin/debug.log,8555
607,18GGauDrTeEJnuo5WxTDKBoNSryjXMhQvGRPjC,m2,1.68854223e-06,1,946686301,946686299,4,admin m1 m2 m3,8,2000-01-01 00:25:01,run/data/admin/debug.log,8569
608,18GGauDrTeEJnuo5WxTDKBoNSryjXMhQvGRPjC,m2,9.10781806e-05,2,946686304,946686301,4,admin m1 m2 m3,8,2000-01-01 00:25:05,run/data/admin/debug.log,8583
609,18GGauDrTeEJnuo5WxTDKBoNSryjXMhQvGRPjC,m2,1.75325347e-05,2,946686306,946686304,4,admin m1 m2 m3,8,2000-01-01 00:25:07,run/data/admin/debug.log,8597
610,18GGauDrTeEJnuo5WxTDKBoNSryjXMhQvGRPjC,m2,1.99927841e-06,1,946686308,946686306,4,admin m1 m2 m3,8,2000-01-01 00:25:08,run/data/admin/debug.log,8611
611,18GGauDrTeEJnuo5WxTDKBoNSryjXMhQvGRPjC,m2,4.83222027e-05,2,946686311,946686308,4,admin m1 m2 m3,11,2000-01-01 00:25:11,run/data/admin/debug.log,8625
611,1PsQyHWKH4xk2wTCB5JLwBYXPAAA9wdtm1u1pA,m1,1.50172756e-05,2,946686311,946686308,4,admin m1 m2 m3,9,2000-01-01 00:25:12,run/data/admin/debug.log,8639
612,17T8kJfSiCizDdpFGYkHLao39XoWdGo3yaEjhJ,m3,4.46165105e-06,1,946686314,946686311,4,admin m1 m2 m3,8,2000-01-01 00:25:14,run/data/admin/debug.log,8655
613,1PsQyHWKH4xk2wTCB5JLwBYXPAAA9wdtm1u1pA,m1,8.03622007e-06,1,946686317,946686314,4,admin m1 m2 m3,11,2000-01-01 00:25:17,run/data/admin/debug.log,8669
613,17T8kJfSiCizDdpFGYkHLao39XoWdGo3yaEjhJ,m3,0.000174644879,2,946686317,946686314,4,admin m1 m2 m3,9,2000-01-01 00:25:17,run/data/admin/debug.log,8680
614,1PsQyHWKH4xk2wTCB5JLwBYXPAAA9wdtm1u1pA,m1,3.15778455e-05,2,946686320,946686317,4,admin m1 m2 m3,11,2000-01-01 00:25:21,run/data/admin/debug.log,8699
614,17T8kJfSiCizDdpFGYkHLao39XoWdGo3yaEjhJ,m3,0.00041990353,2,946686320,946686317,4,admin m1 m2 m3,9,2000-01-01 00:25:21,run/data/admin/debug.log,8710
615,17T8kJfSiCizDdpFGYkHLao39XoWdGo3yaEjhJ,m3,9.92775693e-06,1,946686322,946686320,4,admin m1 m2 m3,8,2000-01-01 00:25:23,run/data/admin/debug.log,8729
616,1PsQyHWKH4xk2wTCB5JLwBYXPAAA9wdtm1u1pA,m1,1.36054231e-05,1,946686326,946686322,4,admin m1 m2 m3,11,2000-01-01 00:25:26,run/data/admin/debug.log,8750
616,17T8kJfSiCizDdpFGYkHLao39XoWdGo3yaEjhJ,m3,0.000158677698,2,946686326,946686322,4,admin m1 m2 m3,9,2000-01-01 00:25:26,run/data/admin/debug.log,8761
617,1PsQyHWKH4xk2wTCB5JLwBYXPAAA9wdtm1u1pA,m1,1.5568898e-05,2,946686328,946686326,4,admin m1 m2 m3,8,2000-01-01 00:25:28,run/data/admin/debug.log,8782
618,1PsQyHWKH4xk2wTCB5JLwBYXPAAA9wdtm1u1pA,m1,5.68018551e-05,2,946686331,946686328,4,admin m1 m2 m3,8,2000-01-01 00:25:31,run/data/admin/debug.log,8797
619,1PsQyHWKH4xk2wTCB5JLwBYXPAAA9wdtm1u1pA,m1,1.66471147e-05,2,946686333,946686331,4,admin m1 m2 m3,8,2000-01-01 00:25:34,run/data/admin/debug.log,8811
620,1PsQyHWKH4xk2wTCB5JLwBYXPAAA9wdtm1u1pA,m1,4.5931745e-06,1,946686336,946686333,4,admin m1 m2 m3,8,2000-01-01 00:25:36,run/data/admin/debug.log,8825
621,1PsQyHWKH4xk2wTCB5JLwBYXPAAA9wdtm1u1pA,m1,3.79752024e-05,2,946686339,946686336,4,admin m1 m2 m3,8,2000-01-01 00:25:39,run/data/admin/debug.log,8839
622,1PsQyHWKH4xk2wTCB5JLwBYXPAAA9wdtm1u1pA,m1,1.30092476e-05,1,946686341,946686339,4,admin m1 m2 m3,8,2000-01-01 00:25:41,run/data/admin/debug.log,8853
623,1PsQyHWKH4xk2wTCB5JLwBYXPAAA9wdtm1u1pA,m1,9.42161719e-05,2,946686344,946686341,4,admin m1 m2 m3,8,2000-01-01 00:25:45,run/data/admin/debug.log,8867
624,18GGauDrTeEJnuo5WxTDKBoNSryjXMhQvGRPjC,m2,1.1170956e-05,1,946686347,946686344,4,admin m1 m2 m3,8,2000-01-01 00:25:48,run/data/admin/debug.log,8881
625,1PsQyHWKH4xk2wTCB5JLwBYXPAAA9wdtm1u1pA,m1,5.20163166e-06,1,946686350,946686347,4,admin m1 m2 m3,8,2000-01-01 00:25:50,run/data/admin/debug.log,8895
626,1PsQyHWKH4xk2wTCB5JLwBYXPAAA9wdtm1u1pA,m1,4.68129622e-05,2,946686353,946686350,4,admin m1 m2 m3,8,2000-01-01 00:25:54,run/data/admin/debug.log,8909
627,1PsQyHWKH4xk2wTCB5JLwBYXPAAA9wdtm1u1pA,m1,3.53789164e-06,1,946686355,946686353,4,admin m1 m2 m3,8,2000-01-01 00:25:56,run/data/admin/debug.log,8923
628,1PsQyHWKH4xk2wTCB5JLwBYXPAAA9wdtm1u1pA,m1,2.1961462e-05,2,946686359,946686355,4,admin m1 m2 m3,8,2000-01-01 00:25:59,run/data/admin/debug.log,8938
629,1PsQyHWKH4xk2wTCB5JLwBYXPAAA9wdtm1u1pA,m1,3.85871246e-05,2,946686362,946686359,4,admin m1 m2 m3,8,2000-01-01 00:26:02,run/data/admin/debug.log,8955
630,1PsQyHWKH4xk2wTCB5JLwBYXPAAA9wdtm1u1pA,m1,1.92355746e-05,2,946686365,946686362,4,admin m1 m2 m3,8,2000-01-01 00:26:06,run/data/admin/debug.log,8970
631,1PsQyHWKH4xk2wTCB5JLwBYXPAAA9wdtm1u1pA,m1,2.51959119e-05,2,946686369,946686365,4,admin m1 m2 m3,8,2000-01-01 00:26:09,run/data/admin/debug.log,8984
632,1PsQyHWKH4xk2wTCB5JLwBYXPAAA9wdtm1u1pA,m1,5.36374452e-05,2,946686372,946686369,4,admin m1 m2 m3,8,2000-01-01 00:26:12,run/data/admin/debug.log,8998
633,1PsQyHWKH4xk2wTCB5JLwBYXPAAA9wdtm1u1pA,m1,1.30689269e-05,1,946686374,946686372,4,admin m1 m2 m3,8,2000-01-01 00:26:14,run/data/admin/debug.log,9012
634,1PsQyHWKH4xk2wTCB5JLwBYXPAAA9wdtm1u1pA,m1,2.28533672e-05,2,946686377,946686374,4,admin m1 m2 m3,8,2000-01-01 00:26:18,run/data/admin/debug.log,9026
635,1PsQyHWKH4xk2wTCB5JLwBYXPAAA9wdtm1u1pA,m1,7.91628746e-06,1,946686380,946686377,4,admin m1 m2 m3,8,2000-01-01 00:26:20,run/data/admin/debug.log,9040
636,18GGauDrTeEJnuo5WxTDKBoNSryjXMhQvGRPjC,m2,3.30836725e-06,1,946686382,946686380,4,admin m1 m2 m3,8,2000-01-01 00:26:23,run/data/admin/debug.log,9054
637,18GGauDrTeEJnuo5WxTDKBoNSryjXMhQvGRPjC,m2,7.28075168e-06,1,946686385,946686382,4,admin m1 m2 m3,8,2000-01-01 00:26:25,run/data/admin/debug.log,9068
638,1PsQyHWKH4xk2wTCB5JLwBYXPAAA9wdtm1u1pA,m1,8.031606e-06,1,946686387,946686385,4,admin m1 m2 m3,8,2000-01-01 00:26:28,run/data/admin/debug.log,9082
639,1PsQyHWKH4xk2wTCB5JLwBYXPAAA9wdtm1u1pA,m1,1.72334846e-05,2,946686390,946686387,4,admin m1 m2 m3,8,2000-01-01 00:26:30,run/data/admin/debug.log,9096
640,1PsQyHWKH4xk2wTCB5JLwBYXPAAA9wdtm1u1pA,m1,4.78913577e-06,1,946686392,946686390,4,admin m1 m2 m3,8,2000-01-01 00:26:32,run/data/admin/debug.log,9110
641,18GGauDrTeEJnuo5WxTDKBoNSryjXMhQvGRPjC,m2,4.21051207e-06,1,946686395,946686392,4,admin m1 m2 m3,8,2000-01-01 00:26:35,run/data/admin/debug.log,9124
642,1PsQyHWKH4xk2wTCB5JLwBYXPAAA9wdtm1u1pA,m1,3.23951397e-06,1,946686397,946686395,4,admin m1 m2 m3,8,2000-01-01 00:26:38,run/data/admin/debug.log,9139
643,1PsQyHWKH4xk2wTCB5JLwBYXPAAA9wdtm1u1pA,m1,1.44906702e-06,1,946686398,946686397,4,admin m1 m2 m3,8,2000-01-01 00:26:39,run/data/admin/debug.log,9153
644,1PsQyHWKH4xk2wTCB5JLwBYXPAAA9wdtm1u1pA,m1,1.10694133e-05,1,946686401,946686398,4,admin m1 m2 m3,8,2000-01-01 00:26:41,run/data/admin/debug.log,9167
645,18GGauDrTeEJnuo5WxTDKBoNSryjXMhQvGRPjC,m2,4.58669058e-07,0,946686402,946686401,4,admin m1 m2 m3,8,2000-01-01 00:26:43,run/data/admin/debug.log,9181
646,18GGauDrTeEJnuo5WxTDKBoNSryjXMhQvGRPjC,m2,5.49346503e-06,1,946686404,946686402,4,admin m1 m2 m3,8,2000-01-01 00:26:45,run/data/admin/debug.log,9195
647,18GGauDrTeEJnuo5WxTDKBoNSryjXMhQvGRPjC,m2,0.000324197666,2,946686408,946686404,4,admin m1 m2 m3,8,2000-01-01 00:26:48,run/data/admin/debug.log,9209
648,18GGauDrTeEJnuo5WxTDKBoNSryjXMhQvGRPjC,m2,2.55133734e-05,2,946686411,946686408,4,admin m1 m2 m3,8,2000-01-01 00:26:51,run/data/admin/debug.log,9223
649,1PsQyHWKH4xk2wTCB5JLwBYXPAAA9wdtm1u1pA,m1,1.16229974e-05,1,946686412,946686411,4,admin m1 m2 m3,8,2000-01-01 00:26:52,run/data/admin/debug.log,9234
650,1PsQyHWKH4xk2wTCB5JLwBYXPAAA9wdtm1u1pA,m1,5.64975585e-05,2,946686415,946686412,4,admin m1 m2 m3,8,2000-01-01 00:26:55,run/data/admin/debug.log,9248
651,1PsQyHWKH4xk2wTCB5JLwBYXPAAA9wdtm1u1pA,m1,1.28042519e-05,1,946686417,946686415,4,admin m1 m2 m3,8,2000-01-01 00:26:57,run/data/admin/debug.log,9262
652,18GGauDrTeEJnuo5WxTDKBoNSryjXMhQvGRPjC,m2,4.7839906e-06,1,946686420,946686417,4,admin m1 m2 m3,8,2000-01-01 00:27:00,run/data/admin/debug.log,9279
653,18GGauDrTeEJnuo5WxTDKBoNSryjXMhQvGRPjC,m2,0.000185977565,2,946686423,946686420,4,admin m1 m2 m3,8,2000-01-01 00:27:04,run/data/admin/debug.log,9293
654,1PsQyHWKH4xk2wTCB5JLwBYXPAAA9wdtm1u1pA,m1,4.5651474e-06,1,946686426,946686423,4,admin m1 m2 m3,8,2000-01-01 00:27:06,run/data/admin/debug.log,9308
655,1PsQyHWKH4xk2wTCB5JLwBYXPAAA9wdtm1u1pA,m1,2.67087317e-05,2,946686429,946686426,4,admin m1 m2 m3,8,2000-01-01 00:27:09,run/data/admin/debug.log,9322
656,1PsQyHWKH4xk2wTCB5JLwBYXPAAA9wdtm1u1pA,m1,1.03409658e-05,1,946686431,946686429,4,admin m1 m2 m3,8,2000-01-01 00:27:12,run/data/admin/debug.log,9336
657,1PsQyHWKH4xk2wTCB5JLwBYXPAAA9wdtm1u1pA,m1,9.52269408e-06,1,946686434,946686431,4,admin m1 m2 m3,8,2000-01-01 00:27:14,run/data/admin/debug.log,9350
658,18GGauDrTeEJnuo5WxTDKBoNSryjXMhQvGRPjC,m2,6.87896092e-06,1,946686436,946686434,4,admin m1 m2 m3,8,2000-01-01 00:27:17,run/data/admin/debug.log,9364
659,18GGauDrTeEJnuo5WxTDKBoNSryjXMhQvGRPjC,m2,0.000109103308,2,946686440,946686436,4,admin m1 m2 m3,11,2000-01-01 00:27:20,run/data/admin/debug.log,9378
659,17T8kJfSiCizDdpFGYkHLao39XoWdGo3yaEjhJ,m3,7.22627426e-05,2,946686440,946686436,4,admin m1 m2 m3,9,2000-01-01 00:27:21,run/data/admin/debug.log,9392
660,18GGauDrTeEJnuo5WxTDKBoNSryjXMhQvGRPjC,m2,5.61360802e-05,2,946686443,946686440,4,admin m1 m2 m3,8,2000-01-01 00:27:23,run/data/admin/debug.log,9408
661,1PsQyHWKH4xk2wTCB5JLwBYXPAAA9wdtm1u1pA,m1,8.05175034e-06,1,946686446,946686443,4,admin m1 m2 m3,11,2000-01-01 00:27:26,run/data/admin/debug.log,9422
661,17T8kJfSiCizDdpFGYkHLao39XoWdGo3yaEjhJ,m3,1.53098233e-05,2,946686446,946686443,4,admin m1 m2 m3,9,2000-01-01 00:27:26,run/data/admin/debug.log,9433
662,18GGauDrTeEJnuo5WxTDKBoNSryjXMhQvGRPjC,m2,1.41845322e-05,1,946686449,946686446,4,admin m1 m2 m3,11,2000-01-01 00:27:29,run/data/admin/debug.log,9453
662,17T8kJfSiCizDdpFGYkHLao39XoWdGo3yaEjhJ,m3,0.000347289895,2,946686449,946686446,4,admin m1 m2 m3,9,2000-01-01 00:27:29,run/data/admin/debug.log,9467
663,18GGauDrTeEJnuo5WxTDKBoNSryjXMhQvGRPjC,m2,5.03119052e-06,1,946686451,946686449,4,admin m1 m2 m3,11,2000-01-01 00:27:31,run/data/admin/debug.log,9483
663,1PsQyHWKH4xk2wTCB5JLwBYXPAAA9wdtm1u1pA,m1,1.32748496e-05,1,946686451,946686449,4,admin m1 m2 m3,9,2000-01-01 00:27:32,run/data/admin/debug.log,9497
664,1PsQyHWKH4xk2wTCB5JLwBYXPAAA9wdtm1u1pA,m1,1.089638e-05,1,946686453,946686451,4,admin m1 m2 m3,11,2000-01-01 00:27:34,run/data/admin/debug.log,9513
664,17T8kJfSiCizDdpFGYkHLao39XoWdGo3yaEjhJ,m3,6.64507691e-06,1,946686453,946686451,4,admin m1 m2 m3,9,2000-01-01 00:27:34,run/data/admin/debug.log,9528
665,17T8kJfSiCizDdpFGYkHLao39XoWdGo3yaEjhJ,m3,0.000588056321,2,946686457,946686453,4,admin m1 m2 m3,11,2000-01-01 00:27:37,run/data/admin/debug.log,9547
665,1PsQyHWKH4xk2wTCB5JLwBYXPAAA9wdtm1u1pA,m1,2.37366678e-05,2,946686457,946686453,4,admin m1 m2 m3,9,2000-01-01 00:27:37,run/data/admin/debug.log,9565
666,1PsQyHWKH4xk2wTCB5JLwBYXPAAA9wdtm1u1pA,m1,1.18207162e-05,1,946686459,946686457,4,admin m1 m2 m3,8,2000-01-01 00:27:39,run/data/admin/debug.log,9585
667,1PsQyHWKH4xk2wTCB5JLwBYXPAAA9wdtm1u1pA,m1,1.6990305e-05,2,946686461,946686459,4,admin m1 m2 m3,8,2000-01-01 00:27:42,run/data/admin/debug.log,9609
668,1PsQyHWKH4xk2wTCB5JLwBYXPAAA9wdtm1u1pA,m1,3.98202387e-06,1,946686463,946686461,4,admin m1 m2 m3,8,2000-01-01 00:27:44,run/data/admin/debug.log,9623
669,1PsQyHWKH4xk2wTCB5JLwBYXPAAA9wdtm1u1pA,m1,3.38487031e-05,2,946686467,946686463,4,admin m1 m2 m3,8,2000-01-01 00:27:47,run/data/admin/debug.log,9637
670,1PsQyHWKH4xk2wTCB5JLwBYXPAAA9wdtm1u1pA,m1,2.65627121e-06,1,946686469,946686467,4,admin m1 m2 m3,8,2000-01-01 00:27:49,run/data/admin/debug.log,9651
671,1PsQyHWKH4xk2wTCB5JLwBYXPAAA9wdtm1u1pA,m1,3.3260341e-05,2,946686472,946686469,4,admin m1 m2 m3,8,2000-01-01 00:27:53,run/data/admin/debug.log,9665
672,1PsQyHWKH4xk2wTCB5JLwBYXPAAA9wdtm1u1pA,m1,7.62026643e-06,1,946686474,946686472,4,admin m1 m2 m3,8,2000-01-01 00:27:55,run/data/admin/debug.log,9679
673,1PsQyHWKH4xk2wTCB5JLwBYXPAAA9wdtm1u1pA,m1,8.53125589e-07,0,946686475,946686474,4,admin m1 m2 m3,8,2000-01-01 00:27:56,run/data/admin/debug.log,9693
674,1PsQyHWKH4xk2wTCB5JLwBYXPAAA9wdtm1u1pA,m1,2.7212032e-06,1,946686478,946686475,4,admin m1 m2 m3,8,2000-01-01 00:27:58,run/data/admin/debug.log,9707
675,1PsQyHWKH4xk2wTCB5JLwBYXPAAA9wdtm1u1pA,m1,6.33258887e-06,1,946686480,946686478,4,admin m1 m2 m3,8,2000-01-01 00:28:00,run/data/admin/debug.log,9725
676,1PsQyHWKH4xk2wTCB5JLwBYXPAAA9wdtm1u1pA,m1,5.13615992e-06,1,946686482,946686480,4,admin m1 m2 m3,8,2000-01-01 00:28:02,run/data/admin/debug.log,9739
677,1PsQyHWKH4xk2wTCB5JLwBYXPAAA9wdtm1u1pA,m1,1.47374718e-05,2,946686484,946686482,4,admin m1 m2 m3,8,2000-01-01 00:28:05,run/data/admin/debug.log,9753
678,1PsQyHWKH4xk2wTCB5JLwBYXPAAA9wdtm1u1pA,m1,6.82329584e-06,1,946686487,946686484,4,admin m1 m2 m3,8,2000-01-01 00:28:07,run/data/admin/debug.log,9768
679,1PsQyHWKH4xk2wTCB5JLwBYXPAAA9wdtm1u1pA,m1,7.26361658e-06,1,946686489,946686487,4,admin m1 m2 m3,8,2000-01-01 00:28:09,run/data/admin/debug.log,9782
680,1PsQyHWKH4xk2wTCB5JLwBYXPAAA9wdtm1u1pA,m1,2.90595225e-05,2,946686492,946686489,4,admin m1 m2 m3,8,2000-01-01 00:28:12,run/data/admin/debug.log,9796
681,1PsQyHWKH4xk2wTCB5JLwBYXPAAA9wdtm1u1pA,m1,3.87607276e-05,2,946686495,946686492,4,admin m1 m2 m3,8,2000-01-01 00:28:16,run/data/admin/debug.log,9810
682,1PsQyHWKH4xk2wTCB5JLwBYXPAAA9wdtm1u1pA,m1,4.65111312e-05,2,946686499,946686495,4,admin m1 m2 m3,8,2000-01-01 00:28:19,run/data/admin/debug.log,9824
683,1PsQyHWKH4xk2wTCB5JLwBYXPAAA9wdtm1u1pA,m1,2.00562991e-05,2,946686502,946686499,4,admin m1 m2 m3,8,2000-01-01 00:28:22,run/data/admin/debug.log,9838
684,18GGauDrTeEJnuo5WxTDKBoNSryjXMhQvGRPjC,m2,7.18925707e-06,1,946686505,946686502,4,admin m1 m2 m3,8,2000-01-01 00:28:25,run/data/admin/debug.log,9852
685,1PsQyHWKH4xk2wTCB5JLwBYXPAAA9wdtm1u1pA,m1,6.25698265e-06,1,946686507,946686505,4,admin m1 m2 m3,11,2000-01-01 00:28:28,run/data/admin/debug.log,9866
685,18GGauDrTeEJnuo5WxTDKBoNSryjXMhQvGRPjC,m2,4.01165802e-05,2,946686508,946686505,4,admin m1 m2 m3,9,2000-01-01 00:28:28,run/data/admin/debug.log,9877
686,1PsQyHWKH4xk2wTCB5JLwBYXPAAA9wdtm1u1pA,m1,9.99015873e-07,0,946686509,946686507,4,admin m1 m2 m3,8,2000-01-01 00:28:29,run/data/admin/debug.log,9896
687,1PsQyHWKH4xk2wTCB5JLwBYXPAAA9wdtm1u1pA,m1,3.26099326e-05,2,946686512,946686509,4,admin m1 m2 m3,8,2000-01-01 00:28:32,run/data/admin/debug.log,9910
688,1PsQyHWKH4xk2wTCB5JLwBYXPAAA9wdtm1u1pA,m1,9.5254314e-06,1,946686514,946686512,4,admin m1 m2 m3,8,2000-01-01 00:28:35,run/data/admin/debug.log,9924
689,18GGauDrTeEJnuo5WxTDKBoNSryjXMhQvGRPjC,m2,3.94624772e-06,1,946686517,946686514,4,admin m1 m2 m3,8,2000-01-01 00:28:37,run/data/admin/debug.log,9938
690,1PsQyHWKH4xk2wTCB5JLwBYXPAAA9wdtm1u1pA,m1,1.41318356e-05,1,946686520,946686517,4,admin m1 m2 m3,8,2000-01-01 00:28:40,run/data/admin/debug.log,9953
691,1PsQyHWKH4xk2wTCB5JLwBYXPAAA9wdtm1u1pA,m1,7.34962115e-05,2,946686523,946686520,4,admin m1 m2 m3,8,2000-01-01 00:28:43,run/data/admin/debug.log,9967
692,1PsQyHWKH4xk2wTCB5JLwBYXPAAA9wdtm1u1pA,m1,1.71903408e-05,2,946686525,946686523,4,admin m1 m2 m3,8,2000-01-01 00:28:45,run/data/admin/debug.log,9981
693,1PsQyHWKH4xk2wTCB5JLwBYXPAAA9wdtm1u1pA,m1,3.72549084e-06,1,946686527,946686525,4,admin m1 m2 m3,8,2000-01-01 00:28:48,run/data/admin/debug.log,9995
694,1PsQyHWKH4xk2wTCB5JLwBYXPAAA9wdtm1u1pA,m1,1.99879323e-05,2,946686531,946686527,4,admin m1 m2 m3,8,2000-01-01 00:28:51,run/data/admin/debug.log,10009
695,1PsQyHWKH4xk2wTCB5JLwBYXPAAA9wdtm1u1pA,m1,1.19074628e-06,1,946686532,946686531,4,admin m1 m2 m3,8,2000-01-01 00:28:52,run/data/admin/debug.log,10023
696,1PsQyHWKH4xk2wTCB5JLwBYXPAAA9wdtm1u1pA,m1,1.66992286e-05,2,946686535,946686532,4,admin m1 m2 m3,8,2000-01-01 00:28:55,run/data/admin/debug.log,10037
697,1PsQyHWKH4xk2wTCB5JLwBYXPAAA9wdtm1u1pA,m1,3.64762373e-05,2,946686538,946686535,4,admin m1 m2 m3,8,2000-01-01 00:28:59,run/data/admin/debug.log,10051
