run_id,livello,tbt,height,height_conferma,epoca,tipo,nodo_mittente,indirizzo_mittente,nodo_destinatario,indirizzo_destinatario,importo_gas,saldo_mittente_dopo,fonte_saldo_mittente,saldo_destinatario_dopo,fonte_saldo_destinatario,note,saldo_mittente_prima
run4-tbt-3s/continentale,continentale,3,19,,2,init,admin,,c1,1JYF2q1Sf8dBzUVspdhkifPGzhj1rwA12i1hPV,100.0,,non_disponibile (l'admin non e' campionato in gas_balances.csv),99.804,campione a height=109,"l'admin finanzia il nodo: init = dotazione iniziale, refill = rifornimento sotto soglia; height e' l'altezza di INVIO, non di conferma (gas_transfers.csv non porta il txid)",
run4-tbt-3s/continentale,continentale,3,19,,2,init,admin,,c2,1C7XjpQytFpcBVJyEs8Gf1TvTTZJgYsbySAgGE,100.0,,non_disponibile (l'admin non e' campionato in gas_balances.csv),99.804,campione a height=109,"l'admin finanzia il nodo: init = dotazione iniziale, refill = rifornimento sotto soglia; height e' l'altezza di INVIO, non di conferma (gas_transfers.csv non porta il txid)",
run4-tbt-3s/continentale,continentale,3,19,,2,init,admin,,c3,1FzwgcL8WrrmniBZoBvAR6MEp5DRgxqCGyjyx8,100.0,,non_disponibile (l'admin non e' campionato in gas_balances.csv),99.8038,campione a height=109,"l'admin finanzia il nodo: init = dotazione iniziale, refill = rifornimento sotto soglia; height e' l'altezza di INVIO, non di conferma (gas_transfers.csv non porta il txid)",
run4-tbt-3s/continentale,continentale,3,19,,2,init,admin,,c4,1Cy3ajnDFY64KmZnhC5S4Nd1d59WrLjgpqjbiz,100.0,,non_disponibile (l'admin non e' campionato in gas_balances.csv),99.804,campione a height=109,"l'admin finanzia il nodo: init = dotazione iniziale, refill = rifornimento sotto soglia; height e' l'altezza di INVIO, non di conferma (gas_transfers.csv non porta il txid)",
run4-tbt-3s/continentale,continentale,3,19,,2,init,admin,,c5,1HqvoZqwoGg5a7XkWWXUdSerMcrtk3RppCHmib,100.0,,non_disponibile (l'admin non e' campionato in gas_balances.csv),99.8042,campione a height=109,"l'admin finanzia il nodo: init = dotazione iniziale, refill = rifornimento sotto soglia; height e' l'altezza di INVIO, non di conferma (gas_transfers.csv non porta il txid)",
run4-tbt-3s/continentale,continentale,3,19,,2,init,admin,,m1,1PJJAyxet5ARk1XH3GjK9tVTPH3keFUewkjkfi,50.0,,non_disponibile (l'admin non e' campionato in gas_balances.csv),4.3387,campione a height=109,"l'admin finanzia il nodo: init = dotazione iniziale, refill = rifornimento sotto soglia; height e' l'altezza di INVIO, non di conferma (gas_transfers.csv non porta il txid)",
run4-tbt-3s/continentale,continentale,3,19,,2,init,admin,,m2,1VAcJXZ4zmVYXXG3RSh25pvJNoJdBeVy9ChdT6,50.0,,non_disponibile (l'admin non e' campionato in gas_balances.csv),21.7644,campione a height=109,"l'admin finanzia il nodo: init = dotazione iniziale, refill = rifornimento sotto soglia; height e' l'altezza di INVIO, non di conferma (gas_transfers.csv non porta il txid)",
run4-tbt-3s/continentale,continentale,3,19,,2,init,admin,,m3,1VuBTTQVFkVMQoHen4dKPJgUfqJY1ta899xaf7,50.0,,non_disponibile (l'admin non e' campionato in gas_balances.csv),40.0977,campione a height=109,"l'admin finanzia il nodo: init = dotazione iniziale, refill = rifornimento sotto soglia; height e' l'altezza di INVIO, non di conferma (gas_transfers.csv non porta il txid)",
run4-tbt-3s/continentale,continentale,3,19,,2,init,admin,,ca,,50.0,,non_disponibile (l'admin non e' campionato in gas_balances.csv),49.3564,campione a height=109,"l'admin finanzia il nodo: init = dotazione iniziale, refill = rifornimento sotto soglia; height e' l'altezza di INVIO, non di conferma (gas_transfers.csv non porta il txid)",
run4-tbt-3s/continentale,continentale,3,109,,10,refill,admin,,m1,1PJJAyxet5ARk1XH3GjK9tVTPH3keFUewkjkfi,100.0,,non_disponibile (l'admin non e' campionato in gas_balances.csv),4.3387,campione a height=109,"l'admin finanzia il nodo: init = dotazione iniziale, refill = rifornimento sotto soglia; height e' l'altezza di INVIO, non di conferma (gas_transfers.csv non porta il txid)",
run4-tbt-3s/continentale,continentale,3,130,,11,refill,admin,,m1,1PJJAyxet5ARk1XH3GjK9tVTPH3keFUewkjkfi,100.0,,non_disponibile (l'admin non e' campionato in gas_balances.csv),7.0356,campione a height=130,"l'admin finanzia il nodo: init = dotazione iniziale, refill = rifornimento sotto soglia; height e' l'altezza di INVIO, non di conferma (gas_transfers.csv non porta il txid)",
run4-tbt-3s/continentale,continentale,3,130,,11,refill,admin,,m2,1VAcJXZ4zmVYXXG3RSh25pvJNoJdBeVy9ChdT6,100.0,,non_disponibile (l'admin non e' campionato in gas_balances.csv),9.7544,campione a height=130,"l'admin finanzia il nodo: init = dotazione iniziale, refill = rifornimento sotto soglia; height e' l'altezza di INVIO, non di conferma (gas_transfers.csv non porta il txid)",
run4-tbt-3s/continentale,continentale,3,139,,12,refill,admin,,m1,1PJJAyxet5ARk1XH3GjK9tVTPH3keFUewkjkfi,100.0,,non_disponibile (l'admin non e' campionato in gas_balances.csv),7.1304,campione a height=139,"l'admin finanzia il nodo: init = dotazione iniziale, refill = rifornimento sotto soglia; height e' l'altezza di INVIO, non di conferma (gas_transfers.csv non porta il txid)",
run4-tbt-3s/continentale,continentale,3,147,,13,refill,admin,,m1,1PJJAyxet5ARk1XH3GjK9tVTPH3keFUewkjkfi,100.0,,non_disponibile (l'admin non e' campionato in gas_balances.csv),7.2189,campione a height=147,"l'admin finanzia il nodo: init = dotazione iniziale, refill = rifornimento sotto soglia; height e' l'altezza di INVIO, non di conferma (gas_transfers.csv non porta il txid)",
run4-tbt-3s/continentale,continentale,3,147,,13,refill,admin,,m2,1VAcJXZ4zmVYXXG3RSh25pvJNoJdBeVy9ChdT6,100.0,,non_disponibile (l'admin non e' campionato in gas_balances.csv),19.5428,campione a height=147,"l'admin finanzia il nodo: init = dotazione iniziale, refill = rifornimento sotto soglia; height e' l'altezza di INVIO, non di conferma (gas_transfers.csv non porta il txid)",
run4-tbt-3s/continentale,continentale,3,164,,14,refill,admin,,m1,1PJJAyxet5ARk1XH3GjK9tVTPH3keFUewkjkfi,100.0,,non_disponibile (l'admin non e' campionato in gas_balances.csv),8.0058,campione a height=164,"l'admin finanzia il nodo: init = dotazione iniziale, refill = rifornimento sotto soglia; height e' l'altezza di INVIO, non di conferma (gas_transfers.csv non porta il txid)",
run4-tbt-3s/continentale,continentale,3,164,,14,refill,admin,,m3,1VuBTTQVFkVMQoHen4dKPJgUfqJY1ta899xaf7,100.0,,non_disponibile (l'admin non e' campionato in gas_balances.csv),17.8679,campione a height=164,"l'admin finanzia il nodo: init = dotazione iniziale, refill = rifornimento sotto soglia; height e' l'altezza di INVIO, non di conferma (gas_transfers.csv non porta il txid)",
run4-tbt-3s/continentale,continentale,3,173,,15,refill,admin,,m1,1PJJAyxet5ARk1XH3GjK9tVTPH3keFUewkjkfi,100.0,,non_disponibile (l'admin non e' campionato in gas_balances.csv),6.9348,campione a height=173,"l'admin finanzia il nodo: init = dotazione iniziale, refill = rifornimento sotto soglia; height e' l'altezza di INVIO, non di conferma (gas_transfers.csv non porta il txid)",
run4-tbt-3s/continentale,continentale,3,180,,16,refill,admin,,m1,1PJJAyxet5ARk1XH3GjK9tVTPH3keFUewkjkfi,100.0,,non_disponibile (l'admin non e' campionato in gas_balances.csv),7.2015,campione a height=180,"l'admin finanzia il nodo: init = dotazione iniziale, refill = rifornimento sotto soglia; height e' l'altezza di INVIO, non di conferma (gas_transfers.csv non porta il txid)",
run4-tbt-3s/continentale,continentale,3,180,,16,refill,admin,,m2,1VAcJXZ4zmVYXXG3RSh25pvJNoJdBeVy9ChdT6,100.0,,non_disponibile (l'admin non e' campionato in gas_balances.csv),9.7706,campione a height=180,"l'admin finanzia il nodo: init = dotazione iniziale, refill = rifornimento sotto soglia; height e' l'altezza di INVIO, non di conferma (gas_transfers.csv non porta il txid)",
run4-tbt-3s/continentale,continentale,3,197,,17,refill,admin,,m1,1PJJAyxet5ARk1XH3GjK9tVTPH3keFUewkjkfi,100.0,,non_disponibile (l'admin non e' campionato in gas_balances.csv),7.5483,campione a height=197,"l'admin finanzia il nodo: init = dotazione iniziale, refill = rifornimento sotto soglia; height e' l'altezza di INVIO, non di conferma (gas_transfers.csv non porta il txid)",
run4-tbt-3s/continentale,continentale,3,214,,18,refill,admin,,m1,1PJJAyxet5ARk1XH3GjK9tVTPH3keFUewkjkfi,100.0,,non_disponibile (l'admin non e' campionato in gas_balances.csv),7.81,campione a height=214,"l'admin finanzia il nodo: init = dotazione iniziale, refill = rifornimento sotto soglia; height e' l'altezza di INVIO, non di conferma (gas_transfers.csv non porta il txid)",
run4-tbt-3s/continentale,continentale,3,214,,18,refill,admin,,m2,1VAcJXZ4zmVYXXG3RSh25pvJNoJdBeVy9ChdT6,100.0,,non_disponibile (l'admin non e' campionato in gas_balances.csv),19.5441,campione a height=214,"l'admin finanzia il nodo: init = dotazione iniziale, refill = rifornimento sotto soglia; height e' l'altezza di INVIO, non di conferma (gas_transfers.csv non porta il txid)",
run4-tbt-3s/continentale,continentale,3,222,,19,refill,admin,,m1,1PJJAyxet5ARk1XH3GjK9tVTPH3keFUewkjkfi,100.0,,non_disponibile (l'admin non e' campionato in gas_balances.csv),7.53,campione a height=222,"l'admin finanzia il nodo: init = dotazione iniziale, refill = rifornimento sotto soglia; height e' l'altezza di INVIO, non di conferma (gas_transfers.csv non porta il txid)",
run4-tbt-3s/continentale,continentale,3,231,,20,refill,admin,,m1,1PJJAyxet5ARk1XH3GjK9tVTPH3keFUewkjkfi,100.0,,non_disponibile (l'admin non e' campionato in gas_balances.csv),7.6314,campione a height=231,"l'admin finanzia il nodo: init = dotazione iniziale, refill = rifornimento sotto soglia; height e' l'altezza di INVIO, non di conferma (gas_transfers.csv non porta il txid)",
run4-tbt-3s/continentale,continentale,3,249,,21,refill,admin,,m1,1PJJAyxet5ARk1XH3GjK9tVTPH3keFUewkjkfi,100.0,,non_disponibile (l'admin non e' campionato in gas_balances.csv),7.0669,campione a height=249,"l'admin finanzia il nodo: init = dotazione iniziale, refill = rifornimento sotto soglia; height e' l'altezza di INVIO, non di conferma (gas_transfers.csv non porta il txid)",
run4-tbt-3s/continentale,continentale,3,249,,21,refill,admin,,m2,1VAcJXZ4zmVYXXG3RSh25pvJNoJdBeVy9ChdT6,100.0,,non_disponibile (l'admin non e' campionato in gas_balances.csv),10.4988,campione a height=249,"l'admin finanzia il nodo: init = dotazione iniziale, refill = rifornimento sotto soglia; height e' l'altezza di INVIO, non di conferma (gas_transfers.csv non porta il txid)",
run4-tbt-3s/continentale,continentale,3,258,,22,refill,admin,,m1,1PJJAyxet5ARk1XH3GjK9tVTPH3keFUewkjkfi,100.0,,non_disponibile (l'admin non e' campionato in gas_balances.csv),7.2474,campione a height=258,"l'admin finanzia il nodo: init = dotazione iniziale, refill = rifornimento sotto soglia; height e' l'altezza di INVIO, non di conferma (gas_transfers.csv non porta il txid)",
run4-tbt-3s/continentale,continentale,3,268,,23,refill,admin,,m1,1PJJAyxet5ARk1XH3GjK9tVTPH3keFUewkjkfi,100.0,,non_disponibile (l'admin non e' campionato in gas_balances.csv),7.5639,campione a height=268,"l'admin finanzia il nodo: init = dotazione iniziale, refill = rifornimento sotto soglia; height e' l'altezza di INVIO, non di conferma (gas_transfers.csv non porta il txid)",
run4-tbt-3s/continentale,continentale,3,268,,23,refill,admin,,m2,1VAcJXZ4zmVYXXG3RSh25pvJNoJdBeVy9ChdT6,100.0,,non_disponibile (l'admin non e' campionato in gas_balances.csv),19.3888,campione a height=268,"l'admin finanzia il nodo: init = dotazione iniziale, refill = rifornimento sotto soglia; height e' l'altezza di INVIO, non di conferma (gas_transfers.csv non porta il txid)",
run4-tbt-3s/continentale,continentale,3,268,,23,refill,admin,,m3,1VuBTTQVFkVMQoHen4dKPJgUfqJY1ta899xaf7,100.0,,non_disponibile (l'admin non e' campionato in gas_balances.csv),17.1669,campione a height=268,"l'admin finanzia il nodo: init = dotazione iniziale, refill = rifornimento sotto soglia; height e' l'altezza di INVIO, non di conferma (gas_transfers.csv non porta il txid)",
run4-tbt-3s/continentale,continentale,3,286,,24,refill,admin,,m1,1PJJAyxet5ARk1XH3GjK9tVTPH3keFUewkjkfi,100.0,,non_disponibile (l'admin non e' campionato in gas_balances.csv),8.2003,campione a height=286,"l'admin finanzia il nodo: init = dotazione iniziale, refill = rifornimento sotto soglia; height e' l'altezza di INVIO, non di conferma (gas_transfers.csv non porta il txid)",
run4-tbt-3s/continentale,continentale,3,294,,25,refill,admin,,m1,1PJJAyxet5ARk1XH3GjK9tVTPH3keFUewkjkfi,100.0,,non_disponibile (l'admin non e' campionato in gas_balances.csv),7.3618,campione a height=294,"l'admin finanzia il nodo: init = dotazione iniziale, refill = rifornimento sotto soglia; height e' l'altezza di INVIO, non di conferma (gas_transfers.csv non porta il txid)",
run4-tbt-3s/continentale,continentale,3,304,,26,refill,admin,,m1,1PJJAyxet5ARk1XH3GjK9tVTPH3keFUewkjkfi,100.0,,non_disponibile (l'admin non e' campionato in gas_balances.csv),7.8405,campione a height=304,"l'admin finanzia il nodo: init = dotazione iniziale, refill = rifornimento sotto soglia; height e' l'altezza di INVIO, non di conferma (gas_transfers.csv non porta il txid)",
run4-tbt-3s/continentale,continentale,3,304,,26,refill,admin,,m2,1VAcJXZ4zmVYXXG3RSh25pvJNoJdBeVy9ChdT6,100.0,,non_disponibile (l'admin non e' campionato in gas_balances.csv),9.2476,campione a height=304,"l'admin finanzia il nodo: init = dotazione iniziale, refill = rifornimento sotto soglia; height e' l'altezza di INVIO, non di conferma (gas_transfers.csv non porta il txid)",
run4-tbt-3s/continentale,continentale,3,321,,27,refill,admin,,m1,1PJJAyxet5ARk1XH3GjK9tVTPH3keFUewkjkfi,100.0,,non_disponibile (l'admin non e' campionato in gas_balances.csv),8.1814,campione a height=321,"l'admin finanzia il nodo: init = dotazione iniziale, refill = rifornimento sotto soglia; height e' l'altezza di INVIO, non di conferma (gas_transfers.csv non porta il txid)",
run4-tbt-3s/continentale,continentale,3,329,,28,refill,admin,,m1,1PJJAyxet5ARk1XH3GjK9tVTPH3keFUewkjkfi,100.0,,non_disponibile (l'admin non e' campionato in gas_balances.csv),7.6821,campione a height=329,"l'admin finanzia il nodo: init = dotazione iniziale, refill = rifornimento sotto soglia; height e' l'altezza di INVIO, non di conferma (gas_transfers.csv non porta il txid)",
run4-tbt-3s/continentale,continentale,3,329,,28,refill,admin,,m2,1VAcJXZ4zmVYXXG3RSh25pvJNoJdBeVy9ChdT6,100.0,,non_disponibile (l'admin non e' campionato in gas_balances.csv),18.9592,campione a height=329,"l'admin finanzia il nodo: init = dotazione iniziale, refill = rifornimento sotto soglia; height e' l'altezza di INVIO, non di conferma (gas_transfers.csv non porta il txid)",
run4-tbt-3s/continentale,continentale,3,337,,29,refill,admin,,m1,1PJJAyxet5ARk1XH3GjK9tVTPH3keFUewkjkfi,100.0,,non_disponibile (l'admin non e' campionato in gas_balances.csv),7.0167,campione a height=337,"l'admin finanzia il nodo: init = dotazione iniziale, refill = rifornimento sotto soglia; height e' l'altezza di INVIO, non di conferma (gas_transfers.csv non porta il txid)",
run4-tbt-3s/continentale,continentale,3,353,,30,refill,admin,,m1,1PJJAyxet5ARk1XH3GjK9tVTPH3keFUewkjkfi,100.0,,non_disponibile (l'admin non e' campionato in gas_balances.csv),7.1503,campione a height=353,"l'admin finanzia il nodo: init = dotazione iniziale, refill = rifornimento sotto soglia; height e' l'altezza di INVIO, non di conferma (gas_transfers.csv non porta il txid)",
run4-tbt-3s/continentale,continentale,3,361,,31,refill,admin,,m1,1PJJAyxet5ARk1XH3GjK9tVTPH3keFUewkjkfi,100.0,,non_disponibile (l'admin non e' campionato in gas_balances.csv),7.1925,campione a height=361,"l'admin finanzia il nodo: init = dotazione iniziale, refill = rifornimento sotto soglia; height e' l'altezza di INVIO, non di conferma (gas_transfers.csv non porta il txid)",
run4-tbt-3s/continentale,continentale,3,361,,31,refill,admin,,m2,1VAcJXZ4zmVYXXG3RSh25pvJNoJdBeVy9ChdT6,100.0,,non_disponibile (l'admin non e' campionato in gas_balances.csv),9.4406,campione a height=361,"l'admin finanzia il nodo: init = dotazione iniziale, refill = rifornimento sotto soglia; height e' l'altezza di INVIO, non di conferma (gas_transfers.csv non porta il txid)",
run4-tbt-3s/continentale,continentale,3,378,,32,refill,admin,,m1,1PJJAyxet5ARk1XH3GjK9tVTPH3keFUewkjkfi,100.0,,non_disponibile (l'admin non e' campionato in gas_balances.csv),7.0677,campione a height=378,"l'admin finanzia il nodo: init = dotazione iniziale, refill = rifornimento sotto soglia; height e' l'altezza di INVIO, non di conferma (gas_transfers.csv non porta il txid)",
run4-tbt-3s/continentale,continentale,3,378,,32,refill,admin,,m3,1VuBTTQVFkVMQoHen4dKPJgUfqJY1ta899xaf7,100.0,,non_disponibile (l'admin non e' campionato in gas_balances.csv),17.0938,campione a height=378,"l'admin finanzia il nodo: init = dotazione iniziale, refill = rifornimento sotto soglia; height e' l'altezza di INVIO, non di conferma (gas_transfers.csv non porta il txid)",
run4-tbt-3s/continentale,continentale,3,386,,33,refill,admin,,m1,1PJJAyxet5ARk1XH3GjK9tVTPH3keFUewkjkfi,100.0,,non_disponibile (l'admin non e' campionato in gas_balances.csv),7.4224,campione a height=386,"l'admin finanzia il nodo: init = dotazione iniziale, refill = rifornimento sotto soglia; height e' l'altezza di INVIO, non di conferma (gas_transfers.csv non porta il txid)",
run4-tbt-3s/continentale,continentale,3,386,,33,refill,admin,,m2,1VAcJXZ4zmVYXXG3RSh25pvJNoJdBeVy9ChdT6,100.0,,non_disponibile (l'admin non e' campionato in gas_balances.csv),19.4608,campione a height=386,"l'admin finanzia il nodo: init = dotazione iniziale, refill = rifornimento sotto soglia; height e' l'altezza di INVIO, non di conferma (gas_transfers.csv non porta il txid)",
run4-tbt-3s/continentale,continentale,3,403,,34,refill,admin,,m1,1PJJAyxet5ARk1XH3GjK9tVTPH3keFUewkjkfi,100.0,,non_disponibile (l'admin non e' campionato in gas_balances.csv),8.0923,campione a height=403,"l'admin finanzia il nodo: init = dotazione iniziale, refill = rifornimento sotto soglia; height e' l'altezza di INVIO, non di conferma (gas_transfers.csv non porta il txid)",
run4-tbt-3s/continentale,continentale,3,412,,35,refill,admin,,m1,1PJJAyxet5ARk1XH3GjK9tVTPH3keFUewkjkfi,100.0,,non_disponibile (l'admin non e' campionato in gas_balances.csv),7.1198,campione a height=412,"l'admin finanzia il nodo: init = dotazione iniziale, refill = rifornimento sotto soglia; height e' l'altezza di INVIO, non di conferma (gas_transfers.csv non porta il txid)",
run4-tbt-3s/continentale,continentale,3,428,,36,refill,admin,,m1,1PJJAyxet5ARk1XH3GjK9tVTPH3keFUewkjkfi,100.0,,non_disponibile (l'admin non e' campionato in gas_balances.csv),8.1708,campione a height=428,"l'admin finanzia il nodo: init = dotazione iniziale, refill = rifornimento sotto soglia; height e' l'altezza di INVIO, non di conferma (gas_transfers.csv non porta il txid)",
run4-tbt-3s/continentale,continentale,3,428,,36,refill,admin,,m2,1VAcJXZ4zmVYXXG3RSh25pvJNoJdBeVy9ChdT6,100.0,,non_disponibile (l'admin non e' campionato in gas_balances.csv),9.3893,campione a height=428,"l'admin finanzia il nodo: init = dotazione iniziale, refill = rifornimento sotto soglia; height e' l'altezza di INVIO, non di conferma (gas_transfers.csv non porta il txid)",
run4-tbt-3s/continentale,continentale,3,437,,37,refill,admin,,m1,1PJJAyxet5ARk1XH3GjK9tVTPH3keFUewkjkfi,100.0,,non_disponibile (l'admin non e' campionato in gas_balances.csv),7.5561,campione a height=437,"l'admin finanzia il nodo: init = dotazione iniziale, refill = rifornimento sotto soglia; height e' l'altezza di INVIO, non di conferma (gas_transfers.csv non porta il txid)",
run4-tbt-3s/continentale,continentale,3,445,,38,refill,admin,,m1,1PJJAyxet5ARk1XH3GjK9tVTPH3keFUewkjkfi,100.0,,non_disponibile (l'admin non e' campionato in gas_balances.csv),7.0895,campione a height=445,"l'admin finanzia il nodo: init = dotazione iniziale, refill = rifornimento sotto soglia; height e' l'altezza di INVIO, non di conferma (gas_transfers.csv non porta il txid)",
run4-tbt-3s/continentale,continentale,3,445,,38,refill,admin,,m2,1VAcJXZ4zmVYXXG3RSh25pvJNoJdBeVy9ChdT6,100.0,,non_disponibile (l'admin non e' campionato in gas_balances.csv),19.245,campione a height=445,"l'admin finanzia il nodo: init = dotazione iniziale, refill = rifornimento sotto soglia; height e' l'altezza di INVIO, non di conferma (gas_transfers.csv non porta il txid)",
run4-tbt-3s/continentale,continentale,3,463,,39,refill,admin,,m1,1PJJAyxet5ARk1XH3GjK9tVTPH3keFUewkjkfi,100.0,,non_disponibile (l'admin non e' campionato in gas_balances.csv),7.6355,campione a height=463,"l'admin finanzia il nodo: init = dotazione iniziale, refill = rifornimento sotto soglia; height e' l'altezza di INVIO, non di conferma (gas_transfers.csv non porta il txid)",
run4-tbt-3s/continentale,continentale,3,472,,40,refill,admin,,m1,1PJJAyxet5ARk1XH3GjK9tVTPH3keFUewkjkfi,100.0,,non_disponibile (l'admin non e' campionato in gas_balances.csv),7.0276,campione a height=472,"l'admin finanzia il nodo: init = dotazione iniziale, refill = rifornimento sotto soglia; height e' l'altezza di INVIO, non di conferma (gas_transfers.csv non porta il txid)",
run4-tbt-3s/continentale,continentale,3,490,,41,refill,admin,,m1,1PJJAyxet5ARk1XH3GjK9tVTPH3keFUewkjkfi,100.0,,non_disponibile (l'admin non e' campionato in gas_balances.csv),7.8795,campione a height=490,"l'admin finanzia il nodo: init = dotazione iniziale, refill = rifornimento sotto soglia; height e' l'altezza di INVIO, non di conferma (gas_transfers.csv non porta il txid)",
run4-tbt-3s/continentale,continentale,3,490,,41,refill,admin,,m2,1VAcJXZ4zmVYXXG3RSh25pvJNoJdBeVy9ChdT6,100.0,,non_disponibile (l'admin non e' campionato in gas_balances.csv),9.7046,campione a height=490,"l'admin finanzia il nodo: init = dotazione iniziale, refill = rifornimento sotto soglia; height e' l'altezza di INVIO, non di conferma (gas_transfers.csv non porta il txid)",
run4-tbt-3s/continentale,continentale,3,490,,41,refill,admin,,m3,1VuBTTQVFkVMQoHen4dKPJgUfqJY1ta899xaf7,100.0,,non_disponibile (l'admin non e' campionato in gas_balances.csv),17.6236,campione a height=490,"l'admin finanzia il nodo: init = dotazione iniziale, refill = rifornimento sotto soglia; height e' l'altezza di INVIO, non di conferma (gas_transfers.csv non porta il txid)",
run4-tbt-3s/continentale,continentale,3,498,,42,refill,admin,,m1,1PJJAyxet5ARk1XH3GjK9tVTPH3keFUewkjkfi,100.0,,non_disponibile (l'admin non e' campionato in gas_balances.csv),7.1042,campione a height=498,"l'admin finanzia il nodo: init = dotazione iniziale, refill = rifornimento sotto soglia; height e' l'altezza di INVIO, non di conferma (gas_transfers.csv non porta il txid)",
run4-tbt-3s/continentale,continentale,3,505,,43,refill,admin,,m1,1PJJAyxet5ARk1XH3GjK9tVTPH3keFUewkjkfi,100.0,,non_disponibile (l'admin non e' campionato in gas_balances.csv),7.4597,campione a height=505,"l'admin finanzia il nodo: init = dotazione iniziale, refill = rifornimento sotto soglia; height e' l'altezza di INVIO, non di conferma (gas_transfers.csv non porta il txid)",
run4-tbt-3s/continentale,continentale,3,514,,43,refill,admin,,m2,1VAcJXZ4zmVYXXG3RSh25pvJNoJdBeVy9ChdT6,100.0,,non_disponibile (l'admin non e' campionato in gas_balances.csv),19.3206,campione a height=514,"l'admin finanzia il nodo: init = dotazione iniziale, refill = rifornimento sotto soglia; height e' l'altezza di INVIO, non di conferma (gas_transfers.csv non porta il txid)",
run4-tbt-3s/continentale,continentale,3,523,,44,refill,admin,,m1,1PJJAyxet5ARk1XH3GjK9tVTPH3keFUewkjkfi,100.0,,non_disponibile (l'admin non e' campionato in gas_balances.csv),8.1359,campione a height=523,"l'admin finanzia il nodo: init = dotazione iniziale, refill = rifornimento sotto soglia; height e' l'altezza di INVIO, non di conferma (gas_transfers.csv non porta il txid)",
run4-tbt-3s/continentale,continentale,3,531,,45,refill,admin,,m1,1PJJAyxet5ARk1XH3GjK9tVTPH3keFUewkjkfi,100.0,,non_disponibile (l'admin non e' campionato in gas_balances.csv),7.0076,campione a height=531,"l'admin finanzia il nodo: init = dotazione iniziale, refill = rifornimento sotto soglia; height e' l'altezza di INVIO, non di conferma (gas_transfers.csv non porta il txid)",
run4-tbt-3s/continentale,continentale,3,540,,46,refill,admin,,m2,1VAcJXZ4zmVYXXG3RSh25pvJNoJdBeVy9ChdT6,100.0,,non_disponibile (l'admin non e' campionato in gas_balances.csv),9.3211,campione a height=540,"l'admin finanzia il nodo: init = dotazione iniziale, refill = rifornimento sotto soglia; height e' l'altezza di INVIO, non di conferma (gas_transfers.csv non porta il txid)",
run4-tbt-3s/continentale,continentale,3,548,,46,refill,admin,,m1,1PJJAyxet5ARk1XH3GjK9tVTPH3keFUewkjkfi,100.0,,non_disponibile (l'admin non e' campionato in gas_balances.csv),7.7535,campione a height=548,"l'admin finanzia il nodo: init = dotazione iniziale, refill = rifornimento sotto soglia; height e' l'altezza di INVIO, non di conferma (gas_transfers.csv non porta il txid)",
run4-tbt-3s/continentale,continentale,3,556,,47,refill,admin,,m1,1PJJAyxet5ARk1XH3GjK9tVTPH3keFUewkjkfi,100.0,,non_disponibile (l'admin non e' campionato in gas_balances.csv),7.6242,campione a height=556,"l'admin finanzia il nodo: init = dotazione iniziale, refill = rifornimento sotto soglia; height e' l'altezza di INVIO, non di conferma (gas_transfers.csv non porta il txid)",
run4-tbt-3s/continentale,continentale,3,564,,48,refill,admin,,m1,1PJJAyxet5ARk1XH3GjK9tVTPH3keFUewkjkfi,100.0,,non_disponibile (l'admin non e' campionato in gas_balances.csv),7.0972,campione a height=564,"l'admin finanzia il nodo: init = dotazione iniziale, refill = rifornimento sotto soglia; height e' l'altezza di INVIO, non di conferma (gas_transfers.csv non porta il txid)",
run4-tbt-3s/continentale,continentale,3,564,,48,refill,admin,,m2,1VAcJXZ4zmVYXXG3RSh25pvJNoJdBeVy9ChdT6,100.0,,non_disponibile (l'admin non e' campionato in gas_balances.csv),19.1924,campione a height=564,"l'admin finanzia il nodo: init = dotazione iniziale, refill = rifornimento sotto soglia; height e' l'altezza di INVIO, non di conferma (gas_transfers.csv non porta il txid)",
run4-tbt-3s/continentale,continentale,3,109,110,10,reconcile,m2,1VAcJXZ4zmVYXXG3RSh25pvJNoJdBeVy9ChdT6,treasury,18QrmhtdHAfw8gknT5hxBStfGY63AhuQZCSDcg,29.7144,21.8096,"getbalance del miner stesso subito prima dell'invio, meno sent",,non_disponibile (il treasury e' letto solo a fine run),"il miner paga il treasury: e' la R_k dell'epoca (Cap. 6.4). sent=0 significa nessun invio (saldo sotto la riserva o RPC fallita); epoca registrata dall'harness = 10, epoca di conferma usata qui = 10",51.524
run4-tbt-3s/continentale,continentale,3,109,110,10,reconcile,m3,1VuBTTQVFkVMQoHen4dKPJgUfqJY1ta899xaf7,treasury,18QrmhtdHAfw8gknT5hxBStfGY63AhuQZCSDcg,9.5357,40.1429,"getbalance del miner stesso subito prima dell'invio, meno sent",,non_disponibile (il treasury e' letto solo a fine run),"il miner paga il treasury: e' la R_k dell'epoca (Cap. 6.4). sent=0 significa nessun invio (saldo sotto la riserva o RPC fallita); epoca registrata dall'harness = 10, epoca di conferma usata qui = 10",49.6786
run4-tbt-3s/continentale,continentale,3,109,110,10,reconcile,m1,1PJJAyxet5ARk1XH3GjK9tVTPH3keFUewkjkfi,treasury,18QrmhtdHAfw8gknT5hxBStfGY63AhuQZCSDcg,45.2947,4.3839,"getbalance del miner stesso subito prima dell'invio, meno sent",,non_disponibile (il treasury e' letto solo a fine run),"il miner paga il treasury: e' la R_k dell'epoca (Cap. 6.4). sent=0 significa nessun invio (saldo sotto la riserva o RPC fallita); epoca registrata dall'harness = 10, epoca di conferma usata qui = 10",49.6786
run4-tbt-3s/continentale,continentale,3,122,123,11,reconcile,m2,1VAcJXZ4zmVYXXG3RSh25pvJNoJdBeVy9ChdT6,treasury,18QrmhtdHAfw8gknT5hxBStfGY63AhuQZCSDcg,11.813,9.8754,"getbalance del miner stesso subito prima dell'invio, meno sent",,non_disponibile (il treasury e' letto solo a fine run),"il miner paga il treasury: e' la R_k dell'epoca (Cap. 6.4). sent=0 significa nessun invio (saldo sotto la riserva o RPC fallita); epoca registrata dall'harness = 11, epoca di conferma usata qui = 11",21.6884
run4-tbt-3s/continentale,continentale,3,122,123,11,reconcile,m1,1PJJAyxet5ARk1XH3GjK9tVTPH3keFUewkjkfi,treasury,18QrmhtdHAfw8gknT5hxBStfGY63AhuQZCSDcg,97.9795,7.1568,"getbalance del miner stesso subito prima dell'invio, meno sent",,non_disponibile (il treasury e' letto solo a fine run),"il miner paga il treasury: e' la R_k dell'epoca (Cap. 6.4). sent=0 significa nessun invio (saldo sotto la riserva o RPC fallita); epoca registrata dall'harness = 11, epoca di conferma usata qui = 11",105.1363
run4-tbt-3s/continentale,continentale,3,122,123,11,reconcile,m3,1VuBTTQVFkVMQoHen4dKPJgUfqJY1ta899xaf7,treasury,18QrmhtdHAfw8gknT5hxBStfGY63AhuQZCSDcg,7.6043,32.4174,"getbalance del miner stesso subito prima dell'invio, meno sent",,non_disponibile (il treasury e' letto solo a fine run),"il miner paga il treasury: e' la R_k dell'epoca (Cap. 6.4). sent=0 significa nessun invio (saldo sotto la riserva o RPC fallita); epoca registrata dall'harness = 11, epoca di conferma usata qui = 11",40.0217
run4-tbt-3s/continentale,continentale,3,132,133,12,reconcile,m3,1VuBTTQVFkVMQoHen4dKPJgUfqJY1ta899xaf7,treasury,18QrmhtdHAfw8gknT5hxBStfGY63AhuQZCSDcg,6.201,26.8038,"getbalance del miner stesso subito prima dell'invio, meno sent",,non_disponibile (il treasury e' letto solo a fine run),"il miner paga il treasury: e' la R_k dell'epoca (Cap. 6.4). sent=0 significa nessun invio (saldo sotto la riserva o RPC fallita); epoca registrata dall'harness = 12, epoca di conferma usata qui = 12",33.0048
run4-tbt-3s/continentale,continentale,3,132,133,12,reconcile,m2,1VAcJXZ4zmVYXXG3RSh25pvJNoJdBeVy9ChdT6,treasury,18QrmhtdHAfw8gknT5hxBStfGY63AhuQZCSDcg,64.6526,45.1018,"getbalance del miner stesso subito prima dell'invio, meno sent",,non_disponibile (il treasury e' letto solo a fine run),"il miner paga il treasury: e' la R_k dell'epoca (Cap. 6.4). sent=0 significa nessun invio (saldo sotto la riserva o RPC fallita); epoca registrata dall'harness = 12, epoca di conferma usata qui = 12",109.7544
run4-tbt-3s/continentale,continentale,3,132,133,12,reconcile,m1,1PJJAyxet5ARk1XH3GjK9tVTPH3keFUewkjkfi,treasury,18QrmhtdHAfw8gknT5hxBStfGY63AhuQZCSDcg,99.7838,7.2518,"getbalance del miner stesso subito prima dell'invio, meno sent",,non_disponibile (il treasury e' letto solo a fine run),"il miner paga il treasury: e' la R_k dell'epoca (Cap. 6.4). sent=0 significa nessun invio (saldo sotto la riserva o RPC fallita); epoca registrata dall'harness = 12, epoca di conferma usata qui = 12",107.0356
run4-tbt-3s/continentale,continentale,3,145,146,13,reconcile,m3,1VuBTTQVFkVMQoHen4dKPJgUfqJY1ta899xaf7,treasury,18QrmhtdHAfw8gknT5hxBStfGY63AhuQZCSDcg,5.0267,22.1069,"getbalance del miner stesso subito prima dell'invio, meno sent",,non_disponibile (il treasury e' letto solo a fine run),"il miner paga il treasury: e' la R_k dell'epoca (Cap. 6.4). sent=0 significa nessun invio (saldo sotto la riserva o RPC fallita); epoca registrata dall'harness = 13, epoca di conferma usata qui = 13",27.1336
run4-tbt-3s/continentale,continentale,3,145,146,13,reconcile,m2,1VAcJXZ4zmVYXXG3RSh25pvJNoJdBeVy9ChdT6,treasury,18QrmhtdHAfw8gknT5hxBStfGY63AhuQZCSDcg,25.9226,19.2818,"getbalance del miner stesso subito prima dell'invio, meno sent",,non_disponibile (il treasury e' letto solo a fine run),"il miner paga il treasury: e' la R_k dell'epoca (Cap. 6.4). sent=0 significa nessun invio (saldo sotto la riserva o RPC fallita); epoca registrata dall'harness = 13, epoca di conferma usata qui = 13",45.2044
run4-tbt-3s/continentale,continentale,3,145,146,13,reconcile,m1,1PJJAyxet5ARk1XH3GjK9tVTPH3keFUewkjkfi,treasury,18QrmhtdHAfw8gknT5hxBStfGY63AhuQZCSDcg,100.0759,7.2671,"getbalance del miner stesso subito prima dell'invio, meno sent",,non_disponibile (il treasury e' letto solo a fine run),"il miner paga il treasury: e' la R_k dell'epoca (Cap. 6.4). sent=0 significa nessun invio (saldo sotto la riserva o RPC fallita); epoca registrata dall'harness = 13, epoca di conferma usata qui = 13",107.343
run4-tbt-3s/continentale,continentale,3,158,159,14,reconcile,m3,1VuBTTQVFkVMQoHen4dKPJgUfqJY1ta899xaf7,treasury,18QrmhtdHAfw8gknT5hxBStfGY63AhuQZCSDcg,3.9972,17.9889,"getbalance del miner stesso subito prima dell'invio, meno sent",,non_disponibile (il treasury e' letto solo a fine run),"il miner paga il treasury: e' la R_k dell'epoca (Cap. 6.4). sent=0 significa nessun invio (saldo sotto la riserva o RPC fallita); epoca registrata dall'harness = 14, epoca di conferma usata qui = 14",21.9861
run4-tbt-3s/continentale,continentale,3,158,159,14,reconcile,m2,1VAcJXZ4zmVYXXG3RSh25pvJNoJdBeVy9ChdT6,treasury,18QrmhtdHAfw8gknT5hxBStfGY63AhuQZCSDcg,70.785,49.19,"getbalance del miner stesso subito prima dell'invio, meno sent",,non_disponibile (il treasury e' letto solo a fine run),"il miner paga il treasury: e' la R_k dell'epoca (Cap. 6.4). sent=0 significa nessun invio (saldo sotto la riserva o RPC fallita); epoca registrata dall'harness = 14, epoca di conferma usata qui = 14",119.975
run4-tbt-3s/continentale,continentale,3,158,159,14,reconcile,m1,1PJJAyxet5ARk1XH3GjK9tVTPH3keFUewkjkfi,treasury,18QrmhtdHAfw8gknT5hxBStfGY63AhuQZCSDcg,100.4489,7.2868,"getbalance del miner stesso subito prima dell'invio, meno sent",,non_disponibile (il treasury e' letto solo a fine run),"il miner paga il treasury: e' la R_k dell'epoca (Cap. 6.4). sent=0 significa nessun invio (saldo sotto la riserva o RPC fallita); epoca registrata dall'harness = 14, epoca di conferma usata qui = 14",107.7357
run4-tbt-3s/continentale,continentale,3,170,171,15,reconcile,m2,1VAcJXZ4zmVYXXG3RSh25pvJNoJdBeVy9ChdT6,treasury,18QrmhtdHAfw8gknT5hxBStfGY63AhuQZCSDcg,28.2572,20.8382,"getbalance del miner stesso subito prima dell'invio, meno sent",,non_disponibile (il treasury e' letto solo a fine run),"il miner paga il treasury: e' la R_k dell'epoca (Cap. 6.4). sent=0 significa nessun invio (saldo sotto la riserva o RPC fallita); epoca registrata dall'harness = 15, epoca di conferma usata qui = 15",49.0954
run4-tbt-3s/continentale,continentale,3,170,171,15,reconcile,m3,1VuBTTQVFkVMQoHen4dKPJgUfqJY1ta899xaf7,treasury,18QrmhtdHAfw8gknT5hxBStfGY63AhuQZCSDcg,23.1736,94.6943,"getbalance del miner stesso subito prima dell'invio, meno sent",,non_disponibile (il treasury e' letto solo a fine run),"il miner paga il treasury: e' la R_k dell'epoca (Cap. 6.4). sent=0 significa nessun invio (saldo sotto la riserva o RPC fallita); epoca registrata dall'harness = 15, epoca di conferma usata qui = 15",117.8679
run4-tbt-3s/continentale,continentale,3,170,171,15,reconcile,m1,1PJJAyxet5ARk1XH3GjK9tVTPH3keFUewkjkfi,treasury,18QrmhtdHAfw8gknT5hxBStfGY63AhuQZCSDcg,101.1102,7.3216,"getbalance del miner stesso subito prima dell'invio, meno sent",,non_disponibile (il treasury e' letto solo a fine run),"il miner paga il treasury: e' la R_k dell'epoca (Cap. 6.4). sent=0 significa nessun invio (saldo sotto la riserva o RPC fallita); epoca registrata dall'harness = 15, epoca di conferma usata qui = 15",108.4318
run4-tbt-3s/continentale,continentale,3,180,181,16,reconcile,m3,1VuBTTQVFkVMQoHen4dKPJgUfqJY1ta899xaf7,treasury,18QrmhtdHAfw8gknT5hxBStfGY63AhuQZCSDcg,18.5087,76.035,"getbalance del miner stesso subito prima dell'invio, meno sent",,non_disponibile (il treasury e' letto solo a fine run),"il miner paga il treasury: e' la R_k dell'epoca (Cap. 6.4). sent=0 significa nessun invio (saldo sotto la riserva o RPC fallita); epoca registrata dall'harness = 16, epoca di conferma usata qui = 16",94.5437
run4-tbt-3s/continentale,continentale,3,180,181,16,reconcile,m2,1VAcJXZ4zmVYXXG3RSh25pvJNoJdBeVy9ChdT6,treasury,18QrmhtdHAfw8gknT5hxBStfGY63AhuQZCSDcg,12.1222,10.0814,"getbalance del miner stesso subito prima dell'invio, meno sent",,non_disponibile (il treasury e' letto solo a fine run),"il miner paga il treasury: e' la R_k dell'epoca (Cap. 6.4). sent=0 significa nessun invio (saldo sotto la riserva o RPC fallita); epoca registrata dall'harness = 16, epoca di conferma usata qui = 16",22.2036
run4-tbt-3s/continentale,continentale,3,180,181,16,reconcile,m1,1PJJAyxet5ARk1XH3GjK9tVTPH3keFUewkjkfi,treasury,18QrmhtdHAfw8gknT5hxBStfGY63AhuQZCSDcg,99.6881,7.2467,"getbalance del miner stesso subito prima dell'invio, meno sent",,non_disponibile (il treasury e' letto solo a fine run),"il miner paga il treasury: e' la R_k dell'epoca (Cap. 6.4). sent=0 significa nessun invio (saldo sotto la riserva o RPC fallita); epoca registrata dall'harness = 16, epoca di conferma usata qui = 16",106.9348
run4-tbt-3s/continentale,continentale,3,194,195,17,reconcile,m3,1VuBTTQVFkVMQoHen4dKPJgUfqJY1ta899xaf7,treasury,18QrmhtdHAfw8gknT5hxBStfGY63AhuQZCSDcg,14.798,61.192,"getbalance del miner stesso subito prima dell'invio, meno sent",,non_disponibile (il treasury e' letto solo a fine run),"il miner paga il treasury: e' la R_k dell'epoca (Cap. 6.4). sent=0 significa nessun invio (saldo sotto la riserva o RPC fallita); epoca registrata dall'harness = 17, epoca di conferma usata qui = 17",75.99
run4-tbt-3s/continentale,continentale,3,194,195,17,reconcile,m2,1VAcJXZ4zmVYXXG3RSh25pvJNoJdBeVy9ChdT6,treasury,18QrmhtdHAfw8gknT5hxBStfGY63AhuQZCSDcg,64.599,45.066,"getbalance del miner stesso subito prima dell'invio, meno sent",,non_disponibile (il treasury e' letto solo a fine run),"il miner paga il treasury: e' la R_k dell'epoca (Cap. 6.4). sent=0 significa nessun invio (saldo sotto la riserva o RPC fallita); epoca registrata dall'harness = 17, epoca di conferma usata qui = 17",109.665
run4-tbt-3s/continentale,continentale,3,194,195,17,reconcile,m1,1PJJAyxet5ARk1XH3GjK9tVTPH3keFUewkjkfi,treasury,18QrmhtdHAfw8gknT5hxBStfGY63AhuQZCSDcg,101.4652,7.3403,"getbalance del miner stesso subito prima dell'invio, meno sent",,non_disponibile (il treasury e' letto solo a fine run),"il miner paga il treasury: e' la R_k dell'epoca (Cap. 6.4). sent=0 significa nessun invio (saldo sotto la riserva o RPC fallita); epoca registrata dall'harness = 17, epoca di conferma usata qui = 17",108.8055
run4-tbt-3s/continentale,continentale,3,206,207,18,reconcile,m3,1VuBTTQVFkVMQoHen4dKPJgUfqJY1ta899xaf7,treasury,18QrmhtdHAfw8gknT5hxBStfGY63AhuQZCSDcg,11.8142,49.2568,"getbalance del miner stesso subito prima dell'invio, meno sent",,non_disponibile (il treasury e' letto solo a fine run),"il miner paga il treasury: e' la R_k dell'epoca (Cap. 6.4). sent=0 significa nessun invio (saldo sotto la riserva o RPC fallita); epoca registrata dall'harness = 18, epoca di conferma usata qui = 18",61.071
run4-tbt-3s/continentale,continentale,3,206,207,18,reconcile,m2,1VAcJXZ4zmVYXXG3RSh25pvJNoJdBeVy9ChdT6,treasury,18QrmhtdHAfw8gknT5hxBStfGY63AhuQZCSDcg,25.8125,19.2083,"getbalance del miner stesso subito prima dell'invio, meno sent",,non_disponibile (il treasury e' letto solo a fine run),"il miner paga il treasury: e' la R_k dell'epoca (Cap. 6.4). sent=0 significa nessun invio (saldo sotto la riserva o RPC fallita); epoca registrata dall'harness = 18, epoca di conferma usata qui = 18",45.0208
run4-tbt-3s/continentale,continentale,3,206,207,18,reconcile,m1,1PJJAyxet5ARk1XH3GjK9tVTPH3keFUewkjkfi,treasury,18QrmhtdHAfw8gknT5hxBStfGY63AhuQZCSDcg,101.1781,7.3252,"getbalance del miner stesso subito prima dell'invio, meno sent",,non_disponibile (il treasury e' letto solo a fine run),"il miner paga il treasury: e' la R_k dell'epoca (Cap. 6.4). sent=0 significa nessun invio (saldo sotto la riserva o RPC fallita); epoca registrata dall'harness = 18, epoca di conferma usata qui = 18",108.5033
run4-tbt-3s/continentale,continentale,3,218,219,19,reconcile,m3,1VuBTTQVFkVMQoHen4dKPJgUfqJY1ta899xaf7,treasury,18QrmhtdHAfw8gknT5hxBStfGY63AhuQZCSDcg,9.4212,39.685,"getbalance del miner stesso subito prima dell'invio, meno sent",,non_disponibile (il treasury e' letto solo a fine run),"il miner paga il treasury: e' la R_k dell'epoca (Cap. 6.4). sent=0 significa nessun invio (saldo sotto la riserva o RPC fallita); epoca registrata dall'harness = 19, epoca di conferma usata qui = 19",49.1062
run4-tbt-3s/continentale,continentale,3,218,219,19,reconcile,m2,1VAcJXZ4zmVYXXG3RSh25pvJNoJdBeVy9ChdT6,treasury,18QrmhtdHAfw8gknT5hxBStfGY63AhuQZCSDcg,70.6273,49.0848,"getbalance del miner stesso subito prima dell'invio, meno sent",,non_disponibile (il treasury e' letto solo a fine run),"il miner paga il treasury: e' la R_k dell'epoca (Cap. 6.4). sent=0 significa nessun invio (saldo sotto la riserva o RPC fallita); epoca registrata dall'harness = 19, epoca di conferma usata qui = 19",119.7121
run4-tbt-3s/continentale,continentale,3,218,219,19,reconcile,m1,1PJJAyxet5ARk1XH3GjK9tVTPH3keFUewkjkfi,treasury,18QrmhtdHAfw8gknT5hxBStfGY63AhuQZCSDcg,100.6052,7.295,"getbalance del miner stesso subito prima dell'invio, meno sent",,non_disponibile (il treasury e' letto solo a fine run),"il miner paga il treasury: e' la R_k dell'epoca (Cap. 6.4). sent=0 significa nessun invio (saldo sotto la riserva o RPC fallita); epoca registrata dall'harness = 19, epoca di conferma usata qui = 19",107.9002
run4-tbt-3s/continentale,continentale,3,230,231,20,reconcile,m3,1VuBTTQVFkVMQoHen4dKPJgUfqJY1ta899xaf7,treasury,18QrmhtdHAfw8gknT5hxBStfGY63AhuQZCSDcg,7.5128,32.051,"getbalance del miner stesso subito prima dell'invio, meno sent",,non_disponibile (il treasury e' letto solo a fine run),"il miner paga il treasury: e' la R_k dell'epoca (Cap. 6.4). sent=0 significa nessun invio (saldo sotto la riserva o RPC fallita); epoca registrata dall'harness = 20, epoca di conferma usata qui = 20",39.5638
run4-tbt-3s/continentale,continentale,3,230,231,20,reconcile,m2,1VAcJXZ4zmVYXXG3RSh25pvJNoJdBeVy9ChdT6,treasury,18QrmhtdHAfw8gknT5hxBStfGY63AhuQZCSDcg,28.1941,20.7961,"getbalance del miner stesso subito prima dell'invio, meno sent",,non_disponibile (il treasury e' letto solo a fine run),"il miner paga il treasury: e' la R_k dell'epoca (Cap. 6.4). sent=0 significa nessun invio (saldo sotto la riserva o RPC fallita); epoca registrata dall'harness = 20, epoca di conferma usata qui = 20",48.9902
run4-tbt-3s/continentale,continentale,3,230,231,20,reconcile,m1,1PJJAyxet5ARk1XH3GjK9tVTPH3keFUewkjkfi,treasury,18QrmhtdHAfw8gknT5hxBStfGY63AhuQZCSDcg,101.0224,7.317,"getbalance del miner stesso subito prima dell'invio, meno sent",,non_disponibile (il treasury e' letto solo a fine run),"il miner paga il treasury: e' la R_k dell'epoca (Cap. 6.4). sent=0 significa nessun invio (saldo sotto la riserva o RPC fallita); epoca registrata dall'harness = 20, epoca di conferma usata qui = 20",108.3394
run4-tbt-3s/continentale,continentale,3,242,243,21,reconcile,m3,1VuBTTQVFkVMQoHen4dKPJgUfqJY1ta899xaf7,treasury,18QrmhtdHAfw8gknT5hxBStfGY63AhuQZCSDcg,6.0196,26.0782,"getbalance del miner stesso subito prima dell'invio, meno sent",,non_disponibile (il treasury e' letto solo a fine run),"il miner paga il treasury: e' la R_k dell'epoca (Cap. 6.4). sent=0 significa nessun invio (saldo sotto la riserva o RPC fallita); epoca registrata dall'harness = 21, epoca di conferma usata qui = 21",32.0978
run4-tbt-3s/continentale,continentale,3,242,243,21,reconcile,m2,1VAcJXZ4zmVYXXG3RSh25pvJNoJdBeVy9ChdT6,treasury,18QrmhtdHAfw8gknT5hxBStfGY63AhuQZCSDcg,11.1873,9.4582,"getbalance del miner stesso subito prima dell'invio, meno sent",,non_disponibile (il treasury e' letto solo a fine run),"il miner paga il treasury: e' la R_k dell'epoca (Cap. 6.4). sent=0 significa nessun invio (saldo sotto la riserva o RPC fallita); epoca registrata dall'harness = 21, epoca di conferma usata qui = 21",20.6455
run4-tbt-3s/continentale,continentale,3,242,243,21,reconcile,m1,1PJJAyxet5ARk1XH3GjK9tVTPH3keFUewkjkfi,treasury,18QrmhtdHAfw8gknT5hxBStfGY63AhuQZCSDcg,100.9901,7.3153,"getbalance del miner stesso subito prima dell'invio, meno sent",,non_disponibile (il treasury e' letto solo a fine run),"il miner paga il treasury: e' la R_k dell'epoca (Cap. 6.4). sent=0 significa nessun invio (saldo sotto la riserva o RPC fallita); epoca registrata dall'harness = 21, epoca di conferma usata qui = 21",108.3054
run4-tbt-3s/continentale,continentale,3,252,253,22,reconcile,m3,1VuBTTQVFkVMQoHen4dKPJgUfqJY1ta899xaf7,treasury,18QrmhtdHAfw8gknT5hxBStfGY63AhuQZCSDcg,4.7915,21.1659,"getbalance del miner stesso subito prima dell'invio, meno sent",,non_disponibile (il treasury e' letto solo a fine run),"il miner paga il treasury: e' la R_k dell'epoca (Cap. 6.4). sent=0 significa nessun invio (saldo sotto la riserva o RPC fallita); epoca registrata dall'harness = 22, epoca di conferma usata qui = 22",25.9574
run4-tbt-3s/continentale,continentale,3,252,253,22,reconcile,m2,1VAcJXZ4zmVYXXG3RSh25pvJNoJdBeVy9ChdT6,treasury,18QrmhtdHAfw8gknT5hxBStfGY63AhuQZCSDcg,65.0993,45.3995,"getbalance del miner stesso subito prima dell'invio, meno sent",,non_disponibile (il treasury e' letto solo a fine run),"il miner paga il treasury: e' la R_k dell'epoca (Cap. 6.4). sent=0 significa nessun invio (saldo sotto la riserva o RPC fallita); epoca registrata dall'harness = 22, epoca di conferma usata qui = 22",110.4988
run4-tbt-3s/continentale,continentale,3,253,254,22,reconcile,m1,1PJJAyxet5ARk1XH3GjK9tVTPH3keFUewkjkfi,treasury,18QrmhtdHAfw8gknT5hxBStfGY63AhuQZCSDcg,100.0055,7.2634,"getbalance del miner stesso subito prima dell'invio, meno sent",,non_disponibile (il treasury e' letto solo a fine run),"il miner paga il treasury: e' la R_k dell'epoca (Cap. 6.4). sent=0 significa nessun invio (saldo sotto la riserva o RPC fallita); epoca registrata dall'harness = 22, epoca di conferma usata qui = 22",107.2689
run4-tbt-3s/continentale,continentale,3,265,266,23,reconcile,m3,1VuBTTQVFkVMQoHen4dKPJgUfqJY1ta899xaf7,treasury,18QrmhtdHAfw8gknT5hxBStfGY63AhuQZCSDcg,3.803,17.2119,"getbalance del miner stesso subito prima dell'invio, meno sent",,non_disponibile (il treasury e' letto solo a fine run),"il miner paga il treasury: e' la R_k dell'epoca (Cap. 6.4). sent=0 significa nessun invio (saldo sotto la riserva o RPC fallita); epoca registrata dall'harness = 23, epoca di conferma usata qui = 23",21.0149
run4-tbt-3s/continentale,continentale,3,265,266,23,reconcile,m2,1VAcJXZ4zmVYXXG3RSh25pvJNoJdBeVy9ChdT6,treasury,18QrmhtdHAfw8gknT5hxBStfGY63AhuQZCSDcg,26.1509,19.434,"getbalance del miner stesso subito prima dell'invio, meno sent",,non_disponibile (il treasury e' letto solo a fine run),"il miner paga il treasury: e' la R_k dell'epoca (Cap. 6.4). sent=0 significa nessun invio (saldo sotto la riserva o RPC fallita); epoca registrata dall'harness = 23, epoca di conferma usata qui = 23",45.5849
run4-tbt-3s/continentale,continentale,3,265,266,23,reconcile,m1,1PJJAyxet5ARk1XH3GjK9tVTPH3keFUewkjkfi,treasury,18QrmhtdHAfw8gknT5hxBStfGY63AhuQZCSDcg,100.8077,7.3057,"getbalance del miner stesso subito prima dell'invio, meno sent",,non_disponibile (il treasury e' letto solo a fine run),"il miner paga il treasury: e' la R_k dell'epoca (Cap. 6.4). sent=0 significa nessun invio (saldo sotto la riserva o RPC fallita); epoca registrata dall'harness = 23, epoca di conferma usata qui = 23",108.1134
run4-tbt-3s/continentale,continentale,3,277,278,24,reconcile,m3,1VuBTTQVFkVMQoHen4dKPJgUfqJY1ta899xaf7,treasury,18QrmhtdHAfw8gknT5hxBStfGY63AhuQZCSDcg,23.0334,94.1335,"getbalance del miner stesso subito prima dell'invio, meno sent",,non_disponibile (il treasury e' letto solo a fine run),"il miner paga il treasury: e' la R_k dell'epoca (Cap. 6.4). sent=0 significa nessun invio (saldo sotto la riserva o RPC fallita); epoca registrata dall'harness = 24, epoca di conferma usata qui = 24",117.1669
run4-tbt-3s/continentale,continentale,3,277,278,24,reconcile,m2,1VAcJXZ4zmVYXXG3RSh25pvJNoJdBeVy9ChdT6,treasury,18QrmhtdHAfw8gknT5hxBStfGY63AhuQZCSDcg,70.4333,48.9555,"getbalance del miner stesso subito prima dell'invio, meno sent",,non_disponibile (il treasury e' letto solo a fine run),"il miner paga il treasury: e' la R_k dell'epoca (Cap. 6.4). sent=0 significa nessun invio (saldo sotto la riserva o RPC fallita); epoca registrata dall'harness = 24, epoca di conferma usata qui = 24",119.3888
run4-tbt-3s/continentale,continentale,3,277,278,24,reconcile,m1,1PJJAyxet5ARk1XH3GjK9tVTPH3keFUewkjkfi,treasury,18QrmhtdHAfw8gknT5hxBStfGY63AhuQZCSDcg,100.9456,7.3129,"getbalance del miner stesso subito prima dell'invio, meno sent",,non_disponibile (il treasury e' letto solo a fine run),"il miner paga il treasury: e' la R_k dell'epoca (Cap. 6.4). sent=0 significa nessun invio (saldo sotto la riserva o RPC fallita); epoca registrata dall'harness = 24, epoca di conferma usata qui = 24",108.2585
run4-tbt-3s/continentale,continentale,3,290,291,25,reconcile,m3,1VuBTTQVFkVMQoHen4dKPJgUfqJY1ta899xaf7,treasury,18QrmhtdHAfw8gknT5hxBStfGY63AhuQZCSDcg,18.4249,75.6994,"getbalance del miner stesso subito prima dell'invio, meno sent",,non_disponibile (il treasury e' letto solo a fine run),"il miner paga il treasury: e' la R_k dell'epoca (Cap. 6.4). sent=0 significa nessun invio (saldo sotto la riserva o RPC fallita); epoca registrata dall'harness = 25, epoca di conferma usata qui = 25",94.1243
run4-tbt-3s/continentale,continentale,3,290,291,25,reconcile,m2,1VAcJXZ4zmVYXXG3RSh25pvJNoJdBeVy9ChdT6,treasury,18QrmhtdHAfw8gknT5hxBStfGY63AhuQZCSDcg,28.0828,20.7219,"getbalance del miner stesso subito prima dell'invio, meno sent",,non_disponibile (il treasury e' letto solo a fine run),"il miner paga il treasury: e' la R_k dell'epoca (Cap. 6.4). sent=0 significa nessun invio (saldo sotto la riserva o RPC fallita); epoca registrata dall'harness = 25, epoca di conferma usata qui = 25",48.8047
run4-tbt-3s/continentale,continentale,3,290,291,25,reconcile,m1,1PJJAyxet5ARk1XH3GjK9tVTPH3keFUewkjkfi,treasury,18QrmhtdHAfw8gknT5hxBStfGY63AhuQZCSDcg,101.0923,7.3206,"getbalance del miner stesso subito prima dell'invio, meno sent",,non_disponibile (il treasury e' letto solo a fine run),"il miner paga il treasury: e' la R_k dell'epoca (Cap. 6.4). sent=0 significa nessun invio (saldo sotto la riserva o RPC fallita); epoca registrata dall'harness = 25, epoca di conferma usata qui = 25",108.4129
run4-tbt-3s/continentale,continentale,3,302,303,26,reconcile,m3,1VuBTTQVFkVMQoHen4dKPJgUfqJY1ta899xaf7,treasury,18QrmhtdHAfw8gknT5hxBStfGY63AhuQZCSDcg,14.8341,61.3363,"getbalance del miner stesso subito prima dell'invio, meno sent",,non_disponibile (il treasury e' letto solo a fine run),"il miner paga il treasury: e' la R_k dell'epoca (Cap. 6.4). sent=0 significa nessun invio (saldo sotto la riserva o RPC fallita); epoca registrata dall'harness = 26, epoca di conferma usata qui = 26",76.1704
run4-tbt-3s/continentale,continentale,3,302,303,26,reconcile,m2,1VAcJXZ4zmVYXXG3RSh25pvJNoJdBeVy9ChdT6,treasury,18QrmhtdHAfw8gknT5hxBStfGY63AhuQZCSDcg,11.1605,9.4404,"getbalance del miner stesso subito prima dell'invio, meno sent",,non_disponibile (il treasury e' letto solo a fine run),"il miner paga il treasury: e' la R_k dell'epoca (Cap. 6.4). sent=0 significa nessun invio (saldo sotto la riserva o RPC fallita); epoca registrata dall'harness = 26, epoca di conferma usata qui = 26",20.6009
run4-tbt-3s/continentale,continentale,3,302,303,26,reconcile,m1,1PJJAyxet5ARk1XH3GjK9tVTPH3keFUewkjkfi,treasury,18QrmhtdHAfw8gknT5hxBStfGY63AhuQZCSDcg,100.5089,7.2899,"getbalance del miner stesso subito prima dell'invio, meno sent",,non_disponibile (il treasury e' letto solo a fine run),"il miner paga il treasury: e' la R_k dell'epoca (Cap. 6.4). sent=0 significa nessun invio (saldo sotto la riserva o RPC fallita); epoca registrata dall'harness = 26, epoca di conferma usata qui = 26",107.7988
run4-tbt-3s/continentale,continentale,3,312,313,27,reconcile,m3,1VuBTTQVFkVMQoHen4dKPJgUfqJY1ta899xaf7,treasury,18QrmhtdHAfw8gknT5hxBStfGY63AhuQZCSDcg,11.8405,49.362,"getbalance del miner stesso subito prima dell'invio, meno sent",,non_disponibile (il treasury e' letto solo a fine run),"il miner paga il treasury: e' la R_k dell'epoca (Cap. 6.4). sent=0 significa nessun invio (saldo sotto la riserva o RPC fallita); epoca registrata dall'harness = 27, epoca di conferma usata qui = 27",61.2025
run4-tbt-3s/continentale,continentale,3,312,313,27,reconcile,m2,1VAcJXZ4zmVYXXG3RSh25pvJNoJdBeVy9ChdT6,treasury,18QrmhtdHAfw8gknT5hxBStfGY63AhuQZCSDcg,64.3572,44.9048,"getbalance del miner stesso subito prima dell'invio, meno sent",,non_disponibile (il treasury e' letto solo a fine run),"il miner paga il treasury: e' la R_k dell'epoca (Cap. 6.4). sent=0 significa nessun invio (saldo sotto la riserva o RPC fallita); epoca registrata dall'harness = 27, epoca di conferma usata qui = 27",109.262
run4-tbt-3s/continentale,continentale,3,312,313,27,reconcile,m1,1PJJAyxet5ARk1XH3GjK9tVTPH3keFUewkjkfi,treasury,18QrmhtdHAfw8gknT5hxBStfGY63AhuQZCSDcg,101.1523,7.3238,"getbalance del miner stesso subito prima dell'invio, meno sent",,non_disponibile (il treasury e' letto solo a fine run),"il miner paga il treasury: e' la R_k dell'epoca (Cap. 6.4). sent=0 significa nessun invio (saldo sotto la riserva o RPC fallita); epoca registrata dall'harness = 27, epoca di conferma usata qui = 27",108.4761
run4-tbt-3s/continentale,continentale,3,324,325,28,reconcile,m1,1PJJAyxet5ARk1XH3GjK9tVTPH3keFUewkjkfi,treasury,18QrmhtdHAfw8gknT5hxBStfGY63AhuQZCSDcg,100.8723,7.3091,"getbalance del miner stesso subito prima dell'invio, meno sent",,non_disponibile (il treasury e' letto solo a fine run),"il miner paga il treasury: e' la R_k dell'epoca (Cap. 6.4). sent=0 significa nessun invio (saldo sotto la riserva o RPC fallita); epoca registrata dall'harness = 28, epoca di conferma usata qui = 28",108.1814
run4-tbt-3s/continentale,continentale,3,326,327,28,reconcile,m3,1VuBTTQVFkVMQoHen4dKPJgUfqJY1ta899xaf7,treasury,18QrmhtdHAfw8gknT5hxBStfGY63AhuQZCSDcg,9.4594,39.8376,"getbalance del miner stesso subito prima dell'invio, meno sent",,non_disponibile (il treasury e' letto solo a fine run),"il miner paga il treasury: e' la R_k dell'epoca (Cap. 6.4). sent=0 significa nessun invio (saldo sotto la riserva o RPC fallita); epoca registrata dall'harness = 28, epoca di conferma usata qui = 28",49.297
run4-tbt-3s/continentale,continentale,3,326,327,28,reconcile,m2,1VAcJXZ4zmVYXXG3RSh25pvJNoJdBeVy9ChdT6,treasury,18QrmhtdHAfw8gknT5hxBStfGY63AhuQZCSDcg,25.7978,19.1986,"getbalance del miner stesso subito prima dell'invio, meno sent",,non_disponibile (il treasury e' letto solo a fine run),"il miner paga il treasury: e' la R_k dell'epoca (Cap. 6.4). sent=0 significa nessun invio (saldo sotto la riserva o RPC fallita); epoca registrata dall'harness = 28, epoca di conferma usata qui = 28",44.9964
run4-tbt-3s/continentale,continentale,3,337,338,29,reconcile,m3,1VuBTTQVFkVMQoHen4dKPJgUfqJY1ta899xaf7,treasury,18QrmhtdHAfw8gknT5hxBStfGY63AhuQZCSDcg,7.5374,32.1494,"getbalance del miner stesso subito prima dell'invio, meno sent",,non_disponibile (il treasury e' letto solo a fine run),"il miner paga il treasury: e' la R_k dell'epoca (Cap. 6.4). sent=0 significa nessun invio (saldo sotto la riserva o RPC fallita); epoca registrata dall'harness = 29, epoca di conferma usata qui = 29",39.6868
run4-tbt-3s/continentale,continentale,3,337,338,29,reconcile,m2,1VAcJXZ4zmVYXXG3RSh25pvJNoJdBeVy9ChdT6,treasury,18QrmhtdHAfw8gknT5hxBStfGY63AhuQZCSDcg,70.7438,49.1626,"getbalance del miner stesso subito prima dell'invio, meno sent",,non_disponibile (il treasury e' letto solo a fine run),"il miner paga il treasury: e' la R_k dell'epoca (Cap. 6.4). sent=0 significa nessun invio (saldo sotto la riserva o RPC fallita); epoca registrata dall'harness = 29, epoca di conferma usata qui = 29",119.9064
run4-tbt-3s/continentale,continentale,3,337,338,29,reconcile,m1,1PJJAyxet5ARk1XH3GjK9tVTPH3keFUewkjkfi,treasury,18QrmhtdHAfw8gknT5hxBStfGY63AhuQZCSDcg,100.6638,7.2981,"getbalance del miner stesso subito prima dell'invio, meno sent",,non_disponibile (il treasury e' letto solo a fine run),"il miner paga il treasury: e' la R_k dell'epoca (Cap. 6.4). sent=0 significa nessun invio (saldo sotto la riserva o RPC fallita); epoca registrata dall'harness = 29, epoca di conferma usata qui = 29",107.9619
run4-tbt-3s/continentale,continentale,3,348,349,30,reconcile,m3,1VuBTTQVFkVMQoHen4dKPJgUfqJY1ta899xaf7,treasury,18QrmhtdHAfw8gknT5hxBStfGY63AhuQZCSDcg,6.0209,26.0835,"getbalance del miner stesso subito prima dell'invio, meno sent",,non_disponibile (il treasury e' letto solo a fine run),"il miner paga il treasury: e' la R_k dell'epoca (Cap. 6.4). sent=0 significa nessun invio (saldo sotto la riserva o RPC fallita); epoca registrata dall'harness = 30, epoca di conferma usata qui = 30",32.1044
run4-tbt-3s/continentale,continentale,3,348,349,30,reconcile,m2,1VAcJXZ4zmVYXXG3RSh25pvJNoJdBeVy9ChdT6,treasury,18QrmhtdHAfw8gknT5hxBStfGY63AhuQZCSDcg,28.6252,21.0834,"getbalance del miner stesso subito prima dell'invio, meno sent",,non_disponibile (il treasury e' letto solo a fine run),"il miner paga il treasury: e' la R_k dell'epoca (Cap. 6.4). sent=0 significa nessun invio (saldo sotto la riserva o RPC fallita); epoca registrata dall'harness = 30, epoca di conferma usata qui = 30",49.7086
run4-tbt-3s/continentale,continentale,3,348,349,30,reconcile,m1,1PJJAyxet5ARk1XH3GjK9tVTPH3keFUewkjkfi,treasury,18QrmhtdHAfw8gknT5hxBStfGY63AhuQZCSDcg,100.3454,7.2813,"getbalance del miner stesso subito prima dell'invio, meno sent",,non_disponibile (il treasury e' letto solo a fine run),"il miner paga il treasury: e' la R_k dell'epoca (Cap. 6.4). sent=0 significa nessun invio (saldo sotto la riserva o RPC fallita); epoca registrata dall'harness = 30, epoca di conferma usata qui = 30",107.6267
run4-tbt-3s/continentale,continentale,3,361,362,31,reconcile,m3,1VuBTTQVFkVMQoHen4dKPJgUfqJY1ta899xaf7,treasury,18QrmhtdHAfw8gknT5hxBStfGY63AhuQZCSDcg,4.7925,21.1698,"getbalance del miner stesso subito prima dell'invio, meno sent",,non_disponibile (il treasury e' letto solo a fine run),"il miner paga il treasury: e' la R_k dell'epoca (Cap. 6.4). sent=0 significa nessun invio (saldo sotto la riserva o RPC fallita); epoca registrata dall'harness = 31, epoca di conferma usata qui = 31",25.9623
run4-tbt-3s/continentale,continentale,3,361,362,31,reconcile,m2,1VAcJXZ4zmVYXXG3RSh25pvJNoJdBeVy9ChdT6,treasury,18QrmhtdHAfw8gknT5hxBStfGY63AhuQZCSDcg,11.6268,9.7512,"getbalance del miner stesso subito prima dell'invio, meno sent",,non_disponibile (il treasury e' letto solo a fine run),"il miner paga il treasury: e' la R_k dell'epoca (Cap. 6.4). sent=0 significa nessun invio (saldo sotto la riserva o RPC fallita); epoca registrata dall'harness = 31, epoca di conferma usata qui = 31",21.378
run4-tbt-3s/continentale,continentale,3,361,362,31,reconcile,m1,1PJJAyxet5ARk1XH3GjK9tVTPH3keFUewkjkfi,treasury,18QrmhtdHAfw8gknT5hxBStfGY63AhuQZCSDcg,100.7466,7.3025,"getbalance del miner stesso subito prima dell'invio, meno sent",,non_disponibile (il treasury e' letto solo a fine run),"il miner paga il treasury: e' la R_k dell'epoca (Cap. 6.4). sent=0 significa nessun invio (saldo sotto la riserva o RPC fallita); epoca registrata dall'harness = 31, epoca di conferma usata qui = 31",108.0491
run4-tbt-3s/continentale,continentale,3,374,375,32,reconcile,m3,1VuBTTQVFkVMQoHen4dKPJgUfqJY1ta899xaf7,treasury,18QrmhtdHAfw8gknT5hxBStfGY63AhuQZCSDcg,3.8038,17.2152,"getbalance del miner stesso subito prima dell'invio, meno sent",,non_disponibile (il treasury e' letto solo a fine run),"il miner paga il treasury: e' la R_k dell'epoca (Cap. 6.4). sent=0 significa nessun invio (saldo sotto la riserva o RPC fallita); epoca registrata dall'harness = 32, epoca di conferma usata qui = 32",21.019
run4-tbt-3s/continentale,continentale,3,374,375,32,reconcile,m2,1VAcJXZ4zmVYXXG3RSh25pvJNoJdBeVy9ChdT6,treasury,18QrmhtdHAfw8gknT5hxBStfGY63AhuQZCSDcg,64.4644,44.9762,"getbalance del miner stesso subito prima dell'invio, meno sent",,non_disponibile (il treasury e' letto solo a fine run),"il miner paga il treasury: e' la R_k dell'epoca (Cap. 6.4). sent=0 significa nessun invio (saldo sotto la riserva o RPC fallita); epoca registrata dall'harness = 32, epoca di conferma usata qui = 32",109.4406
run4-tbt-3s/continentale,continentale,3,374,375,32,reconcile,m1,1PJJAyxet5ARk1XH3GjK9tVTPH3keFUewkjkfi,treasury,18QrmhtdHAfw8gknT5hxBStfGY63AhuQZCSDcg,101.5196,7.3431,"getbalance del miner stesso subito prima dell'invio, meno sent",,non_disponibile (il treasury e' letto solo a fine run),"il miner paga il treasury: e' la R_k dell'epoca (Cap. 6.4). sent=0 significa nessun invio (saldo sotto la riserva o RPC fallita); epoca registrata dall'harness = 32, epoca di conferma usata qui = 32",108.8627
run4-tbt-3s/continentale,continentale,3,385,386,33,reconcile,m3,1VuBTTQVFkVMQoHen4dKPJgUfqJY1ta899xaf7,treasury,18QrmhtdHAfw8gknT5hxBStfGY63AhuQZCSDcg,23.048,94.1918,"getbalance del miner stesso subito prima dell'invio, meno sent",,non_disponibile (il treasury e' letto solo a fine run),"il miner paga il treasury: e' la R_k dell'epoca (Cap. 6.4). sent=0 significa nessun invio (saldo sotto la riserva o RPC fallita); epoca registrata dall'harness = 33, epoca di conferma usata qui = 33",117.2398
run4-tbt-3s/continentale,continentale,3,385,386,33,reconcile,m2,1VAcJXZ4zmVYXXG3RSh25pvJNoJdBeVy9ChdT6,treasury,18QrmhtdHAfw8gknT5hxBStfGY63AhuQZCSDcg,26.259,19.506,"getbalance del miner stesso subito prima dell'invio, meno sent",,non_disponibile (il treasury e' letto solo a fine run),"il miner paga il treasury: e' la R_k dell'epoca (Cap. 6.4). sent=0 significa nessun invio (saldo sotto la riserva o RPC fallita); epoca registrata dall'harness = 33, epoca di conferma usata qui = 33",45.765
run4-tbt-3s/continentale,continentale,3,385,386,33,reconcile,m1,1PJJAyxet5ARk1XH3GjK9tVTPH3keFUewkjkfi,treasury,18QrmhtdHAfw8gknT5hxBStfGY63AhuQZCSDcg,100.2395,7.2758,"getbalance del miner stesso subito prima dell'invio, meno sent",,non_disponibile (il treasury e' letto solo a fine run),"il miner paga il treasury: e' la R_k dell'epoca (Cap. 6.4). sent=0 significa nessun invio (saldo sotto la riserva o RPC fallita); epoca registrata dall'harness = 33, epoca di conferma usata qui = 33",107.5153
run4-tbt-3s/continentale,continentale,3,396,397,34,reconcile,m3,1VuBTTQVFkVMQoHen4dKPJgUfqJY1ta899xaf7,treasury,18QrmhtdHAfw8gknT5hxBStfGY63AhuQZCSDcg,18.4293,75.7173,"getbalance del miner stesso subito prima dell'invio, meno sent",,non_disponibile (il treasury e' letto solo a fine run),"il miner paga il treasury: e' la R_k dell'epoca (Cap. 6.4). sent=0 significa nessun invio (saldo sotto la riserva o RPC fallita); epoca registrata dall'harness = 34, epoca di conferma usata qui = 34",94.1466
run4-tbt-3s/continentale,continentale,3,396,397,34,reconcile,m2,1VAcJXZ4zmVYXXG3RSh25pvJNoJdBeVy9ChdT6,treasury,18QrmhtdHAfw8gknT5hxBStfGY63AhuQZCSDcg,70.4308,48.9538,"getbalance del miner stesso subito prima dell'invio, meno sent",,non_disponibile (il treasury e' letto solo a fine run),"il miner paga il treasury: e' la R_k dell'epoca (Cap. 6.4). sent=0 significa nessun invio (saldo sotto la riserva o RPC fallita); epoca registrata dall'harness = 34, epoca di conferma usata qui = 34",119.3846
run4-tbt-3s/continentale,continentale,3,396,397,34,reconcile,m1,1PJJAyxet5ARk1XH3GjK9tVTPH3keFUewkjkfi,treasury,18QrmhtdHAfw8gknT5hxBStfGY63AhuQZCSDcg,101.0013,7.3159,"getbalance del miner stesso subito prima dell'invio, meno sent",,non_disponibile (il treasury e' letto solo a fine run),"il miner paga il treasury: e' la R_k dell'epoca (Cap. 6.4). sent=0 significa nessun invio (saldo sotto la riserva o RPC fallita); epoca registrata dall'harness = 34, epoca di conferma usata qui = 34",108.3172
run4-tbt-3s/continentale,continentale,3,410,411,35,reconcile,m3,1VuBTTQVFkVMQoHen4dKPJgUfqJY1ta899xaf7,treasury,18QrmhtdHAfw8gknT5hxBStfGY63AhuQZCSDcg,14.7507,61.0026,"getbalance del miner stesso subito prima dell'invio, meno sent",,non_disponibile (il treasury e' letto solo a fine run),"il miner paga il treasury: e' la R_k dell'epoca (Cap. 6.4). sent=0 significa nessun invio (saldo sotto la riserva o RPC fallita); epoca registrata dall'harness = 35, epoca di conferma usata qui = 35",75.7533
run4-tbt-3s/continentale,continentale,3,410,411,35,reconcile,m2,1VAcJXZ4zmVYXXG3RSh25pvJNoJdBeVy9ChdT6,treasury,18QrmhtdHAfw8gknT5hxBStfGY63AhuQZCSDcg,28.0817,20.7211,"getbalance del miner stesso subito prima dell'invio, meno sent",,non_disponibile (il treasury e' letto solo a fine run),"il miner paga il treasury: e' la R_k dell'epoca (Cap. 6.4). sent=0 significa nessun invio (saldo sotto la riserva o RPC fallita); epoca registrata dall'harness = 35, epoca di conferma usata qui = 35",48.8028
run4-tbt-3s/continentale,continentale,3,410,411,35,reconcile,m1,1PJJAyxet5ARk1XH3GjK9tVTPH3keFUewkjkfi,treasury,18QrmhtdHAfw8gknT5hxBStfGY63AhuQZCSDcg,101.1069,7.3214,"getbalance del miner stesso subito prima dell'invio, meno sent",,non_disponibile (il treasury e' letto solo a fine run),"il miner paga il treasury: e' la R_k dell'epoca (Cap. 6.4). sent=0 significa nessun invio (saldo sotto la riserva o RPC fallita); epoca registrata dall'harness = 35, epoca di conferma usata qui = 35",108.4283
run4-tbt-3s/continentale,continentale,3,422,423,36,reconcile,m3,1VuBTTQVFkVMQoHen4dKPJgUfqJY1ta899xaf7,treasury,18QrmhtdHAfw8gknT5hxBStfGY63AhuQZCSDcg,11.7468,48.987,"getbalance del miner stesso subito prima dell'invio, meno sent",,non_disponibile (il treasury e' letto solo a fine run),"il miner paga il treasury: e' la R_k dell'epoca (Cap. 6.4). sent=0 significa nessun invio (saldo sotto la riserva o RPC fallita); epoca registrata dall'harness = 36, epoca di conferma usata qui = 36",60.7338
run4-tbt-3s/continentale,continentale,3,422,423,36,reconcile,m2,1VAcJXZ4zmVYXXG3RSh25pvJNoJdBeVy9ChdT6,treasury,18QrmhtdHAfw8gknT5hxBStfGY63AhuQZCSDcg,11.4874,9.6583,"getbalance del miner stesso subito prima dell'invio, meno sent",,non_disponibile (il treasury e' letto solo a fine run),"il miner paga il treasury: e' la R_k dell'epoca (Cap. 6.4). sent=0 significa nessun invio (saldo sotto la riserva o RPC fallita); epoca registrata dall'harness = 36, epoca di conferma usata qui = 36",21.1457
run4-tbt-3s/continentale,continentale,3,422,423,36,reconcile,m1,1PJJAyxet5ARk1XH3GjK9tVTPH3keFUewkjkfi,treasury,18QrmhtdHAfw8gknT5hxBStfGY63AhuQZCSDcg,100.7488,7.3026,"getbalance del miner stesso subito prima dell'invio, meno sent",,non_disponibile (il treasury e' letto solo a fine run),"il miner paga il treasury: e' la R_k dell'epoca (Cap. 6.4). sent=0 significa nessun invio (saldo sotto la riserva o RPC fallita); epoca registrata dall'harness = 36, epoca di conferma usata qui = 36",108.0514
run4-tbt-3s/continentale,continentale,3,433,434,37,reconcile,m3,1VuBTTQVFkVMQoHen4dKPJgUfqJY1ta899xaf7,treasury,18QrmhtdHAfw8gknT5hxBStfGY63AhuQZCSDcg,9.4009,39.6035,"getbalance del miner stesso subito prima dell'invio, meno sent",,non_disponibile (il treasury e' letto solo a fine run),"il miner paga il treasury: e' la R_k dell'epoca (Cap. 6.4). sent=0 significa nessun invio (saldo sotto la riserva o RPC fallita); epoca registrata dall'harness = 37, epoca di conferma usata qui = 37",49.0044
run4-tbt-3s/continentale,continentale,3,433,434,37,reconcile,m2,1VAcJXZ4zmVYXXG3RSh25pvJNoJdBeVy9ChdT6,treasury,18QrmhtdHAfw8gknT5hxBStfGY63AhuQZCSDcg,64.4336,44.9557,"getbalance del miner stesso subito prima dell'invio, meno sent",,non_disponibile (il treasury e' letto solo a fine run),"il miner paga il treasury: e' la R_k dell'epoca (Cap. 6.4). sent=0 significa nessun invio (saldo sotto la riserva o RPC fallita); epoca registrata dall'harness = 37, epoca di conferma usata qui = 37",109.3893
run4-tbt-3s/continentale,continentale,3,433,434,37,reconcile,m1,1PJJAyxet5ARk1XH3GjK9tVTPH3keFUewkjkfi,treasury,18QrmhtdHAfw8gknT5hxBStfGY63AhuQZCSDcg,101.1077,7.3215,"getbalance del miner stesso subito prima dell'invio, meno sent",,non_disponibile (il treasury e' letto solo a fine run),"il miner paga il treasury: e' la R_k dell'epoca (Cap. 6.4). sent=0 significa nessun invio (saldo sotto la riserva o RPC fallita); epoca registrata dall'harness = 37, epoca di conferma usata qui = 37",108.4292
run4-tbt-3s/continentale,continentale,3,444,445,38,reconcile,m3,1VuBTTQVFkVMQoHen4dKPJgUfqJY1ta899xaf7,treasury,18QrmhtdHAfw8gknT5hxBStfGY63AhuQZCSDcg,7.5341,32.1362,"getbalance del miner stesso subito prima dell'invio, meno sent",,non_disponibile (il treasury e' letto solo a fine run),"il miner paga il treasury: e' la R_k dell'epoca (Cap. 6.4). sent=0 significa nessun invio (saldo sotto la riserva o RPC fallita); epoca registrata dall'harness = 38, epoca di conferma usata qui = 38",39.6703
run4-tbt-3s/continentale,continentale,3,444,445,38,reconcile,m2,1VAcJXZ4zmVYXXG3RSh25pvJNoJdBeVy9ChdT6,treasury,18QrmhtdHAfw8gknT5hxBStfGY63AhuQZCSDcg,25.6829,19.122,"getbalance del miner stesso subito prima dell'invio, meno sent",,non_disponibile (il treasury e' letto solo a fine run),"il miner paga il treasury: e' la R_k dell'epoca (Cap. 6.4). sent=0 significa nessun invio (saldo sotto la riserva o RPC fallita); epoca registrata dall'harness = 38, epoca di conferma usata qui = 38",44.8049
run4-tbt-3s/continentale,continentale,3,444,445,38,reconcile,m1,1PJJAyxet5ARk1XH3GjK9tVTPH3keFUewkjkfi,treasury,18QrmhtdHAfw8gknT5hxBStfGY63AhuQZCSDcg,100.923,7.3117,"getbalance del miner stesso subito prima dell'invio, meno sent",,non_disponibile (il treasury e' letto solo a fine run),"il miner paga il treasury: e' la R_k dell'epoca (Cap. 6.4). sent=0 significa nessun invio (saldo sotto la riserva o RPC fallita); epoca registrata dall'harness = 38, epoca di conferma usata qui = 38",108.2347
run4-tbt-3s/continentale,continentale,3,456,457,39,reconcile,m3,1VuBTTQVFkVMQoHen4dKPJgUfqJY1ta899xaf7,treasury,18QrmhtdHAfw8gknT5hxBStfGY63AhuQZCSDcg,6.003,26.0118,"getbalance del miner stesso subito prima dell'invio, meno sent",,non_disponibile (il treasury e' letto solo a fine run),"il miner paga il treasury: e' la R_k dell'epoca (Cap. 6.4). sent=0 significa nessun invio (saldo sotto la riserva o RPC fallita); epoca registrata dall'harness = 39, epoca di conferma usata qui = 39",32.0148
run4-tbt-3s/continentale,continentale,3,456,457,39,reconcile,m2,1VAcJXZ4zmVYXXG3RSh25pvJNoJdBeVy9ChdT6,treasury,18QrmhtdHAfw8gknT5hxBStfGY63AhuQZCSDcg,70.7231,49.1487,"getbalance del miner stesso subito prima dell'invio, meno sent",,non_disponibile (il treasury e' letto solo a fine run),"il miner paga il treasury: e' la R_k dell'epoca (Cap. 6.4). sent=0 significa nessun invio (saldo sotto la riserva o RPC fallita); epoca registrata dall'harness = 39, epoca di conferma usata qui = 39",119.8718
run4-tbt-3s/continentale,continentale,3,456,457,39,reconcile,m1,1PJJAyxet5ARk1XH3GjK9tVTPH3keFUewkjkfi,treasury,18QrmhtdHAfw8gknT5hxBStfGY63AhuQZCSDcg,100.3338,7.2807,"getbalance del miner stesso subito prima dell'invio, meno sent",,non_disponibile (il treasury e' letto solo a fine run),"il miner paga il treasury: e' la R_k dell'epoca (Cap. 6.4). sent=0 significa nessun invio (saldo sotto la riserva o RPC fallita); epoca registrata dall'harness = 39, epoca di conferma usata qui = 39",107.6145
run4-tbt-3s/continentale,continentale,3,470,471,40,reconcile,m3,1VuBTTQVFkVMQoHen4dKPJgUfqJY1ta899xaf7,treasury,18QrmhtdHAfw8gknT5hxBStfGY63AhuQZCSDcg,4.7946,21.1782,"getbalance del miner stesso subito prima dell'invio, meno sent",,non_disponibile (il treasury e' letto solo a fine run),"il miner paga il treasury: e' la R_k dell'epoca (Cap. 6.4). sent=0 significa nessun invio (saldo sotto la riserva o RPC fallita); epoca registrata dall'harness = 40, epoca di conferma usata qui = 40",25.9728
run4-tbt-3s/continentale,continentale,3,470,471,40,reconcile,m2,1VAcJXZ4zmVYXXG3RSh25pvJNoJdBeVy9ChdT6,treasury,18QrmhtdHAfw8gknT5hxBStfGY63AhuQZCSDcg,28.4696,20.9797,"getbalance del miner stesso subito prima dell'invio, meno sent",,non_disponibile (il treasury e' letto solo a fine run),"il miner paga il treasury: e' la R_k dell'epoca (Cap. 6.4). sent=0 significa nessun invio (saldo sotto la riserva o RPC fallita); epoca registrata dall'harness = 40, epoca di conferma usata qui = 40",49.4493
run4-tbt-3s/continentale,continentale,3,471,472,40,reconcile,m1,1PJJAyxet5ARk1XH3GjK9tVTPH3keFUewkjkfi,treasury,18QrmhtdHAfw8gknT5hxBStfGY63AhuQZCSDcg,100.8757,7.3092,"getbalance del miner stesso subito prima dell'invio, meno sent",,non_disponibile (il treasury e' letto solo a fine run),"il miner paga il treasury: e' la R_k dell'epoca (Cap. 6.4). sent=0 significa nessun invio (saldo sotto la riserva o RPC fallita); epoca registrata dall'harness = 40, epoca di conferma usata qui = 40",108.1849
run4-tbt-3s/continentale,continentale,3,482,483,41,reconcile,m3,1VuBTTQVFkVMQoHen4dKPJgUfqJY1ta899xaf7,treasury,18QrmhtdHAfw8gknT5hxBStfGY63AhuQZCSDcg,3.9436,17.7746,"getbalance del miner stesso subito prima dell'invio, meno sent",,non_disponibile (il treasury e' letto solo a fine run),"il miner paga il treasury: e' la R_k dell'epoca (Cap. 6.4). sent=0 significa nessun invio (saldo sotto la riserva o RPC fallita); epoca registrata dall'harness = 41, epoca di conferma usata qui = 41",21.7182
run4-tbt-3s/continentale,continentale,3,482,483,41,reconcile,m2,1VAcJXZ4zmVYXXG3RSh25pvJNoJdBeVy9ChdT6,treasury,18QrmhtdHAfw8gknT5hxBStfGY63AhuQZCSDcg,11.2973,9.5316,"getbalance del miner stesso subito prima dell'invio, meno sent",,non_disponibile (il treasury e' letto solo a fine run),"il miner paga il treasury: e' la R_k dell'epoca (Cap. 6.4). sent=0 significa nessun invio (saldo sotto la riserva o RPC fallita); epoca registrata dall'harness = 41, epoca di conferma usata qui = 41",20.8289
run4-tbt-3s/continentale,continentale,3,482,483,41,reconcile,m1,1PJJAyxet5ARk1XH3GjK9tVTPH3keFUewkjkfi,treasury,18QrmhtdHAfw8gknT5hxBStfGY63AhuQZCSDcg,100.4089,7.2847,"getbalance del miner stesso subito prima dell'invio, meno sent",,non_disponibile (il treasury e' letto solo a fine run),"il miner paga il treasury: e' la R_k dell'epoca (Cap. 6.4). sent=0 significa nessun invio (saldo sotto la riserva o RPC fallita); epoca registrata dall'harness = 41, epoca di conferma usata qui = 41",107.6936
run4-tbt-3s/continentale,continentale,3,493,494,42,reconcile,m3,1VuBTTQVFkVMQoHen4dKPJgUfqJY1ta899xaf7,treasury,18QrmhtdHAfw8gknT5hxBStfGY63AhuQZCSDcg,23.1247,94.4989,"getbalance del miner stesso subito prima dell'invio, meno sent",,non_disponibile (il treasury e' letto solo a fine run),"il miner paga il treasury: e' la R_k dell'epoca (Cap. 6.4). sent=0 significa nessun invio (saldo sotto la riserva o RPC fallita); epoca registrata dall'harness = 42, epoca di conferma usata qui = 42",117.6236
run4-tbt-3s/continentale,continentale,3,493,494,42,reconcile,m2,1VAcJXZ4zmVYXXG3RSh25pvJNoJdBeVy9ChdT6,treasury,18QrmhtdHAfw8gknT5hxBStfGY63AhuQZCSDcg,64.7713,45.1809,"getbalance del miner stesso subito prima dell'invio, meno sent",,non_disponibile (il treasury e' letto solo a fine run),"il miner paga il treasury: e' la R_k dell'epoca (Cap. 6.4). sent=0 significa nessun invio (saldo sotto la riserva o RPC fallita); epoca registrata dall'harness = 42, epoca di conferma usata qui = 42",109.9522
run4-tbt-3s/continentale,continentale,3,493,494,42,reconcile,m1,1PJJAyxet5ARk1XH3GjK9tVTPH3keFUewkjkfi,treasury,18QrmhtdHAfw8gknT5hxBStfGY63AhuQZCSDcg,100.5855,7.294,"getbalance del miner stesso subito prima dell'invio, meno sent",,non_disponibile (il treasury e' letto solo a fine run),"il miner paga il treasury: e' la R_k dell'epoca (Cap. 6.4). sent=0 significa nessun invio (saldo sotto la riserva o RPC fallita); epoca registrata dall'harness = 42, epoca di conferma usata qui = 42",107.8795
run4-tbt-3s/continentale,continentale,3,504,505,43,reconcile,m1,1PJJAyxet5ARk1XH3GjK9tVTPH3keFUewkjkfi,treasury,18QrmhtdHAfw8gknT5hxBStfGY63AhuQZCSDcg,100.5413,7.2917,"getbalance del miner stesso subito prima dell'invio, meno sent",,non_disponibile (il treasury e' letto solo a fine run),"il miner paga il treasury: e' la R_k dell'epoca (Cap. 6.4). sent=0 significa nessun invio (saldo sotto la riserva o RPC fallita); epoca registrata dall'harness = 43, epoca di conferma usata qui = 43",107.833
run4-tbt-3s/continentale,continentale,3,506,507,43,reconcile,m3,1VuBTTQVFkVMQoHen4dKPJgUfqJY1ta899xaf7,treasury,18QrmhtdHAfw8gknT5hxBStfGY63AhuQZCSDcg,18.492,75.9681,"getbalance del miner stesso subito prima dell'invio, meno sent",,non_disponibile (il treasury e' letto solo a fine run),"il miner paga il treasury: e' la R_k dell'epoca (Cap. 6.4). sent=0 significa nessun invio (saldo sotto la riserva o RPC fallita); epoca registrata dall'harness = 43, epoca di conferma usata qui = 43",94.4601
run4-tbt-3s/continentale,continentale,3,506,507,43,reconcile,m2,1VAcJXZ4zmVYXXG3RSh25pvJNoJdBeVy9ChdT6,treasury,18QrmhtdHAfw8gknT5hxBStfGY63AhuQZCSDcg,26.2075,19.4716,"getbalance del miner stesso subito prima dell'invio, meno sent",,non_disponibile (il treasury e' letto solo a fine run),"il miner paga il treasury: e' la R_k dell'epoca (Cap. 6.4). sent=0 significa nessun invio (saldo sotto la riserva o RPC fallita); epoca registrata dall'harness = 43, epoca di conferma usata qui = 43",45.6791
run4-tbt-3s/continentale,continentale,3,517,518,44,reconcile,m3,1VuBTTQVFkVMQoHen4dKPJgUfqJY1ta899xaf7,treasury,18QrmhtdHAfw8gknT5hxBStfGY63AhuQZCSDcg,14.9145,61.658,"getbalance del miner stesso subito prima dell'invio, meno sent",,non_disponibile (il treasury e' letto solo a fine run),"il miner paga il treasury: e' la R_k dell'epoca (Cap. 6.4). sent=0 significa nessun invio (saldo sotto la riserva o RPC fallita); epoca registrata dall'harness = 44, epoca di conferma usata qui = 44",76.5725
run4-tbt-3s/continentale,continentale,3,517,518,44,reconcile,m2,1VAcJXZ4zmVYXXG3RSh25pvJNoJdBeVy9ChdT6,treasury,18QrmhtdHAfw8gknT5hxBStfGY63AhuQZCSDcg,70.3924,48.9282,"getbalance del miner stesso subito prima dell'invio, meno sent",,non_disponibile (il treasury e' letto solo a fine run),"il miner paga il treasury: e' la R_k dell'epoca (Cap. 6.4). sent=0 significa nessun invio (saldo sotto la riserva o RPC fallita); epoca registrata dall'harness = 44, epoca di conferma usata qui = 44",119.3206
run4-tbt-3s/continentale,continentale,3,517,518,44,reconcile,m1,1PJJAyxet5ARk1XH3GjK9tVTPH3keFUewkjkfi,treasury,18QrmhtdHAfw8gknT5hxBStfGY63AhuQZCSDcg,100.5874,7.2941,"getbalance del miner stesso subito prima dell'invio, meno sent",,non_disponibile (il treasury e' letto solo a fine run),"il miner paga il treasury: e' la R_k dell'epoca (Cap. 6.4). sent=0 significa nessun invio (saldo sotto la riserva o RPC fallita); epoca registrata dall'harness = 44, epoca di conferma usata qui = 44",107.8815
run4-tbt-3s/continentale,continentale,3,528,529,45,reconcile,m3,1VuBTTQVFkVMQoHen4dKPJgUfqJY1ta899xaf7,treasury,18QrmhtdHAfw8gknT5hxBStfGY63AhuQZCSDcg,11.8778,49.511,"getbalance del miner stesso subito prima dell'invio, meno sent",,non_disponibile (il treasury e' letto solo a fine run),"il miner paga il treasury: e' la R_k dell'epoca (Cap. 6.4). sent=0 significa nessun invio (saldo sotto la riserva o RPC fallita); epoca registrata dall'harness = 45, epoca di conferma usata qui = 45",61.3888
run4-tbt-3s/continentale,continentale,3,528,529,45,reconcile,m2,1VAcJXZ4zmVYXXG3RSh25pvJNoJdBeVy9ChdT6,treasury,18QrmhtdHAfw8gknT5hxBStfGY63AhuQZCSDcg,28.3111,20.8741,"getbalance del miner stesso subito prima dell'invio, meno sent",,non_disponibile (il treasury e' letto solo a fine run),"il miner paga il treasury: e' la R_k dell'epoca (Cap. 6.4). sent=0 significa nessun invio (saldo sotto la riserva o RPC fallita); epoca registrata dall'harness = 45, epoca di conferma usata qui = 45",49.1852
run4-tbt-3s/continentale,continentale,3,528,529,45,reconcile,m1,1PJJAyxet5ARk1XH3GjK9tVTPH3keFUewkjkfi,treasury,18QrmhtdHAfw8gknT5hxBStfGY63AhuQZCSDcg,100.9355,7.3124,"getbalance del miner stesso subito prima dell'invio, meno sent",,non_disponibile (il treasury e' letto solo a fine run),"il miner paga il treasury: e' la R_k dell'epoca (Cap. 6.4). sent=0 significa nessun invio (saldo sotto la riserva o RPC fallita); epoca registrata dall'harness = 45, epoca di conferma usata qui = 45",108.2479
run4-tbt-3s/continentale,continentale,3,540,541,46,reconcile,m2,1VAcJXZ4zmVYXXG3RSh25pvJNoJdBeVy9ChdT6,treasury,18QrmhtdHAfw8gknT5hxBStfGY63AhuQZCSDcg,11.6692,9.7795,"getbalance del miner stesso subito prima dell'invio, meno sent",,non_disponibile (il treasury e' letto solo a fine run),"il miner paga il treasury: e' la R_k dell'epoca (Cap. 6.4). sent=0 significa nessun invio (saldo sotto la riserva o RPC fallita); epoca registrata dall'harness = 46, epoca di conferma usata qui = 46",21.4487
run4-tbt-3s/continentale,continentale,3,542,543,46,reconcile,m3,1VuBTTQVFkVMQoHen4dKPJgUfqJY1ta899xaf7,treasury,18QrmhtdHAfw8gknT5hxBStfGY63AhuQZCSDcg,9.5148,40.059,"getbalance del miner stesso subito prima dell'invio, meno sent",,non_disponibile (il treasury e' letto solo a fine run),"il miner paga il treasury: e' la R_k dell'epoca (Cap. 6.4). sent=0 significa nessun invio (saldo sotto la riserva o RPC fallita); epoca registrata dall'harness = 46, epoca di conferma usata qui = 46",49.5738
run4-tbt-3s/continentale,continentale,3,542,543,46,reconcile,m1,1PJJAyxet5ARk1XH3GjK9tVTPH3keFUewkjkfi,treasury,18QrmhtdHAfw8gknT5hxBStfGY63AhuQZCSDcg,100.1771,7.2725,"getbalance del miner stesso subito prima dell'invio, meno sent",,non_disponibile (il treasury e' letto solo a fine run),"il miner paga il treasury: e' la R_k dell'epoca (Cap. 6.4). sent=0 significa nessun invio (saldo sotto la riserva o RPC fallita); epoca registrata dall'harness = 46, epoca di conferma usata qui = 46",107.4496
run4-tbt-3s/continentale,continentale,3,553,554,47,reconcile,m3,1VuBTTQVFkVMQoHen4dKPJgUfqJY1ta899xaf7,treasury,18QrmhtdHAfw8gknT5hxBStfGY63AhuQZCSDcg,7.5816,32.3264,"getbalance del miner stesso subito prima dell'invio, meno sent",,non_disponibile (il treasury e' letto solo a fine run),"il miner paga il treasury: e' la R_k dell'epoca (Cap. 6.4). sent=0 significa nessun invio (saldo sotto la riserva o RPC fallita); epoca registrata dall'harness = 47, epoca di conferma usata qui = 47",39.908
run4-tbt-3s/continentale,continentale,3,553,554,47,reconcile,m2,1VAcJXZ4zmVYXXG3RSh25pvJNoJdBeVy9ChdT6,treasury,18QrmhtdHAfw8gknT5hxBStfGY63AhuQZCSDcg,64.867,45.2447,"getbalance del miner stesso subito prima dell'invio, meno sent",,non_disponibile (il treasury e' letto solo a fine run),"il miner paga il treasury: e' la R_k dell'epoca (Cap. 6.4). sent=0 significa nessun invio (saldo sotto la riserva o RPC fallita); epoca registrata dall'harness = 47, epoca di conferma usata qui = 47",110.1117
run4-tbt-3s/continentale,continentale,3,553,554,47,reconcile,m1,1PJJAyxet5ARk1XH3GjK9tVTPH3keFUewkjkfi,treasury,18QrmhtdHAfw8gknT5hxBStfGY63AhuQZCSDcg,100.8817,7.3096,"getbalance del miner stesso subito prima dell'invio, meno sent",,non_disponibile (il treasury e' letto solo a fine run),"il miner paga il treasury: e' la R_k dell'epoca (Cap. 6.4). sent=0 significa nessun invio (saldo sotto la riserva o RPC fallita); epoca registrata dall'harness = 47, epoca di conferma usata qui = 47",108.1913
run4-tbt-3s/continentale,continentale,3,564,565,48,reconcile,m3,1VuBTTQVFkVMQoHen4dKPJgUfqJY1ta899xaf7,treasury,18QrmhtdHAfw8gknT5hxBStfGY63AhuQZCSDcg,6.0563,26.2251,"getbalance del miner stesso subito prima dell'invio, meno sent",,non_disponibile (il treasury e' letto solo a fine run),"il miner paga il treasury: e' la R_k dell'epoca (Cap. 6.4). sent=0 significa nessun invio (saldo sotto la riserva o RPC fallita); epoca registrata dall'harness = 48, epoca di conferma usata qui = 48",32.2814
run4-tbt-3s/continentale,continentale,3,564,565,48,reconcile,m2,1VAcJXZ4zmVYXXG3RSh25pvJNoJdBeVy9ChdT6,treasury,18QrmhtdHAfw8gknT5hxBStfGY63AhuQZCSDcg,25.8563,19.2376,"getbalance del miner stesso subito prima dell'invio, meno sent",,non_disponibile (il treasury e' letto solo a fine run),"il miner paga il treasury: e' la R_k dell'epoca (Cap. 6.4). sent=0 significa nessun invio (saldo sotto la riserva o RPC fallita); epoca registrata dall'harness = 48, epoca di conferma usata qui = 48",45.0939
run4-tbt-3s/continentale,continentale,3,564,565,48,reconcile,m1,1PJJAyxet5ARk1XH3GjK9tVTPH3keFUewkjkfi,treasury,18QrmhtdHAfw8gknT5hxBStfGY63AhuQZCSDcg,101.0728,7.3196,"getbalance del miner stesso subito prima dell'invio, meno sent",,non_disponibile (il treasury e' letto solo a fine run),"il miner paga il treasury: e' la R_k dell'epoca (Cap. 6.4). sent=0 significa nessun invio (saldo sotto la riserva o RPC fallita); epoca registrata dall'harness = 48, epoca di conferma usata qui = 48",108.3924
